from_node_id,to_node_id,driving_time_cost,length,time_stamp
0,0,0,0,0
0,1,2,20,0
0,2,6,60,0
0,3,5,50,0
0,4,5,50,0
0,5,6,60,0
0,6,2,20,0
0,7,4,40,0
0,8,5,50,0
0,9,8,80,0
0,10,3,30,0
0,11,7,70,0
0,12,4,40,0
0,13,4,40,0
0,14,0,0,0
1,0,2,20,0
1,1,0,0,0
1,2,4,40,0
1,3,3,30,0
1,4,5,50,0
1,5,5,50,0
1,6,2,20,0
1,7,2,20,0
1,8,3,30,0
1,9,6,60,0
1,10,1,10,0
1,11,5,50,0
1,12,2,20,0
1,13,4,40,0
1,14,2,20,0
2,0,6,60,0
2,1,4,40,0
2,2,0,0,0
2,3,3,30,0
2,4,8,80,0
2,5,2,20,0
2,6,5,50,0
2,7,3,30,0
2,8,2,20,0
2,9,2,20,0
2,10,5,50,0
2,11,1,10,0
2,12,2,20,0
2,13,4,40,0
2,14,6,60,0
3,0,5,50,0
3,1,3,30,0
3,2,3,30,0
3,3,0,0,0
3,4,8,80,0
3,5,5,50,0
3,6,5,50,0
3,7,5,50,0
3,8,5,50,0
3,9,5,50,0
3,10,4,40,0
3,11,3,30,0
3,12,5,50,0
3,13,7,70,0
3,14,5,50,0
4,0,5,50,0
4,1,5,50,0
4,2,5,50,0
4,3,8,80,0
4,4,0,0,0
4,5,3,30,0
4,6,3,30,0
4,7,5,50,0
4,8,5,50,0
4,9,5,50,0
4,10,4,40,0
4,11,4,40,0
4,12,7,70,0
4,13,5,50,0
4,14,5,50,0
5,0,6,60,0
5,1,5,50,0
5,2,2,20,0
5,3,5,50,0
5,4,3,30,0
5,5,0,0,0
5,6,4,40,0
5,7,3,30,0
5,8,2,20,0
5,9,2,20,0
5,10,5,50,0
5,11,1,10,0
5,12,4,40,0
5,13,2,20,0
5,14,6,60,0
6,0,2,20,0
6,1,2,20,0
6,2,5,50,0
6,3,5,50,0
6,4,3,30,0
6,5,4,40,0
6,6,0,0,0
6,7,2,20,0
6,8,3,30,0
6,9,6,60,0
6,10,1,10,0
6,11,5,50,0
6,12,4,40,0
6,13,2,20,0
6,14,2,20,0
7,0,4,40,0
7,1,2,20,0
7,2,3,30,0
7,3,5,50,0
7,4,5,50,0
7,5,3,30,0
7,6,2,20,0
7,7,0,0,0
7,8,1,10,0
7,9,5,50,0
7,10,3,30,0
7,11,4,40,0
7,12,4,40,0
7,13,4,40,0
7,14,4,40,0
8,0,5,50,0
8,1,3,30,0
8,2,2,20,0
8,3,5,50,0
8,4,5,50,0
8,5,2,20,0
8,6,3,30,0
8,7,1,10,0
8,8,0,0,0
8,9,4,40,0
8,10,4,40,0
8,11,3,30,0
8,12,4,40,0
8,13,4,40,0
8,14,5,50,0
9,0,8,80,0
9,1,6,60,0
9,2,2,20,0
9,3,5,50,0
9,4,5,50,0
9,5,2,20,0
9,6,6,60,0
9,7,5,50,0
9,8,4,40,0
9,9,0,0,0
9,10,7,70,0
9,11,3,30,0
9,12,4,40,0
9,13,4,40,0
9,14,8,80,0
10,0,3,30,0
10,1,1,10,0
10,2,5,50,0
10,3,4,40,0
10,4,4,40,0
10,5,5,50,0
10,6,1,10,0
10,7,3,30,0
10,8,4,40,0
10,9,7,70,0
10,10,0,0,0
10,11,6,60,0
10,12,3,30,0
10,13,3,30,0
10,14,3,30,0
11,0,7,70,0
11,1,5,50,0
11,2,1,10,0
11,3,3,30,0
11,4,4,40,0
11,5,1,10,0
11,6,5,50,0
11,7,4,40,0
11,8,3,30,0
11,9,3,30,0
11,10,6,60,0
11,11,0,0,0
11,12,3,30,0
11,13,3,30,0
11,14,7,70,0
12,0,4,40,0
12,1,2,20,0
12,2,2,20,0
12,3,5,50,0
12,4,7,70,0
12,5,4,40,0
12,6,4,40,0
12,7,4,40,0
12,8,4,40,0
12,9,4,40,0
12,10,3,30,0
12,11,3,30,0
12,12,0,0,0
12,13,6,60,0
12,14,4,40,0
13,0,4,40,0
13,1,4,40,0
13,2,4,40,0
13,3,7,70,0
13,4,5,50,0
13,5,2,20,0
13,6,2,20,0
13,7,4,40,0
13,8,4,40,0
13,9,4,40,0
13,10,3,30,0
13,11,3,30,0
13,12,6,60,0
13,13,0,0,0
13,14,4,40,0
14,0,0,0,0
14,1,2,20,0
14,2,6,60,0
14,3,5,50,0
14,4,5,50,0
14,5,6,60,0
14,6,2,20,0
14,7,4,40,0
14,8,5,50,0
14,9,8,80,0
14,10,3,30,0
14,11,7,70,0
14,12,4,40,0
14,13,4,40,0
14,14,0,0,0
0,0,0,0,1
0,1,2,20,1
0,2,6,60,1
0,3,5,50,1
0,4,5,50,1
0,5,6,60,1
0,6,2,20,1
0,7,4,40,1
0,8,5,50,1
0,9,8,80,1
0,10,3,30,1
0,11,7,70,1
0,12,4,40,1
0,13,4,40,1
0,14,0,0,1
1,0,2,20,1
1,1,0,0,1
1,2,4,40,1
1,3,3,30,1
1,4,5,50,1
1,5,5,50,1
1,6,2,20,1
1,7,2,20,1
1,8,3,30,1
1,9,6,60,1
1,10,1,10,1
1,11,5,50,1
1,12,2,20,1
1,13,4,40,1
1,14,2,20,1
2,0,6,60,1
2,1,4,40,1
2,2,0,0,1
2,3,3,30,1
2,4,8,80,1
2,5,2,20,1
2,6,5,50,1
2,7,3,30,1
2,8,2,20,1
2,9,2,20,1
2,10,5,50,1
2,11,1,10,1
2,12,2,20,1
2,13,4,40,1
2,14,6,60,1
3,0,5,50,1
3,1,3,30,1
3,2,3,30,1
3,3,0,0,1
3,4,8,80,1
3,5,5,50,1
3,6,5,50,1
3,7,5,50,1
3,8,5,50,1
3,9,5,50,1
3,10,4,40,1
3,11,3,30,1
3,12,5,50,1
3,13,7,70,1
3,14,5,50,1
4,0,5,50,1
4,1,5,50,1
4,2,5,50,1
4,3,8,80,1
4,4,0,0,1
4,5,3,30,1
4,6,3,30,1
4,7,5,50,1
4,8,5,50,1
4,9,5,50,1
4,10,4,40,1
4,11,4,40,1
4,12,7,70,1
4,13,5,50,1
4,14,5,50,1
5,0,6,60,1
5,1,5,50,1
5,2,2,20,1
5,3,5,50,1
5,4,3,30,1
5,5,0,0,1
5,6,4,40,1
5,7,3,30,1
5,8,2,20,1
5,9,2,20,1
5,10,5,50,1
5,11,1,10,1
5,12,4,40,1
5,13,2,20,1
5,14,6,60,1
6,0,2,20,1
6,1,2,20,1
6,2,5,50,1
6,3,5,50,1
6,4,3,30,1
6,5,4,40,1
6,6,0,0,1
6,7,2,20,1
6,8,3,30,1
6,9,6,60,1
6,10,1,10,1
6,11,5,50,1
6,12,4,40,1
6,13,2,20,1
6,14,2,20,1
7,0,4,40,1
7,1,2,20,1
7,2,3,30,1
7,3,5,50,1
7,4,5,50,1
7,5,3,30,1
7,6,2,20,1
7,7,0,0,1
7,8,1,10,1
7,9,5,50,1
7,10,3,30,1
7,11,4,40,1
7,12,4,40,1
7,13,4,40,1
7,14,4,40,1
8,0,5,50,1
8,1,3,30,1
8,2,2,20,1
8,3,5,50,1
8,4,5,50,1
8,5,2,20,1
8,6,3,30,1
8,7,1,10,1
8,8,0,0,1
8,9,4,40,1
8,10,4,40,1
8,11,3,30,1
8,12,4,40,1
8,13,4,40,1
8,14,5,50,1
9,0,8,80,1
9,1,6,60,1
9,2,2,20,1
9,3,5,50,1
9,4,5,50,1
9,5,2,20,1
9,6,6,60,1
9,7,5,50,1
9,8,4,40,1
9,9,0,0,1
9,10,7,70,1
9,11,3,30,1
9,12,4,40,1
9,13,4,40,1
9,14,8,80,1
10,0,3,30,1
10,1,1,10,1
10,2,5,50,1
10,3,4,40,1
10,4,4,40,1
10,5,5,50,1
10,6,1,10,1
10,7,3,30,1
10,8,4,40,1
10,9,7,70,1
10,10,0,0,1
10,11,6,60,1
10,12,3,30,1
10,13,3,30,1
10,14,3,30,1
11,0,7,70,1
11,1,5,50,1
11,2,1,10,1
11,3,3,30,1
11,4,4,40,1
11,5,1,10,1
11,6,5,50,1
11,7,4,40,1
11,8,3,30,1
11,9,3,30,1
11,10,6,60,1
11,11,0,0,1
11,12,3,30,1
11,13,3,30,1
11,14,7,70,1
12,0,4,40,1
12,1,2,20,1
12,2,2,20,1
12,3,5,50,1
12,4,7,70,1
12,5,4,40,1
12,6,4,40,1
12,7,4,40,1
12,8,4,40,1
12,9,4,40,1
12,10,3,30,1
12,11,3,30,1
12,12,0,0,1
12,13,6,60,1
12,14,4,40,1
13,0,4,40,1
13,1,4,40,1
13,2,4,40,1
13,3,7,70,1
13,4,5,50,1
13,5,2,20,1
13,6,2,20,1
13,7,4,40,1
13,8,4,40,1
13,9,4,40,1
13,10,3,30,1
13,11,3,30,1
13,12,6,60,1
13,13,0,0,1
13,14,4,40,1
14,0,0,0,1
14,1,2,20,1
14,2,6,60,1
14,3,5,50,1
14,4,5,50,1
14,5,6,60,1
14,6,2,20,1
14,7,4,40,1
14,8,5,50,1
14,9,8,80,1
14,10,3,30,1
14,11,7,70,1
14,12,4,40,1
14,13,4,40,1
14,14,0,0,1
0,0,0,0,2
0,1,2,20,2
0,2,6,60,2
0,3,5,50,2
0,4,5,50,2
0,5,6,60,2
0,6,2,20,2
0,7,4,40,2
0,8,5,50,2
0,9,8,80,2
0,10,3,30,2
0,11,7,70,2
0,12,4,40,2
0,13,4,40,2
0,14,0,0,2
1,0,2,20,2
1,1,0,0,2
1,2,4,40,2
1,3,3,30,2
1,4,5,50,2
1,5,5,50,2
1,6,2,20,2
1,7,2,20,2
1,8,3,30,2
1,9,6,60,2
1,10,1,10,2
1,11,5,50,2
1,12,2,20,2
1,13,4,40,2
1,14,2,20,2
2,0,6,60,2
2,1,4,40,2
2,2,0,0,2
2,3,3,30,2
2,4,8,80,2
2,5,2,20,2
2,6,5,50,2
2,7,3,30,2
2,8,2,20,2
2,9,2,20,2
2,10,5,50,2
2,11,1,10,2
2,12,2,20,2
2,13,4,40,2
2,14,6,60,2
3,0,5,50,2
3,1,3,30,2
3,2,3,30,2
3,3,0,0,2
3,4,8,80,2
3,5,5,50,2
3,6,5,50,2
3,7,5,50,2
3,8,5,50,2
3,9,5,50,2
3,10,4,40,2
3,11,3,30,2
3,12,5,50,2
3,13,7,70,2
3,14,5,50,2
4,0,5,50,2
4,1,5,50,2
4,2,5,50,2
4,3,8,80,2
4,4,0,0,2
4,5,3,30,2
4,6,3,30,2
4,7,5,50,2
4,8,5,50,2
4,9,5,50,2
4,10,4,40,2
4,11,4,40,2
4,12,7,70,2
4,13,5,50,2
4,14,5,50,2
5,0,6,60,2
5,1,5,50,2
5,2,2,20,2
5,3,5,50,2
5,4,3,30,2
5,5,0,0,2
5,6,4,40,2
5,7,3,30,2
5,8,2,20,2
5,9,2,20,2
5,10,5,50,2
5,11,1,10,2
5,12,4,40,2
5,13,2,20,2
5,14,6,60,2
6,0,2,20,2
6,1,2,20,2
6,2,5,50,2
6,3,5,50,2
6,4,3,30,2
6,5,4,40,2
6,6,0,0,2
6,7,2,20,2
6,8,3,30,2
6,9,6,60,2
6,10,1,10,2
6,11,5,50,2
6,12,4,40,2
6,13,2,20,2
6,14,2,20,2
7,0,4,40,2
7,1,2,20,2
7,2,3,30,2
7,3,5,50,2
7,4,5,50,2
7,5,3,30,2
7,6,2,20,2
7,7,0,0,2
7,8,1,10,2
7,9,5,50,2
7,10,3,30,2
7,11,4,40,2
7,12,4,40,2
7,13,4,40,2
7,14,4,40,2
8,0,5,50,2
8,1,3,30,2
8,2,2,20,2
8,3,5,50,2
8,4,5,50,2
8,5,2,20,2
8,6,3,30,2
8,7,1,10,2
8,8,0,0,2
8,9,4,40,2
8,10,4,40,2
8,11,3,30,2
8,12,4,40,2
8,13,4,40,2
8,14,5,50,2
9,0,8,80,2
9,1,6,60,2
9,2,2,20,2
9,3,5,50,2
9,4,5,50,2
9,5,2,20,2
9,6,6,60,2
9,7,5,50,2
9,8,4,40,2
9,9,0,0,2
9,10,7,70,2
9,11,3,30,2
9,12,4,40,2
9,13,4,40,2
9,14,8,80,2
10,0,3,30,2
10,1,1,10,2
10,2,5,50,2
10,3,4,40,2
10,4,4,40,2
10,5,5,50,2
10,6,1,10,2
10,7,3,30,2
10,8,4,40,2
10,9,7,70,2
10,10,0,0,2
10,11,6,60,2
10,12,3,30,2
10,13,3,30,2
10,14,3,30,2
11,0,7,70,2
11,1,5,50,2
11,2,1,10,2
11,3,3,30,2
11,4,4,40,2
11,5,1,10,2
11,6,5,50,2
11,7,4,40,2
11,8,3,30,2
11,9,3,30,2
11,10,6,60,2
11,11,0,0,2
11,12,3,30,2
11,13,3,30,2
11,14,7,70,2
12,0,4,40,2
12,1,2,20,2
12,2,2,20,2
12,3,5,50,2
12,4,7,70,2
12,5,4,40,2
12,6,4,40,2
12,7,4,40,2
12,8,4,40,2
12,9,4,40,2
12,10,3,30,2
12,11,3,30,2
12,12,0,0,2
12,13,6,60,2
12,14,4,40,2
13,0,4,40,2
13,1,4,40,2
13,2,4,40,2
13,3,7,70,2
13,4,5,50,2
13,5,2,20,2
13,6,2,20,2
13,7,4,40,2
13,8,4,40,2
13,9,4,40,2
13,10,3,30,2
13,11,3,30,2
13,12,6,60,2
13,13,0,0,2
13,14,4,40,2
14,0,0,0,2
14,1,2,20,2
14,2,6,60,2
14,3,5,50,2
14,4,5,50,2
14,5,6,60,2
14,6,2,20,2
14,7,4,40,2
14,8,5,50,2
14,9,8,80,2
14,10,3,30,2
14,11,7,70,2
14,12,4,40,2
14,13,4,40,2
14,14,0,0,2
0,0,0,0,3
0,1,2,20,3
0,2,6,60,3
0,3,5,50,3
0,4,5,50,3
0,5,6,60,3
0,6,2,20,3
0,7,4,40,3
0,8,5,50,3
0,9,8,80,3
0,10,3,30,3
0,11,7,70,3
0,12,4,40,3
0,13,4,40,3
0,14,0,0,3
1,0,2,20,3
1,1,0,0,3
1,2,4,40,3
1,3,3,30,3
1,4,5,50,3
1,5,5,50,3
1,6,2,20,3
1,7,2,20,3
1,8,3,30,3
1,9,6,60,3
1,10,1,10,3
1,11,5,50,3
1,12,2,20,3
1,13,4,40,3
1,14,2,20,3
2,0,6,60,3
2,1,4,40,3
2,2,0,0,3
2,3,3,30,3
2,4,8,80,3
2,5,2,20,3
2,6,5,50,3
2,7,3,30,3
2,8,2,20,3
2,9,2,20,3
2,10,5,50,3
2,11,1,10,3
2,12,2,20,3
2,13,4,40,3
2,14,6,60,3
3,0,5,50,3
3,1,3,30,3
3,2,3,30,3
3,3,0,0,3
3,4,8,80,3
3,5,5,50,3
3,6,5,50,3
3,7,5,50,3
3,8,5,50,3
3,9,5,50,3
3,10,4,40,3
3,11,3,30,3
3,12,5,50,3
3,13,7,70,3
3,14,5,50,3
4,0,5,50,3
4,1,5,50,3
4,2,5,50,3
4,3,8,80,3
4,4,0,0,3
4,5,3,30,3
4,6,3,30,3
4,7,5,50,3
4,8,5,50,3
4,9,5,50,3
4,10,4,40,3
4,11,4,40,3
4,12,7,70,3
4,13,5,50,3
4,14,5,50,3
5,0,6,60,3
5,1,5,50,3
5,2,2,20,3
5,3,5,50,3
5,4,3,30,3
5,5,0,0,3
5,6,4,40,3
5,7,3,30,3
5,8,2,20,3
5,9,2,20,3
5,10,5,50,3
5,11,1,10,3
5,12,4,40,3
5,13,2,20,3
5,14,6,60,3
6,0,2,20,3
6,1,2,20,3
6,2,5,50,3
6,3,5,50,3
6,4,3,30,3
6,5,4,40,3
6,6,0,0,3
6,7,2,20,3
6,8,3,30,3
6,9,6,60,3
6,10,1,10,3
6,11,5,50,3
6,12,4,40,3
6,13,2,20,3
6,14,2,20,3
7,0,4,40,3
7,1,2,20,3
7,2,3,30,3
7,3,5,50,3
7,4,5,50,3
7,5,3,30,3
7,6,2,20,3
7,7,0,0,3
7,8,1,10,3
7,9,5,50,3
7,10,3,30,3
7,11,4,40,3
7,12,4,40,3
7,13,4,40,3
7,14,4,40,3
8,0,5,50,3
8,1,3,30,3
8,2,2,20,3
8,3,5,50,3
8,4,5,50,3
8,5,2,20,3
8,6,3,30,3
8,7,1,10,3
8,8,0,0,3
8,9,4,40,3
8,10,4,40,3
8,11,3,30,3
8,12,4,40,3
8,13,4,40,3
8,14,5,50,3
9,0,8,80,3
9,1,6,60,3
9,2,2,20,3
9,3,5,50,3
9,4,5,50,3
9,5,2,20,3
9,6,6,60,3
9,7,5,50,3
9,8,4,40,3
9,9,0,0,3
9,10,7,70,3
9,11,3,30,3
9,12,4,40,3
9,13,4,40,3
9,14,8,80,3
10,0,3,30,3
10,1,1,10,3
10,2,5,50,3
10,3,4,40,3
10,4,4,40,3
10,5,5,50,3
10,6,1,10,3
10,7,3,30,3
10,8,4,40,3
10,9,7,70,3
10,10,0,0,3
10,11,6,60,3
10,12,3,30,3
10,13,3,30,3
10,14,3,30,3
11,0,7,70,3
11,1,5,50,3
11,2,1,10,3
11,3,3,30,3
11,4,4,40,3
11,5,1,10,3
11,6,5,50,3
11,7,4,40,3
11,8,3,30,3
11,9,3,30,3
11,10,6,60,3
11,11,0,0,3
11,12,3,30,3
11,13,3,30,3
11,14,7,70,3
12,0,4,40,3
12,1,2,20,3
12,2,2,20,3
12,3,5,50,3
12,4,7,70,3
12,5,4,40,3
12,6,4,40,3
12,7,4,40,3
12,8,4,40,3
12,9,4,40,3
12,10,3,30,3
12,11,3,30,3
12,12,0,0,3
12,13,6,60,3
12,14,4,40,3
13,0,4,40,3
13,1,4,40,3
13,2,4,40,3
13,3,7,70,3
13,4,5,50,3
13,5,2,20,3
13,6,2,20,3
13,7,4,40,3
13,8,4,40,3
13,9,4,40,3
13,10,3,30,3
13,11,3,30,3
13,12,6,60,3
13,13,0,0,3
13,14,4,40,3
14,0,0,0,3
14,1,2,20,3
14,2,6,60,3
14,3,5,50,3
14,4,5,50,3
14,5,6,60,3
14,6,2,20,3
14,7,4,40,3
14,8,5,50,3
14,9,8,80,3
14,10,3,30,3
14,11,7,70,3
14,12,4,40,3
14,13,4,40,3
14,14,0,0,3
0,0,0,0,4
0,1,2,20,4
0,2,6,60,4
0,3,5,50,4
0,4,5,50,4
0,5,6,60,4
0,6,2,20,4
0,7,4,40,4
0,8,5,50,4
0,9,8,80,4
0,10,3,30,4
0,11,7,70,4
0,12,4,40,4
0,13,4,40,4
0,14,0,0,4
1,0,2,20,4
1,1,0,0,4
1,2,4,40,4
1,3,3,30,4
1,4,5,50,4
1,5,5,50,4
1,6,2,20,4
1,7,2,20,4
1,8,3,30,4
1,9,6,60,4
1,10,1,10,4
1,11,5,50,4
1,12,2,20,4
1,13,4,40,4
1,14,2,20,4
2,0,6,60,4
2,1,4,40,4
2,2,0,0,4
2,3,3,30,4
2,4,8,80,4
2,5,2,20,4
2,6,5,50,4
2,7,3,30,4
2,8,2,20,4
2,9,2,20,4
2,10,5,50,4
2,11,1,10,4
2,12,2,20,4
2,13,4,40,4
2,14,6,60,4
3,0,5,50,4
3,1,3,30,4
3,2,3,30,4
3,3,0,0,4
3,4,8,80,4
3,5,5,50,4
3,6,5,50,4
3,7,5,50,4
3,8,5,50,4
3,9,5,50,4
3,10,4,40,4
3,11,3,30,4
3,12,5,50,4
3,13,7,70,4
3,14,5,50,4
4,0,5,50,4
4,1,5,50,4
4,2,5,50,4
4,3,8,80,4
4,4,0,0,4
4,5,3,30,4
4,6,3,30,4
4,7,5,50,4
4,8,5,50,4
4,9,5,50,4
4,10,4,40,4
4,11,4,40,4
4,12,7,70,4
4,13,5,50,4
4,14,5,50,4
5,0,6,60,4
5,1,5,50,4
5,2,2,20,4
5,3,5,50,4
5,4,3,30,4
5,5,0,0,4
5,6,4,40,4
5,7,3,30,4
5,8,2,20,4
5,9,2,20,4
5,10,5,50,4
5,11,1,10,4
5,12,4,40,4
5,13,2,20,4
5,14,6,60,4
6,0,2,20,4
6,1,2,20,4
6,2,5,50,4
6,3,5,50,4
6,4,3,30,4
6,5,4,40,4
6,6,0,0,4
6,7,2,20,4
6,8,3,30,4
6,9,6,60,4
6,10,1,10,4
6,11,5,50,4
6,12,4,40,4
6,13,2,20,4
6,14,2,20,4
7,0,4,40,4
7,1,2,20,4
7,2,3,30,4
7,3,5,50,4
7,4,5,50,4
7,5,3,30,4
7,6,2,20,4
7,7,0,0,4
7,8,1,10,4
7,9,5,50,4
7,10,3,30,4
7,11,4,40,4
7,12,4,40,4
7,13,4,40,4
7,14,4,40,4
8,0,5,50,4
8,1,3,30,4
8,2,2,20,4
8,3,5,50,4
8,4,5,50,4
8,5,2,20,4
8,6,3,30,4
8,7,1,10,4
8,8,0,0,4
8,9,4,40,4
8,10,4,40,4
8,11,3,30,4
8,12,4,40,4
8,13,4,40,4
8,14,5,50,4
9,0,8,80,4
9,1,6,60,4
9,2,2,20,4
9,3,5,50,4
9,4,5,50,4
9,5,2,20,4
9,6,6,60,4
9,7,5,50,4
9,8,4,40,4
9,9,0,0,4
9,10,7,70,4
9,11,3,30,4
9,12,4,40,4
9,13,4,40,4
9,14,8,80,4
10,0,3,30,4
10,1,1,10,4
10,2,5,50,4
10,3,4,40,4
10,4,4,40,4
10,5,5,50,4
10,6,1,10,4
10,7,3,30,4
10,8,4,40,4
10,9,7,70,4
10,10,0,0,4
10,11,6,60,4
10,12,3,30,4
10,13,3,30,4
10,14,3,30,4
11,0,7,70,4
11,1,5,50,4
11,2,1,10,4
11,3,3,30,4
11,4,4,40,4
11,5,1,10,4
11,6,5,50,4
11,7,4,40,4
11,8,3,30,4
11,9,3,30,4
11,10,6,60,4
11,11,0,0,4
11,12,3,30,4
11,13,3,30,4
11,14,7,70,4
12,0,4,40,4
12,1,2,20,4
12,2,2,20,4
12,3,5,50,4
12,4,7,70,4
12,5,4,40,4
12,6,4,40,4
12,7,4,40,4
12,8,4,40,4
12,9,4,40,4
12,10,3,30,4
12,11,3,30,4
12,12,0,0,4
12,13,6,60,4
12,14,4,40,4
13,0,4,40,4
13,1,4,40,4
13,2,4,40,4
13,3,7,70,4
13,4,5,50,4
13,5,2,20,4
13,6,2,20,4
13,7,4,40,4
13,8,4,40,4
13,9,4,40,4
13,10,3,30,4
13,11,3,30,4
13,12,6,60,4
13,13,0,0,4
13,14,4,40,4
14,0,0,0,4
14,1,2,20,4
14,2,6,60,4
14,3,5,50,4
14,4,5,50,4
14,5,6,60,4
14,6,2,20,4
14,7,4,40,4
14,8,5,50,4
14,9,8,80,4
14,10,3,30,4
14,11,7,70,4
14,12,4,40,4
14,13,4,40,4
14,14,0,0,4
0,0,0,0,5
0,1,2,20,5
0,2,6,60,5
0,3,5,50,5
0,4,5,50,5
0,5,6,60,5
0,6,2,20,5
0,7,4,40,5
0,8,5,50,5
0,9,8,80,5
0,10,3,30,5
0,11,7,70,5
0,12,4,40,5
0,13,4,40,5
0,14,0,0,5
1,0,2,20,5
1,1,0,0,5
1,2,4,40,5
1,3,3,30,5
1,4,5,50,5
1,5,5,50,5
1,6,2,20,5
1,7,2,20,5
1,8,3,30,5
1,9,6,60,5
1,10,1,10,5
1,11,5,50,5
1,12,2,20,5
1,13,4,40,5
1,14,2,20,5
2,0,6,60,5
2,1,4,40,5
2,2,0,0,5
2,3,3,30,5
2,4,8,80,5
2,5,2,20,5
2,6,5,50,5
2,7,3,30,5
2,8,2,20,5
2,9,2,20,5
2,10,5,50,5
2,11,1,10,5
2,12,2,20,5
2,13,4,40,5
2,14,6,60,5
3,0,5,50,5
3,1,3,30,5
3,2,3,30,5
3,3,0,0,5
3,4,8,80,5
3,5,5,50,5
3,6,5,50,5
3,7,5,50,5
3,8,5,50,5
3,9,5,50,5
3,10,4,40,5
3,11,3,30,5
3,12,5,50,5
3,13,7,70,5
3,14,5,50,5
4,0,5,50,5
4,1,5,50,5
4,2,5,50,5
4,3,8,80,5
4,4,0,0,5
4,5,3,30,5
4,6,3,30,5
4,7,5,50,5
4,8,5,50,5
4,9,5,50,5
4,10,4,40,5
4,11,4,40,5
4,12,7,70,5
4,13,5,50,5
4,14,5,50,5
5,0,6,60,5
5,1,5,50,5
5,2,2,20,5
5,3,5,50,5
5,4,3,30,5
5,5,0,0,5
5,6,4,40,5
5,7,3,30,5
5,8,2,20,5
5,9,2,20,5
5,10,5,50,5
5,11,1,10,5
5,12,4,40,5
5,13,2,20,5
5,14,6,60,5
6,0,2,20,5
6,1,2,20,5
6,2,5,50,5
6,3,5,50,5
6,4,3,30,5
6,5,4,40,5
6,6,0,0,5
6,7,2,20,5
6,8,3,30,5
6,9,6,60,5
6,10,1,10,5
6,11,5,50,5
6,12,4,40,5
6,13,2,20,5
6,14,2,20,5
7,0,4,40,5
7,1,2,20,5
7,2,3,30,5
7,3,5,50,5
7,4,5,50,5
7,5,3,30,5
7,6,2,20,5
7,7,0,0,5
7,8,1,10,5
7,9,5,50,5
7,10,3,30,5
7,11,4,40,5
7,12,4,40,5
7,13,4,40,5
7,14,4,40,5
8,0,5,50,5
8,1,3,30,5
8,2,2,20,5
8,3,5,50,5
8,4,5,50,5
8,5,2,20,5
8,6,3,30,5
8,7,1,10,5
8,8,0,0,5
8,9,4,40,5
8,10,4,40,5
8,11,3,30,5
8,12,4,40,5
8,13,4,40,5
8,14,5,50,5
9,0,8,80,5
9,1,6,60,5
9,2,2,20,5
9,3,5,50,5
9,4,5,50,5
9,5,2,20,5
9,6,6,60,5
9,7,5,50,5
9,8,4,40,5
9,9,0,0,5
9,10,7,70,5
9,11,3,30,5
9,12,4,40,5
9,13,4,40,5
9,14,8,80,5
10,0,3,30,5
10,1,1,10,5
10,2,5,50,5
10,3,4,40,5
10,4,4,40,5
10,5,5,50,5
10,6,1,10,5
10,7,3,30,5
10,8,4,40,5
10,9,7,70,5
10,10,0,0,5
10,11,6,60,5
10,12,3,30,5
10,13,3,30,5
10,14,3,30,5
11,0,7,70,5
11,1,5,50,5
11,2,1,10,5
11,3,3,30,5
11,4,4,40,5
11,5,1,10,5
11,6,5,50,5
11,7,4,40,5
11,8,3,30,5
11,9,3,30,5
11,10,6,60,5
11,11,0,0,5
11,12,3,30,5
11,13,3,30,5
11,14,7,70,5
12,0,4,40,5
12,1,2,20,5
12,2,2,20,5
12,3,5,50,5
12,4,7,70,5
12,5,4,40,5
12,6,4,40,5
12,7,4,40,5
12,8,4,40,5
12,9,4,40,5
12,10,3,30,5
12,11,3,30,5
12,12,0,0,5
12,13,6,60,5
12,14,4,40,5
13,0,4,40,5
13,1,4,40,5
13,2,4,40,5
13,3,7,70,5
13,4,5,50,5
13,5,2,20,5
13,6,2,20,5
13,7,4,40,5
13,8,4,40,5
13,9,4,40,5
13,10,3,30,5
13,11,3,30,5
13,12,6,60,5
13,13,0,0,5
13,14,4,40,5
14,0,0,0,5
14,1,2,20,5
14,2,6,60,5
14,3,5,50,5
14,4,5,50,5
14,5,6,60,5
14,6,2,20,5
14,7,4,40,5
14,8,5,50,5
14,9,8,80,5
14,10,3,30,5
14,11,7,70,5
14,12,4,40,5
14,13,4,40,5
14,14,0,0,5
0,0,0,0,6
0,1,2,20,6
0,2,6,60,6
0,3,5,50,6
0,4,5,50,6
0,5,6,60,6
0,6,2,20,6
0,7,4,40,6
0,8,5,50,6
0,9,8,80,6
0,10,3,30,6
0,11,7,70,6
0,12,4,40,6
0,13,4,40,6
0,14,0,0,6
1,0,2,20,6
1,1,0,0,6
1,2,4,40,6
1,3,3,30,6
1,4,5,50,6
1,5,5,50,6
1,6,2,20,6
1,7,2,20,6
1,8,3,30,6
1,9,6,60,6
1,10,1,10,6
1,11,5,50,6
1,12,2,20,6
1,13,4,40,6
1,14,2,20,6
2,0,6,60,6
2,1,4,40,6
2,2,0,0,6
2,3,3,30,6
2,4,8,80,6
2,5,2,20,6
2,6,5,50,6
2,7,3,30,6
2,8,2,20,6
2,9,2,20,6
2,10,5,50,6
2,11,1,10,6
2,12,2,20,6
2,13,4,40,6
2,14,6,60,6
3,0,5,50,6
3,1,3,30,6
3,2,3,30,6
3,3,0,0,6
3,4,8,80,6
3,5,5,50,6
3,6,5,50,6
3,7,5,50,6
3,8,5,50,6
3,9,5,50,6
3,10,4,40,6
3,11,3,30,6
3,12,5,50,6
3,13,7,70,6
3,14,5,50,6
4,0,5,50,6
4,1,5,50,6
4,2,5,50,6
4,3,8,80,6
4,4,0,0,6
4,5,3,30,6
4,6,3,30,6
4,7,5,50,6
4,8,5,50,6
4,9,5,50,6
4,10,4,40,6
4,11,4,40,6
4,12,7,70,6
4,13,5,50,6
4,14,5,50,6
5,0,6,60,6
5,1,5,50,6
5,2,2,20,6
5,3,5,50,6
5,4,3,30,6
5,5,0,0,6
5,6,4,40,6
5,7,3,30,6
5,8,2,20,6
5,9,2,20,6
5,10,5,50,6
5,11,1,10,6
5,12,4,40,6
5,13,2,20,6
5,14,6,60,6
6,0,2,20,6
6,1,2,20,6
6,2,5,50,6
6,3,5,50,6
6,4,3,30,6
6,5,4,40,6
6,6,0,0,6
6,7,2,20,6
6,8,3,30,6
6,9,6,60,6
6,10,1,10,6
6,11,5,50,6
6,12,4,40,6
6,13,2,20,6
6,14,2,20,6
7,0,4,40,6
7,1,2,20,6
7,2,3,30,6
7,3,5,50,6
7,4,5,50,6
7,5,3,30,6
7,6,2,20,6
7,7,0,0,6
7,8,1,10,6
7,9,5,50,6
7,10,3,30,6
7,11,4,40,6
7,12,4,40,6
7,13,4,40,6
7,14,4,40,6
8,0,5,50,6
8,1,3,30,6
8,2,2,20,6
8,3,5,50,6
8,4,5,50,6
8,5,2,20,6
8,6,3,30,6
8,7,1,10,6
8,8,0,0,6
8,9,4,40,6
8,10,4,40,6
8,11,3,30,6
8,12,4,40,6
8,13,4,40,6
8,14,5,50,6
9,0,8,80,6
9,1,6,60,6
9,2,2,20,6
9,3,5,50,6
9,4,5,50,6
9,5,2,20,6
9,6,6,60,6
9,7,5,50,6
9,8,4,40,6
9,9,0,0,6
9,10,7,70,6
9,11,3,30,6
9,12,4,40,6
9,13,4,40,6
9,14,8,80,6
10,0,3,30,6
10,1,1,10,6
10,2,5,50,6
10,3,4,40,6
10,4,4,40,6
10,5,5,50,6
10,6,1,10,6
10,7,3,30,6
10,8,4,40,6
10,9,7,70,6
10,10,0,0,6
10,11,6,60,6
10,12,3,30,6
10,13,3,30,6
10,14,3,30,6
11,0,7,70,6
11,1,5,50,6
11,2,1,10,6
11,3,3,30,6
11,4,4,40,6
11,5,1,10,6
11,6,5,50,6
11,7,4,40,6
11,8,3,30,6
11,9,3,30,6
11,10,6,60,6
11,11,0,0,6
11,12,3,30,6
11,13,3,30,6
11,14,7,70,6
12,0,4,40,6
12,1,2,20,6
12,2,2,20,6
12,3,5,50,6
12,4,7,70,6
12,5,4,40,6
12,6,4,40,6
12,7,4,40,6
12,8,4,40,6
12,9,4,40,6
12,10,3,30,6
12,11,3,30,6
12,12,0,0,6
12,13,6,60,6
12,14,4,40,6
13,0,4,40,6
13,1,4,40,6
13,2,4,40,6
13,3,7,70,6
13,4,5,50,6
13,5,2,20,6
13,6,2,20,6
13,7,4,40,6
13,8,4,40,6
13,9,4,40,6
13,10,3,30,6
13,11,3,30,6
13,12,6,60,6
13,13,0,0,6
13,14,4,40,6
14,0,0,0,6
14,1,2,20,6
14,2,6,60,6
14,3,5,50,6
14,4,5,50,6
14,5,6,60,6
14,6,2,20,6
14,7,4,40,6
14,8,5,50,6
14,9,8,80,6
14,10,3,30,6
14,11,7,70,6
14,12,4,40,6
14,13,4,40,6
14,14,0,0,6
0,0,0,0,7
0,1,2,20,7
0,2,6,60,7
0,3,5,50,7
0,4,5,50,7
0,5,6,60,7
0,6,2,20,7
0,7,4,40,7
0,8,5,50,7
0,9,8,80,7
0,10,3,30,7
0,11,7,70,7
0,12,4,40,7
0,13,4,40,7
0,14,0,0,7
1,0,2,20,7
1,1,0,0,7
1,2,4,40,7
1,3,3,30,7
1,4,5,50,7
1,5,5,50,7
1,6,2,20,7
1,7,2,20,7
1,8,3,30,7
1,9,6,60,7
1,10,1,10,7
1,11,5,50,7
1,12,2,20,7
1,13,4,40,7
1,14,2,20,7
2,0,6,60,7
2,1,4,40,7
2,2,0,0,7
2,3,3,30,7
2,4,8,80,7
2,5,2,20,7
2,6,5,50,7
2,7,3,30,7
2,8,2,20,7
2,9,2,20,7
2,10,5,50,7
2,11,1,10,7
2,12,2,20,7
2,13,4,40,7
2,14,6,60,7
3,0,5,50,7
3,1,3,30,7
3,2,3,30,7
3,3,0,0,7
3,4,8,80,7
3,5,5,50,7
3,6,5,50,7
3,7,5,50,7
3,8,5,50,7
3,9,5,50,7
3,10,4,40,7
3,11,3,30,7
3,12,5,50,7
3,13,7,70,7
3,14,5,50,7
4,0,5,50,7
4,1,5,50,7
4,2,5,50,7
4,3,8,80,7
4,4,0,0,7
4,5,3,30,7
4,6,3,30,7
4,7,5,50,7
4,8,5,50,7
4,9,5,50,7
4,10,4,40,7
4,11,4,40,7
4,12,7,70,7
4,13,5,50,7
4,14,5,50,7
5,0,6,60,7
5,1,5,50,7
5,2,2,20,7
5,3,5,50,7
5,4,3,30,7
5,5,0,0,7
5,6,4,40,7
5,7,3,30,7
5,8,2,20,7
5,9,2,20,7
5,10,5,50,7
5,11,1,10,7
5,12,4,40,7
5,13,2,20,7
5,14,6,60,7
6,0,2,20,7
6,1,2,20,7
6,2,5,50,7
6,3,5,50,7
6,4,3,30,7
6,5,4,40,7
6,6,0,0,7
6,7,2,20,7
6,8,3,30,7
6,9,6,60,7
6,10,1,10,7
6,11,5,50,7
6,12,4,40,7
6,13,2,20,7
6,14,2,20,7
7,0,4,40,7
7,1,2,20,7
7,2,3,30,7
7,3,5,50,7
7,4,5,50,7
7,5,3,30,7
7,6,2,20,7
7,7,0,0,7
7,8,1,10,7
7,9,5,50,7
7,10,3,30,7
7,11,4,40,7
7,12,4,40,7
7,13,4,40,7
7,14,4,40,7
8,0,5,50,7
8,1,3,30,7
8,2,2,20,7
8,3,5,50,7
8,4,5,50,7
8,5,2,20,7
8,6,3,30,7
8,7,1,10,7
8,8,0,0,7
8,9,4,40,7
8,10,4,40,7
8,11,3,30,7
8,12,4,40,7
8,13,4,40,7
8,14,5,50,7
9,0,8,80,7
9,1,6,60,7
9,2,2,20,7
9,3,5,50,7
9,4,5,50,7
9,5,2,20,7
9,6,6,60,7
9,7,5,50,7
9,8,4,40,7
9,9,0,0,7
9,10,7,70,7
9,11,3,30,7
9,12,4,40,7
9,13,4,40,7
9,14,8,80,7
10,0,3,30,7
10,1,1,10,7
10,2,5,50,7
10,3,4,40,7
10,4,4,40,7
10,5,5,50,7
10,6,1,10,7
10,7,3,30,7
10,8,4,40,7
10,9,7,70,7
10,10,0,0,7
10,11,6,60,7
10,12,3,30,7
10,13,3,30,7
10,14,3,30,7
11,0,7,70,7
11,1,5,50,7
11,2,1,10,7
11,3,3,30,7
11,4,4,40,7
11,5,1,10,7
11,6,5,50,7
11,7,4,40,7
11,8,3,30,7
11,9,3,30,7
11,10,6,60,7
11,11,0,0,7
11,12,3,30,7
11,13,3,30,7
11,14,7,70,7
12,0,4,40,7
12,1,2,20,7
12,2,2,20,7
12,3,5,50,7
12,4,7,70,7
12,5,4,40,7
12,6,4,40,7
12,7,4,40,7
12,8,4,40,7
12,9,4,40,7
12,10,3,30,7
12,11,3,30,7
12,12,0,0,7
12,13,6,60,7
12,14,4,40,7
13,0,4,40,7
13,1,4,40,7
13,2,4,40,7
13,3,7,70,7
13,4,5,50,7
13,5,2,20,7
13,6,2,20,7
13,7,4,40,7
13,8,4,40,7
13,9,4,40,7
13,10,3,30,7
13,11,3,30,7
13,12,6,60,7
13,13,0,0,7
13,14,4,40,7
14,0,0,0,7
14,1,2,20,7
14,2,6,60,7
14,3,5,50,7
14,4,5,50,7
14,5,6,60,7
14,6,2,20,7
14,7,4,40,7
14,8,5,50,7
14,9,8,80,7
14,10,3,30,7
14,11,7,70,7
14,12,4,40,7
14,13,4,40,7
14,14,0,0,7
0,0,0,0,8
0,1,2,20,8
0,2,6,60,8
0,3,5,50,8
0,4,5,50,8
0,5,6,60,8
0,6,2,20,8
0,7,4,40,8
0,8,5,50,8
0,9,8,80,8
0,10,3,30,8
0,11,7,70,8
0,12,4,40,8
0,13,4,40,8
0,14,0,0,8
1,0,2,20,8
1,1,0,0,8
1,2,4,40,8
1,3,3,30,8
1,4,5,50,8
1,5,5,50,8
1,6,2,20,8
1,7,2,20,8
1,8,3,30,8
1,9,6,60,8
1,10,1,10,8
1,11,5,50,8
1,12,2,20,8
1,13,4,40,8
1,14,2,20,8
2,0,6,60,8
2,1,4,40,8
2,2,0,0,8
2,3,3,30,8
2,4,8,80,8
2,5,2,20,8
2,6,5,50,8
2,7,3,30,8
2,8,2,20,8
2,9,2,20,8
2,10,5,50,8
2,11,1,10,8
2,12,2,20,8
2,13,4,40,8
2,14,6,60,8
3,0,5,50,8
3,1,3,30,8
3,2,3,30,8
3,3,0,0,8
3,4,8,80,8
3,5,5,50,8
3,6,5,50,8
3,7,5,50,8
3,8,5,50,8
3,9,5,50,8
3,10,4,40,8
3,11,3,30,8
3,12,5,50,8
3,13,7,70,8
3,14,5,50,8
4,0,5,50,8
4,1,5,50,8
4,2,5,50,8
4,3,8,80,8
4,4,0,0,8
4,5,3,30,8
4,6,3,30,8
4,7,5,50,8
4,8,5,50,8
4,9,5,50,8
4,10,4,40,8
4,11,4,40,8
4,12,7,70,8
4,13,5,50,8
4,14,5,50,8
5,0,6,60,8
5,1,5,50,8
5,2,2,20,8
5,3,5,50,8
5,4,3,30,8
5,5,0,0,8
5,6,4,40,8
5,7,3,30,8
5,8,2,20,8
5,9,2,20,8
5,10,5,50,8
5,11,1,10,8
5,12,4,40,8
5,13,2,20,8
5,14,6,60,8
6,0,2,20,8
6,1,2,20,8
6,2,5,50,8
6,3,5,50,8
6,4,3,30,8
6,5,4,40,8
6,6,0,0,8
6,7,2,20,8
6,8,3,30,8
6,9,6,60,8
6,10,1,10,8
6,11,5,50,8
6,12,4,40,8
6,13,2,20,8
6,14,2,20,8
7,0,4,40,8
7,1,2,20,8
7,2,3,30,8
7,3,5,50,8
7,4,5,50,8
7,5,3,30,8
7,6,2,20,8
7,7,0,0,8
7,8,1,10,8
7,9,5,50,8
7,10,3,30,8
7,11,4,40,8
7,12,4,40,8
7,13,4,40,8
7,14,4,40,8
8,0,5,50,8
8,1,3,30,8
8,2,2,20,8
8,3,5,50,8
8,4,5,50,8
8,5,2,20,8
8,6,3,30,8
8,7,1,10,8
8,8,0,0,8
8,9,4,40,8
8,10,4,40,8
8,11,3,30,8
8,12,4,40,8
8,13,4,40,8
8,14,5,50,8
9,0,8,80,8
9,1,6,60,8
9,2,2,20,8
9,3,5,50,8
9,4,5,50,8
9,5,2,20,8
9,6,6,60,8
9,7,5,50,8
9,8,4,40,8
9,9,0,0,8
9,10,7,70,8
9,11,3,30,8
9,12,4,40,8
9,13,4,40,8
9,14,8,80,8
10,0,3,30,8
10,1,1,10,8
10,2,5,50,8
10,3,4,40,8
10,4,4,40,8
10,5,5,50,8
10,6,1,10,8
10,7,3,30,8
10,8,4,40,8
10,9,7,70,8
10,10,0,0,8
10,11,6,60,8
10,12,3,30,8
10,13,3,30,8
10,14,3,30,8
11,0,7,70,8
11,1,5,50,8
11,2,1,10,8
11,3,3,30,8
11,4,4,40,8
11,5,1,10,8
11,6,5,50,8
11,7,4,40,8
11,8,3,30,8
11,9,3,30,8
11,10,6,60,8
11,11,0,0,8
11,12,3,30,8
11,13,3,30,8
11,14,7,70,8
12,0,4,40,8
12,1,2,20,8
12,2,2,20,8
12,3,5,50,8
12,4,7,70,8
12,5,4,40,8
12,6,4,40,8
12,7,4,40,8
12,8,4,40,8
12,9,4,40,8
12,10,3,30,8
12,11,3,30,8
12,12,0,0,8
12,13,6,60,8
12,14,4,40,8
13,0,4,40,8
13,1,4,40,8
13,2,4,40,8
13,3,7,70,8
13,4,5,50,8
13,5,2,20,8
13,6,2,20,8
13,7,4,40,8
13,8,4,40,8
13,9,4,40,8
13,10,3,30,8
13,11,3,30,8
13,12,6,60,8
13,13,0,0,8
13,14,4,40,8
14,0,0,0,8
14,1,2,20,8
14,2,6,60,8
14,3,5,50,8
14,4,5,50,8
14,5,6,60,8
14,6,2,20,8
14,7,4,40,8
14,8,5,50,8
14,9,8,80,8
14,10,3,30,8
14,11,7,70,8
14,12,4,40,8
14,13,4,40,8
14,14,0,0,8
0,0,0,0,9
0,1,2,20,9
0,2,6,60,9
0,3,5,50,9
0,4,5,50,9
0,5,6,60,9
0,6,2,20,9
0,7,4,40,9
0,8,5,50,9
0,9,8,80,9
0,10,3,30,9
0,11,7,70,9
0,12,4,40,9
0,13,4,40,9
0,14,0,0,9
1,0,2,20,9
1,1,0,0,9
1,2,4,40,9
1,3,3,30,9
1,4,5,50,9
1,5,5,50,9
1,6,2,20,9
1,7,2,20,9
1,8,3,30,9
1,9,6,60,9
1,10,1,10,9
1,11,5,50,9
1,12,2,20,9
1,13,4,40,9
1,14,2,20,9
2,0,6,60,9
2,1,4,40,9
2,2,0,0,9
2,3,3,30,9
2,4,8,80,9
2,5,2,20,9
2,6,5,50,9
2,7,3,30,9
2,8,2,20,9
2,9,2,20,9
2,10,5,50,9
2,11,1,10,9
2,12,2,20,9
2,13,4,40,9
2,14,6,60,9
3,0,5,50,9
3,1,3,30,9
3,2,3,30,9
3,3,0,0,9
3,4,8,80,9
3,5,5,50,9
3,6,5,50,9
3,7,5,50,9
3,8,5,50,9
3,9,5,50,9
3,10,4,40,9
3,11,3,30,9
3,12,5,50,9
3,13,7,70,9
3,14,5,50,9
4,0,5,50,9
4,1,5,50,9
4,2,5,50,9
4,3,8,80,9
4,4,0,0,9
4,5,3,30,9
4,6,3,30,9
4,7,5,50,9
4,8,5,50,9
4,9,5,50,9
4,10,4,40,9
4,11,4,40,9
4,12,7,70,9
4,13,5,50,9
4,14,5,50,9
5,0,6,60,9
5,1,5,50,9
5,2,2,20,9
5,3,5,50,9
5,4,3,30,9
5,5,0,0,9
5,6,4,40,9
5,7,3,30,9
5,8,2,20,9
5,9,2,20,9
5,10,5,50,9
5,11,1,10,9
5,12,4,40,9
5,13,2,20,9
5,14,6,60,9
6,0,2,20,9
6,1,2,20,9
6,2,5,50,9
6,3,5,50,9
6,4,3,30,9
6,5,4,40,9
6,6,0,0,9
6,7,2,20,9
6,8,3,30,9
6,9,6,60,9
6,10,1,10,9
6,11,5,50,9
6,12,4,40,9
6,13,2,20,9
6,14,2,20,9
7,0,4,40,9
7,1,2,20,9
7,2,3,30,9
7,3,5,50,9
7,4,5,50,9
7,5,3,30,9
7,6,2,20,9
7,7,0,0,9
7,8,1,10,9
7,9,5,50,9
7,10,3,30,9
7,11,4,40,9
7,12,4,40,9
7,13,4,40,9
7,14,4,40,9
8,0,5,50,9
8,1,3,30,9
8,2,2,20,9
8,3,5,50,9
8,4,5,50,9
8,5,2,20,9
8,6,3,30,9
8,7,1,10,9
8,8,0,0,9
8,9,4,40,9
8,10,4,40,9
8,11,3,30,9
8,12,4,40,9
8,13,4,40,9
8,14,5,50,9
9,0,8,80,9
9,1,6,60,9
9,2,2,20,9
9,3,5,50,9
9,4,5,50,9
9,5,2,20,9
9,6,6,60,9
9,7,5,50,9
9,8,4,40,9
9,9,0,0,9
9,10,7,70,9
9,11,3,30,9
9,12,4,40,9
9,13,4,40,9
9,14,8,80,9
10,0,3,30,9
10,1,1,10,9
10,2,5,50,9
10,3,4,40,9
10,4,4,40,9
10,5,5,50,9
10,6,1,10,9
10,7,3,30,9
10,8,4,40,9
10,9,7,70,9
10,10,0,0,9
10,11,6,60,9
10,12,3,30,9
10,13,3,30,9
10,14,3,30,9
11,0,7,70,9
11,1,5,50,9
11,2,1,10,9
11,3,3,30,9
11,4,4,40,9
11,5,1,10,9
11,6,5,50,9
11,7,4,40,9
11,8,3,30,9
11,9,3,30,9
11,10,6,60,9
11,11,0,0,9
11,12,3,30,9
11,13,3,30,9
11,14,7,70,9
12,0,4,40,9
12,1,2,20,9
12,2,2,20,9
12,3,5,50,9
12,4,7,70,9
12,5,4,40,9
12,6,4,40,9
12,7,4,40,9
12,8,4,40,9
12,9,4,40,9
12,10,3,30,9
12,11,3,30,9
12,12,0,0,9
12,13,6,60,9
12,14,4,40,9
13,0,4,40,9
13,1,4,40,9
13,2,4,40,9
13,3,7,70,9
13,4,5,50,9
13,5,2,20,9
13,6,2,20,9
13,7,4,40,9
13,8,4,40,9
13,9,4,40,9
13,10,3,30,9
13,11,3,30,9
13,12,6,60,9
13,13,0,0,9
13,14,4,40,9
14,0,0,0,9
14,1,2,20,9
14,2,6,60,9
14,3,5,50,9
14,4,5,50,9
14,5,6,60,9
14,6,2,20,9
14,7,4,40,9
14,8,5,50,9
14,9,8,80,9
14,10,3,30,9
14,11,7,70,9
14,12,4,40,9
14,13,4,40,9
14,14,0,0,9
0,0,0,0,10
0,1,2,20,10
0,2,6,60,10
0,3,5,50,10
0,4,5,50,10
0,5,6,60,10
0,6,2,20,10
0,7,4,40,10
0,8,5,50,10
0,9,8,80,10
0,10,3,30,10
0,11,7,70,10
0,12,4,40,10
0,13,4,40,10
0,14,0,0,10
1,0,2,20,10
1,1,0,0,10
1,2,4,40,10
1,3,3,30,10
1,4,5,50,10
1,5,5,50,10
1,6,2,20,10
1,7,2,20,10
1,8,3,30,10
1,9,6,60,10
1,10,1,10,10
1,11,5,50,10
1,12,2,20,10
1,13,4,40,10
1,14,2,20,10
2,0,6,60,10
2,1,4,40,10
2,2,0,0,10
2,3,3,30,10
2,4,8,80,10
2,5,2,20,10
2,6,5,50,10
2,7,3,30,10
2,8,2,20,10
2,9,2,20,10
2,10,5,50,10
2,11,1,10,10
2,12,2,20,10
2,13,4,40,10
2,14,6,60,10
3,0,5,50,10
3,1,3,30,10
3,2,3,30,10
3,3,0,0,10
3,4,8,80,10
3,5,5,50,10
3,6,5,50,10
3,7,5,50,10
3,8,5,50,10
3,9,5,50,10
3,10,4,40,10
3,11,3,30,10
3,12,5,50,10
3,13,7,70,10
3,14,5,50,10
4,0,5,50,10
4,1,5,50,10
4,2,5,50,10
4,3,8,80,10
4,4,0,0,10
4,5,3,30,10
4,6,3,30,10
4,7,5,50,10
4,8,5,50,10
4,9,5,50,10
4,10,4,40,10
4,11,4,40,10
4,12,7,70,10
4,13,5,50,10
4,14,5,50,10
5,0,6,60,10
5,1,5,50,10
5,2,2,20,10
5,3,5,50,10
5,4,3,30,10
5,5,0,0,10
5,6,4,40,10
5,7,3,30,10
5,8,2,20,10
5,9,2,20,10
5,10,5,50,10
5,11,1,10,10
5,12,4,40,10
5,13,2,20,10
5,14,6,60,10
6,0,2,20,10
6,1,2,20,10
6,2,5,50,10
6,3,5,50,10
6,4,3,30,10
6,5,4,40,10
6,6,0,0,10
6,7,2,20,10
6,8,3,30,10
6,9,6,60,10
6,10,1,10,10
6,11,5,50,10
6,12,4,40,10
6,13,2,20,10
6,14,2,20,10
7,0,4,40,10
7,1,2,20,10
7,2,3,30,10
7,3,5,50,10
7,4,5,50,10
7,5,3,30,10
7,6,2,20,10
7,7,0,0,10
7,8,1,10,10
7,9,5,50,10
7,10,3,30,10
7,11,4,40,10
7,12,4,40,10
7,13,4,40,10
7,14,4,40,10
8,0,5,50,10
8,1,3,30,10
8,2,2,20,10
8,3,5,50,10
8,4,5,50,10
8,5,2,20,10
8,6,3,30,10
8,7,1,10,10
8,8,0,0,10
8,9,4,40,10
8,10,4,40,10
8,11,3,30,10
8,12,4,40,10
8,13,4,40,10
8,14,5,50,10
9,0,8,80,10
9,1,6,60,10
9,2,2,20,10
9,3,5,50,10
9,4,5,50,10
9,5,2,20,10
9,6,6,60,10
9,7,5,50,10
9,8,4,40,10
9,9,0,0,10
9,10,7,70,10
9,11,3,30,10
9,12,4,40,10
9,13,4,40,10
9,14,8,80,10
10,0,3,30,10
10,1,1,10,10
10,2,5,50,10
10,3,4,40,10
10,4,4,40,10
10,5,5,50,10
10,6,1,10,10
10,7,3,30,10
10,8,4,40,10
10,9,7,70,10
10,10,0,0,10
10,11,6,60,10
10,12,3,30,10
10,13,3,30,10
10,14,3,30,10
11,0,7,70,10
11,1,5,50,10
11,2,1,10,10
11,3,3,30,10
11,4,4,40,10
11,5,1,10,10
11,6,5,50,10
11,7,4,40,10
11,8,3,30,10
11,9,3,30,10
11,10,6,60,10
11,11,0,0,10
11,12,3,30,10
11,13,3,30,10
11,14,7,70,10
12,0,4,40,10
12,1,2,20,10
12,2,2,20,10
12,3,5,50,10
12,4,7,70,10
12,5,4,40,10
12,6,4,40,10
12,7,4,40,10
12,8,4,40,10
12,9,4,40,10
12,10,3,30,10
12,11,3,30,10
12,12,0,0,10
12,13,6,60,10
12,14,4,40,10
13,0,4,40,10
13,1,4,40,10
13,2,4,40,10
13,3,7,70,10
13,4,5,50,10
13,5,2,20,10
13,6,2,20,10
13,7,4,40,10
13,8,4,40,10
13,9,4,40,10
13,10,3,30,10
13,11,3,30,10
13,12,6,60,10
13,13,0,0,10
13,14,4,40,10
14,0,0,0,10
14,1,2,20,10
14,2,6,60,10
14,3,5,50,10
14,4,5,50,10
14,5,6,60,10
14,6,2,20,10
14,7,4,40,10
14,8,5,50,10
14,9,8,80,10
14,10,3,30,10
14,11,7,70,10
14,12,4,40,10
14,13,4,40,10
14,14,0,0,10
0,0,0,0,11
0,1,2,20,11
0,2,6,60,11
0,3,5,50,11
0,4,5,50,11
0,5,6,60,11
0,6,2,20,11
0,7,4,40,11
0,8,5,50,11
0,9,8,80,11
0,10,3,30,11
0,11,7,70,11
0,12,4,40,11
0,13,4,40,11
0,14,0,0,11
1,0,2,20,11
1,1,0,0,11
1,2,4,40,11
1,3,3,30,11
1,4,5,50,11
1,5,5,50,11
1,6,2,20,11
1,7,2,20,11
1,8,3,30,11
1,9,6,60,11
1,10,1,10,11
1,11,5,50,11
1,12,2,20,11
1,13,4,40,11
1,14,2,20,11
2,0,6,60,11
2,1,4,40,11
2,2,0,0,11
2,3,3,30,11
2,4,8,80,11
2,5,2,20,11
2,6,5,50,11
2,7,3,30,11
2,8,2,20,11
2,9,2,20,11
2,10,5,50,11
2,11,1,10,11
2,12,2,20,11
2,13,4,40,11
2,14,6,60,11
3,0,5,50,11
3,1,3,30,11
3,2,3,30,11
3,3,0,0,11
3,4,8,80,11
3,5,5,50,11
3,6,5,50,11
3,7,5,50,11
3,8,5,50,11
3,9,5,50,11
3,10,4,40,11
3,11,3,30,11
3,12,5,50,11
3,13,7,70,11
3,14,5,50,11
4,0,5,50,11
4,1,5,50,11
4,2,5,50,11
4,3,8,80,11
4,4,0,0,11
4,5,3,30,11
4,6,3,30,11
4,7,5,50,11
4,8,5,50,11
4,9,5,50,11
4,10,4,40,11
4,11,4,40,11
4,12,7,70,11
4,13,5,50,11
4,14,5,50,11
5,0,6,60,11
5,1,5,50,11
5,2,2,20,11
5,3,5,50,11
5,4,3,30,11
5,5,0,0,11
5,6,4,40,11
5,7,3,30,11
5,8,2,20,11
5,9,2,20,11
5,10,5,50,11
5,11,1,10,11
5,12,4,40,11
5,13,2,20,11
5,14,6,60,11
6,0,2,20,11
6,1,2,20,11
6,2,5,50,11
6,3,5,50,11
6,4,3,30,11
6,5,4,40,11
6,6,0,0,11
6,7,2,20,11
6,8,3,30,11
6,9,6,60,11
6,10,1,10,11
6,11,5,50,11
6,12,4,40,11
6,13,2,20,11
6,14,2,20,11
7,0,4,40,11
7,1,2,20,11
7,2,3,30,11
7,3,5,50,11
7,4,5,50,11
7,5,3,30,11
7,6,2,20,11
7,7,0,0,11
7,8,1,10,11
7,9,5,50,11
7,10,3,30,11
7,11,4,40,11
7,12,4,40,11
7,13,4,40,11
7,14,4,40,11
8,0,5,50,11
8,1,3,30,11
8,2,2,20,11
8,3,5,50,11
8,4,5,50,11
8,5,2,20,11
8,6,3,30,11
8,7,1,10,11
8,8,0,0,11
8,9,4,40,11
8,10,4,40,11
8,11,3,30,11
8,12,4,40,11
8,13,4,40,11
8,14,5,50,11
9,0,8,80,11
9,1,6,60,11
9,2,2,20,11
9,3,5,50,11
9,4,5,50,11
9,5,2,20,11
9,6,6,60,11
9,7,5,50,11
9,8,4,40,11
9,9,0,0,11
9,10,7,70,11
9,11,3,30,11
9,12,4,40,11
9,13,4,40,11
9,14,8,80,11
10,0,3,30,11
10,1,1,10,11
10,2,5,50,11
10,3,4,40,11
10,4,4,40,11
10,5,5,50,11
10,6,1,10,11
10,7,3,30,11
10,8,4,40,11
10,9,7,70,11
10,10,0,0,11
10,11,6,60,11
10,12,3,30,11
10,13,3,30,11
10,14,3,30,11
11,0,7,70,11
11,1,5,50,11
11,2,1,10,11
11,3,3,30,11
11,4,4,40,11
11,5,1,10,11
11,6,5,50,11
11,7,4,40,11
11,8,3,30,11
11,9,3,30,11
11,10,6,60,11
11,11,0,0,11
11,12,3,30,11
11,13,3,30,11
11,14,7,70,11
12,0,4,40,11
12,1,2,20,11
12,2,2,20,11
12,3,5,50,11
12,4,7,70,11
12,5,4,40,11
12,6,4,40,11
12,7,4,40,11
12,8,4,40,11
12,9,4,40,11
12,10,3,30,11
12,11,3,30,11
12,12,0,0,11
12,13,6,60,11
12,14,4,40,11
13,0,4,40,11
13,1,4,40,11
13,2,4,40,11
13,3,7,70,11
13,4,5,50,11
13,5,2,20,11
13,6,2,20,11
13,7,4,40,11
13,8,4,40,11
13,9,4,40,11
13,10,3,30,11
13,11,3,30,11
13,12,6,60,11
13,13,0,0,11
13,14,4,40,11
14,0,0,0,11
14,1,2,20,11
14,2,6,60,11
14,3,5,50,11
14,4,5,50,11
14,5,6,60,11
14,6,2,20,11
14,7,4,40,11
14,8,5,50,11
14,9,8,80,11
14,10,3,30,11
14,11,7,70,11
14,12,4,40,11
14,13,4,40,11
14,14,0,0,11
0,0,0,0,12
0,1,2,20,12
0,2,6,60,12
0,3,5,50,12
0,4,5,50,12
0,5,6,60,12
0,6,2,20,12
0,7,4,40,12
0,8,5,50,12
0,9,8,80,12
0,10,3,30,12
0,11,7,70,12
0,12,4,40,12
0,13,4,40,12
0,14,0,0,12
1,0,2,20,12
1,1,0,0,12
1,2,4,40,12
1,3,3,30,12
1,4,5,50,12
1,5,5,50,12
1,6,2,20,12
1,7,2,20,12
1,8,3,30,12
1,9,6,60,12
1,10,1,10,12
1,11,5,50,12
1,12,2,20,12
1,13,4,40,12
1,14,2,20,12
2,0,6,60,12
2,1,4,40,12
2,2,0,0,12
2,3,3,30,12
2,4,8,80,12
2,5,2,20,12
2,6,5,50,12
2,7,3,30,12
2,8,2,20,12
2,9,2,20,12
2,10,5,50,12
2,11,1,10,12
2,12,2,20,12
2,13,4,40,12
2,14,6,60,12
3,0,5,50,12
3,1,3,30,12
3,2,3,30,12
3,3,0,0,12
3,4,8,80,12
3,5,5,50,12
3,6,5,50,12
3,7,5,50,12
3,8,5,50,12
3,9,5,50,12
3,10,4,40,12
3,11,3,30,12
3,12,5,50,12
3,13,7,70,12
3,14,5,50,12
4,0,5,50,12
4,1,5,50,12
4,2,5,50,12
4,3,8,80,12
4,4,0,0,12
4,5,3,30,12
4,6,3,30,12
4,7,5,50,12
4,8,5,50,12
4,9,5,50,12
4,10,4,40,12
4,11,4,40,12
4,12,7,70,12
4,13,5,50,12
4,14,5,50,12
5,0,6,60,12
5,1,5,50,12
5,2,2,20,12
5,3,5,50,12
5,4,3,30,12
5,5,0,0,12
5,6,4,40,12
5,7,3,30,12
5,8,2,20,12
5,9,2,20,12
5,10,5,50,12
5,11,1,10,12
5,12,4,40,12
5,13,2,20,12
5,14,6,60,12
6,0,2,20,12
6,1,2,20,12
6,2,5,50,12
6,3,5,50,12
6,4,3,30,12
6,5,4,40,12
6,6,0,0,12
6,7,2,20,12
6,8,3,30,12
6,9,6,60,12
6,10,1,10,12
6,11,5,50,12
6,12,4,40,12
6,13,2,20,12
6,14,2,20,12
7,0,4,40,12
7,1,2,20,12
7,2,3,30,12
7,3,5,50,12
7,4,5,50,12
7,5,3,30,12
7,6,2,20,12
7,7,0,0,12
7,8,1,10,12
7,9,5,50,12
7,10,3,30,12
7,11,4,40,12
7,12,4,40,12
7,13,4,40,12
7,14,4,40,12
8,0,5,50,12
8,1,3,30,12
8,2,2,20,12
8,3,5,50,12
8,4,5,50,12
8,5,2,20,12
8,6,3,30,12
8,7,1,10,12
8,8,0,0,12
8,9,4,40,12
8,10,4,40,12
8,11,3,30,12
8,12,4,40,12
8,13,4,40,12
8,14,5,50,12
9,0,8,80,12
9,1,6,60,12
9,2,2,20,12
9,3,5,50,12
9,4,5,50,12
9,5,2,20,12
9,6,6,60,12
9,7,5,50,12
9,8,4,40,12
9,9,0,0,12
9,10,7,70,12
9,11,3,30,12
9,12,4,40,12
9,13,4,40,12
9,14,8,80,12
10,0,3,30,12
10,1,1,10,12
10,2,5,50,12
10,3,4,40,12
10,4,4,40,12
10,5,5,50,12
10,6,1,10,12
10,7,3,30,12
10,8,4,40,12
10,9,7,70,12
10,10,0,0,12
10,11,6,60,12
10,12,3,30,12
10,13,3,30,12
10,14,3,30,12
11,0,7,70,12
11,1,5,50,12
11,2,1,10,12
11,3,3,30,12
11,4,4,40,12
11,5,1,10,12
11,6,5,50,12
11,7,4,40,12
11,8,3,30,12
11,9,3,30,12
11,10,6,60,12
11,11,0,0,12
11,12,3,30,12
11,13,3,30,12
11,14,7,70,12
12,0,4,40,12
12,1,2,20,12
12,2,2,20,12
12,3,5,50,12
12,4,7,70,12
12,5,4,40,12
12,6,4,40,12
12,7,4,40,12
12,8,4,40,12
12,9,4,40,12
12,10,3,30,12
12,11,3,30,12
12,12,0,0,12
12,13,6,60,12
12,14,4,40,12
13,0,4,40,12
13,1,4,40,12
13,2,4,40,12
13,3,7,70,12
13,4,5,50,12
13,5,2,20,12
13,6,2,20,12
13,7,4,40,12
13,8,4,40,12
13,9,4,40,12
13,10,3,30,12
13,11,3,30,12
13,12,6,60,12
13,13,0,0,12
13,14,4,40,12
14,0,0,0,12
14,1,2,20,12
14,2,6,60,12
14,3,5,50,12
14,4,5,50,12
14,5,6,60,12
14,6,2,20,12
14,7,4,40,12
14,8,5,50,12
14,9,8,80,12
14,10,3,30,12
14,11,7,70,12
14,12,4,40,12
14,13,4,40,12
14,14,0,0,12
0,0,0,0,13
0,1,2,20,13
0,2,6,60,13
0,3,5,50,13
0,4,5,50,13
0,5,6,60,13
0,6,2,20,13
0,7,4,40,13
0,8,5,50,13
0,9,8,80,13
0,10,3,30,13
0,11,7,70,13
0,12,4,40,13
0,13,4,40,13
0,14,0,0,13
1,0,2,20,13
1,1,0,0,13
1,2,4,40,13
1,3,3,30,13
1,4,5,50,13
1,5,5,50,13
1,6,2,20,13
1,7,2,20,13
1,8,3,30,13
1,9,6,60,13
1,10,1,10,13
1,11,5,50,13
1,12,2,20,13
1,13,4,40,13
1,14,2,20,13
2,0,6,60,13
2,1,4,40,13
2,2,0,0,13
2,3,3,30,13
2,4,8,80,13
2,5,2,20,13
2,6,5,50,13
2,7,3,30,13
2,8,2,20,13
2,9,2,20,13
2,10,5,50,13
2,11,1,10,13
2,12,2,20,13
2,13,4,40,13
2,14,6,60,13
3,0,5,50,13
3,1,3,30,13
3,2,3,30,13
3,3,0,0,13
3,4,8,80,13
3,5,5,50,13
3,6,5,50,13
3,7,5,50,13
3,8,5,50,13
3,9,5,50,13
3,10,4,40,13
3,11,3,30,13
3,12,5,50,13
3,13,7,70,13
3,14,5,50,13
4,0,5,50,13
4,1,5,50,13
4,2,5,50,13
4,3,8,80,13
4,4,0,0,13
4,5,3,30,13
4,6,3,30,13
4,7,5,50,13
4,8,5,50,13
4,9,5,50,13
4,10,4,40,13
4,11,4,40,13
4,12,7,70,13
4,13,5,50,13
4,14,5,50,13
5,0,6,60,13
5,1,5,50,13
5,2,2,20,13
5,3,5,50,13
5,4,3,30,13
5,5,0,0,13
5,6,4,40,13
5,7,3,30,13
5,8,2,20,13
5,9,2,20,13
5,10,5,50,13
5,11,1,10,13
5,12,4,40,13
5,13,2,20,13
5,14,6,60,13
6,0,2,20,13
6,1,2,20,13
6,2,5,50,13
6,3,5,50,13
6,4,3,30,13
6,5,4,40,13
6,6,0,0,13
6,7,2,20,13
6,8,3,30,13
6,9,6,60,13
6,10,1,10,13
6,11,5,50,13
6,12,4,40,13
6,13,2,20,13
6,14,2,20,13
7,0,4,40,13
7,1,2,20,13
7,2,3,30,13
7,3,5,50,13
7,4,5,50,13
7,5,3,30,13
7,6,2,20,13
7,7,0,0,13
7,8,1,10,13
7,9,5,50,13
7,10,3,30,13
7,11,4,40,13
7,12,4,40,13
7,13,4,40,13
7,14,4,40,13
8,0,5,50,13
8,1,3,30,13
8,2,2,20,13
8,3,5,50,13
8,4,5,50,13
8,5,2,20,13
8,6,3,30,13
8,7,1,10,13
8,8,0,0,13
8,9,4,40,13
8,10,4,40,13
8,11,3,30,13
8,12,4,40,13
8,13,4,40,13
8,14,5,50,13
9,0,8,80,13
9,1,6,60,13
9,2,2,20,13
9,3,5,50,13
9,4,5,50,13
9,5,2,20,13
9,6,6,60,13
9,7,5,50,13
9,8,4,40,13
9,9,0,0,13
9,10,7,70,13
9,11,3,30,13
9,12,4,40,13
9,13,4,40,13
9,14,8,80,13
10,0,3,30,13
10,1,1,10,13
10,2,5,50,13
10,3,4,40,13
10,4,4,40,13
10,5,5,50,13
10,6,1,10,13
10,7,3,30,13
10,8,4,40,13
10,9,7,70,13
10,10,0,0,13
10,11,6,60,13
10,12,3,30,13
10,13,3,30,13
10,14,3,30,13
11,0,7,70,13
11,1,5,50,13
11,2,1,10,13
11,3,3,30,13
11,4,4,40,13
11,5,1,10,13
11,6,5,50,13
11,7,4,40,13
11,8,3,30,13
11,9,3,30,13
11,10,6,60,13
11,11,0,0,13
11,12,3,30,13
11,13,3,30,13
11,14,7,70,13
12,0,4,40,13
12,1,2,20,13
12,2,2,20,13
12,3,5,50,13
12,4,7,70,13
12,5,4,40,13
12,6,4,40,13
12,7,4,40,13
12,8,4,40,13
12,9,4,40,13
12,10,3,30,13
12,11,3,30,13
12,12,0,0,13
12,13,6,60,13
12,14,4,40,13
13,0,4,40,13
13,1,4,40,13
13,2,4,40,13
13,3,7,70,13
13,4,5,50,13
13,5,2,20,13
13,6,2,20,13
13,7,4,40,13
13,8,4,40,13
13,9,4,40,13
13,10,3,30,13
13,11,3,30,13
13,12,6,60,13
13,13,0,0,13
13,14,4,40,13
14,0,0,0,13
14,1,2,20,13
14,2,6,60,13
14,3,5,50,13
14,4,5,50,13
14,5,6,60,13
14,6,2,20,13
14,7,4,40,13
14,8,5,50,13
14,9,8,80,13
14,10,3,30,13
14,11,7,70,13
14,12,4,40,13
14,13,4,40,13
14,14,0,0,13
0,0,0,0,14
0,1,2,20,14
0,2,6,60,14
0,3,5,50,14
0,4,5,50,14
0,5,6,60,14
0,6,2,20,14
0,7,4,40,14
0,8,5,50,14
0,9,8,80,14
0,10,3,30,14
0,11,7,70,14
0,12,4,40,14
0,13,4,40,14
0,14,0,0,14
1,0,2,20,14
1,1,0,0,14
1,2,4,40,14
1,3,3,30,14
1,4,5,50,14
1,5,5,50,14
1,6,2,20,14
1,7,2,20,14
1,8,3,30,14
1,9,6,60,14
1,10,1,10,14
1,11,5,50,14
1,12,2,20,14
1,13,4,40,14
1,14,2,20,14
2,0,6,60,14
2,1,4,40,14
2,2,0,0,14
2,3,3,30,14
2,4,8,80,14
2,5,2,20,14
2,6,5,50,14
2,7,3,30,14
2,8,2,20,14
2,9,2,20,14
2,10,5,50,14
2,11,1,10,14
2,12,2,20,14
2,13,4,40,14
2,14,6,60,14
3,0,5,50,14
3,1,3,30,14
3,2,3,30,14
3,3,0,0,14
3,4,8,80,14
3,5,5,50,14
3,6,5,50,14
3,7,5,50,14
3,8,5,50,14
3,9,5,50,14
3,10,4,40,14
3,11,3,30,14
3,12,5,50,14
3,13,7,70,14
3,14,5,50,14
4,0,5,50,14
4,1,5,50,14
4,2,5,50,14
4,3,8,80,14
4,4,0,0,14
4,5,3,30,14
4,6,3,30,14
4,7,5,50,14
4,8,5,50,14
4,9,5,50,14
4,10,4,40,14
4,11,4,40,14
4,12,7,70,14
4,13,5,50,14
4,14,5,50,14
5,0,6,60,14
5,1,5,50,14
5,2,2,20,14
5,3,5,50,14
5,4,3,30,14
5,5,0,0,14
5,6,4,40,14
5,7,3,30,14
5,8,2,20,14
5,9,2,20,14
5,10,5,50,14
5,11,1,10,14
5,12,4,40,14
5,13,2,20,14
5,14,6,60,14
6,0,2,20,14
6,1,2,20,14
6,2,5,50,14
6,3,5,50,14
6,4,3,30,14
6,5,4,40,14
6,6,0,0,14
6,7,2,20,14
6,8,3,30,14
6,9,6,60,14
6,10,1,10,14
6,11,5,50,14
6,12,4,40,14
6,13,2,20,14
6,14,2,20,14
7,0,4,40,14
7,1,2,20,14
7,2,3,30,14
7,3,5,50,14
7,4,5,50,14
7,5,3,30,14
7,6,2,20,14
7,7,0,0,14
7,8,1,10,14
7,9,5,50,14
7,10,3,30,14
7,11,4,40,14
7,12,4,40,14
7,13,4,40,14
7,14,4,40,14
8,0,5,50,14
8,1,3,30,14
8,2,2,20,14
8,3,5,50,14
8,4,5,50,14
8,5,2,20,14
8,6,3,30,14
8,7,1,10,14
8,8,0,0,14
8,9,4,40,14
8,10,4,40,14
8,11,3,30,14
8,12,4,40,14
8,13,4,40,14
8,14,5,50,14
9,0,8,80,14
9,1,6,60,14
9,2,2,20,14
9,3,5,50,14
9,4,5,50,14
9,5,2,20,14
9,6,6,60,14
9,7,5,50,14
9,8,4,40,14
9,9,0,0,14
9,10,7,70,14
9,11,3,30,14
9,12,4,40,14
9,13,4,40,14
9,14,8,80,14
10,0,3,30,14
10,1,1,10,14
10,2,5,50,14
10,3,4,40,14
10,4,4,40,14
10,5,5,50,14
10,6,1,10,14
10,7,3,30,14
10,8,4,40,14
10,9,7,70,14
10,10,0,0,14
10,11,6,60,14
10,12,3,30,14
10,13,3,30,14
10,14,3,30,14
11,0,7,70,14
11,1,5,50,14
11,2,1,10,14
11,3,3,30,14
11,4,4,40,14
11,5,1,10,14
11,6,5,50,14
11,7,4,40,14
11,8,3,30,14
11,9,3,30,14
11,10,6,60,14
11,11,0,0,14
11,12,3,30,14
11,13,3,30,14
11,14,7,70,14
12,0,4,40,14
12,1,2,20,14
12,2,2,20,14
12,3,5,50,14
12,4,7,70,14
12,5,4,40,14
12,6,4,40,14
12,7,4,40,14
12,8,4,40,14
12,9,4,40,14
12,10,3,30,14
12,11,3,30,14
12,12,0,0,14
12,13,6,60,14
12,14,4,40,14
13,0,4,40,14
13,1,4,40,14
13,2,4,40,14
13,3,7,70,14
13,4,5,50,14
13,5,2,20,14
13,6,2,20,14
13,7,4,40,14
13,8,4,40,14
13,9,4,40,14
13,10,3,30,14
13,11,3,30,14
13,12,6,60,14
13,13,0,0,14
13,14,4,40,14
14,0,0,0,14
14,1,2,20,14
14,2,6,60,14
14,3,5,50,14
14,4,5,50,14
14,5,6,60,14
14,6,2,20,14
14,7,4,40,14
14,8,5,50,14
14,9,8,80,14
14,10,3,30,14
14,11,7,70,14
14,12,4,40,14
14,13,4,40,14
14,14,0,0,14
0,0,0,0,15
0,1,2,20,15
0,2,6,60,15
0,3,5,50,15
0,4,5,50,15
0,5,6,60,15
0,6,2,20,15
0,7,4,40,15
0,8,5,50,15
0,9,8,80,15
0,10,3,30,15
0,11,7,70,15
0,12,4,40,15
0,13,4,40,15
0,14,0,0,15
1,0,2,20,15
1,1,0,0,15
1,2,4,40,15
1,3,3,30,15
1,4,5,50,15
1,5,5,50,15
1,6,2,20,15
1,7,2,20,15
1,8,3,30,15
1,9,6,60,15
1,10,1,10,15
1,11,5,50,15
1,12,2,20,15
1,13,4,40,15
1,14,2,20,15
2,0,6,60,15
2,1,4,40,15
2,2,0,0,15
2,3,3,30,15
2,4,8,80,15
2,5,2,20,15
2,6,5,50,15
2,7,3,30,15
2,8,2,20,15
2,9,2,20,15
2,10,5,50,15
2,11,1,10,15
2,12,2,20,15
2,13,4,40,15
2,14,6,60,15
3,0,5,50,15
3,1,3,30,15
3,2,3,30,15
3,3,0,0,15
3,4,8,80,15
3,5,5,50,15
3,6,5,50,15
3,7,5,50,15
3,8,5,50,15
3,9,5,50,15
3,10,4,40,15
3,11,3,30,15
3,12,5,50,15
3,13,7,70,15
3,14,5,50,15
4,0,5,50,15
4,1,5,50,15
4,2,5,50,15
4,3,8,80,15
4,4,0,0,15
4,5,3,30,15
4,6,3,30,15
4,7,5,50,15
4,8,5,50,15
4,9,5,50,15
4,10,4,40,15
4,11,4,40,15
4,12,7,70,15
4,13,5,50,15
4,14,5,50,15
5,0,6,60,15
5,1,5,50,15
5,2,2,20,15
5,3,5,50,15
5,4,3,30,15
5,5,0,0,15
5,6,4,40,15
5,7,3,30,15
5,8,2,20,15
5,9,2,20,15
5,10,5,50,15
5,11,1,10,15
5,12,4,40,15
5,13,2,20,15
5,14,6,60,15
6,0,2,20,15
6,1,2,20,15
6,2,5,50,15
6,3,5,50,15
6,4,3,30,15
6,5,4,40,15
6,6,0,0,15
6,7,2,20,15
6,8,3,30,15
6,9,6,60,15
6,10,1,10,15
6,11,5,50,15
6,12,4,40,15
6,13,2,20,15
6,14,2,20,15
7,0,4,40,15
7,1,2,20,15
7,2,3,30,15
7,3,5,50,15
7,4,5,50,15
7,5,3,30,15
7,6,2,20,15
7,7,0,0,15
7,8,1,10,15
7,9,5,50,15
7,10,3,30,15
7,11,4,40,15
7,12,4,40,15
7,13,4,40,15
7,14,4,40,15
8,0,5,50,15
8,1,3,30,15
8,2,2,20,15
8,3,5,50,15
8,4,5,50,15
8,5,2,20,15
8,6,3,30,15
8,7,1,10,15
8,8,0,0,15
8,9,4,40,15
8,10,4,40,15
8,11,3,30,15
8,12,4,40,15
8,13,4,40,15
8,14,5,50,15
9,0,8,80,15
9,1,6,60,15
9,2,2,20,15
9,3,5,50,15
9,4,5,50,15
9,5,2,20,15
9,6,6,60,15
9,7,5,50,15
9,8,4,40,15
9,9,0,0,15
9,10,7,70,15
9,11,3,30,15
9,12,4,40,15
9,13,4,40,15
9,14,8,80,15
10,0,3,30,15
10,1,1,10,15
10,2,5,50,15
10,3,4,40,15
10,4,4,40,15
10,5,5,50,15
10,6,1,10,15
10,7,3,30,15
10,8,4,40,15
10,9,7,70,15
10,10,0,0,15
10,11,6,60,15
10,12,3,30,15
10,13,3,30,15
10,14,3,30,15
11,0,7,70,15
11,1,5,50,15
11,2,1,10,15
11,3,3,30,15
11,4,4,40,15
11,5,1,10,15
11,6,5,50,15
11,7,4,40,15
11,8,3,30,15
11,9,3,30,15
11,10,6,60,15
11,11,0,0,15
11,12,3,30,15
11,13,3,30,15
11,14,7,70,15
12,0,4,40,15
12,1,2,20,15
12,2,2,20,15
12,3,5,50,15
12,4,7,70,15
12,5,4,40,15
12,6,4,40,15
12,7,4,40,15
12,8,4,40,15
12,9,4,40,15
12,10,3,30,15
12,11,3,30,15
12,12,0,0,15
12,13,6,60,15
12,14,4,40,15
13,0,4,40,15
13,1,4,40,15
13,2,4,40,15
13,3,7,70,15
13,4,5,50,15
13,5,2,20,15
13,6,2,20,15
13,7,4,40,15
13,8,4,40,15
13,9,4,40,15
13,10,3,30,15
13,11,3,30,15
13,12,6,60,15
13,13,0,0,15
13,14,4,40,15
14,0,0,0,15
14,1,2,20,15
14,2,6,60,15
14,3,5,50,15
14,4,5,50,15
14,5,6,60,15
14,6,2,20,15
14,7,4,40,15
14,8,5,50,15
14,9,8,80,15
14,10,3,30,15
14,11,7,70,15
14,12,4,40,15
14,13,4,40,15
14,14,0,0,15
0,0,0,0,16
0,1,2,20,16
0,2,6,60,16
0,3,5,50,16
0,4,5,50,16
0,5,6,60,16
0,6,2,20,16
0,7,4,40,16
0,8,5,50,16
0,9,8,80,16
0,10,3,30,16
0,11,7,70,16
0,12,4,40,16
0,13,4,40,16
0,14,0,0,16
1,0,2,20,16
1,1,0,0,16
1,2,4,40,16
1,3,3,30,16
1,4,5,50,16
1,5,5,50,16
1,6,2,20,16
1,7,2,20,16
1,8,3,30,16
1,9,6,60,16
1,10,1,10,16
1,11,5,50,16
1,12,2,20,16
1,13,4,40,16
1,14,2,20,16
2,0,6,60,16
2,1,4,40,16
2,2,0,0,16
2,3,3,30,16
2,4,8,80,16
2,5,2,20,16
2,6,5,50,16
2,7,3,30,16
2,8,2,20,16
2,9,2,20,16
2,10,5,50,16
2,11,1,10,16
2,12,2,20,16
2,13,4,40,16
2,14,6,60,16
3,0,5,50,16
3,1,3,30,16
3,2,3,30,16
3,3,0,0,16
3,4,8,80,16
3,5,5,50,16
3,6,5,50,16
3,7,5,50,16
3,8,5,50,16
3,9,5,50,16
3,10,4,40,16
3,11,3,30,16
3,12,5,50,16
3,13,7,70,16
3,14,5,50,16
4,0,5,50,16
4,1,5,50,16
4,2,5,50,16
4,3,8,80,16
4,4,0,0,16
4,5,3,30,16
4,6,3,30,16
4,7,5,50,16
4,8,5,50,16
4,9,5,50,16
4,10,4,40,16
4,11,4,40,16
4,12,7,70,16
4,13,5,50,16
4,14,5,50,16
5,0,6,60,16
5,1,5,50,16
5,2,2,20,16
5,3,5,50,16
5,4,3,30,16
5,5,0,0,16
5,6,4,40,16
5,7,3,30,16
5,8,2,20,16
5,9,2,20,16
5,10,5,50,16
5,11,1,10,16
5,12,4,40,16
5,13,2,20,16
5,14,6,60,16
6,0,2,20,16
6,1,2,20,16
6,2,5,50,16
6,3,5,50,16
6,4,3,30,16
6,5,4,40,16
6,6,0,0,16
6,7,2,20,16
6,8,3,30,16
6,9,6,60,16
6,10,1,10,16
6,11,5,50,16
6,12,4,40,16
6,13,2,20,16
6,14,2,20,16
7,0,4,40,16
7,1,2,20,16
7,2,3,30,16
7,3,5,50,16
7,4,5,50,16
7,5,3,30,16
7,6,2,20,16
7,7,0,0,16
7,8,1,10,16
7,9,5,50,16
7,10,3,30,16
7,11,4,40,16
7,12,4,40,16
7,13,4,40,16
7,14,4,40,16
8,0,5,50,16
8,1,3,30,16
8,2,2,20,16
8,3,5,50,16
8,4,5,50,16
8,5,2,20,16
8,6,3,30,16
8,7,1,10,16
8,8,0,0,16
8,9,4,40,16
8,10,4,40,16
8,11,3,30,16
8,12,4,40,16
8,13,4,40,16
8,14,5,50,16
9,0,8,80,16
9,1,6,60,16
9,2,2,20,16
9,3,5,50,16
9,4,5,50,16
9,5,2,20,16
9,6,6,60,16
9,7,5,50,16
9,8,4,40,16
9,9,0,0,16
9,10,7,70,16
9,11,3,30,16
9,12,4,40,16
9,13,4,40,16
9,14,8,80,16
10,0,3,30,16
10,1,1,10,16
10,2,5,50,16
10,3,4,40,16
10,4,4,40,16
10,5,5,50,16
10,6,1,10,16
10,7,3,30,16
10,8,4,40,16
10,9,7,70,16
10,10,0,0,16
10,11,6,60,16
10,12,3,30,16
10,13,3,30,16
10,14,3,30,16
11,0,7,70,16
11,1,5,50,16
11,2,1,10,16
11,3,3,30,16
11,4,4,40,16
11,5,1,10,16
11,6,5,50,16
11,7,4,40,16
11,8,3,30,16
11,9,3,30,16
11,10,6,60,16
11,11,0,0,16
11,12,3,30,16
11,13,3,30,16
11,14,7,70,16
12,0,4,40,16
12,1,2,20,16
12,2,2,20,16
12,3,5,50,16
12,4,7,70,16
12,5,4,40,16
12,6,4,40,16
12,7,4,40,16
12,8,4,40,16
12,9,4,40,16
12,10,3,30,16
12,11,3,30,16
12,12,0,0,16
12,13,6,60,16
12,14,4,40,16
13,0,4,40,16
13,1,4,40,16
13,2,4,40,16
13,3,7,70,16
13,4,5,50,16
13,5,2,20,16
13,6,2,20,16
13,7,4,40,16
13,8,4,40,16
13,9,4,40,16
13,10,3,30,16
13,11,3,30,16
13,12,6,60,16
13,13,0,0,16
13,14,4,40,16
14,0,0,0,16
14,1,2,20,16
14,2,6,60,16
14,3,5,50,16
14,4,5,50,16
14,5,6,60,16
14,6,2,20,16
14,7,4,40,16
14,8,5,50,16
14,9,8,80,16
14,10,3,30,16
14,11,7,70,16
14,12,4,40,16
14,13,4,40,16
14,14,0,0,16
0,0,0,0,17
0,1,2,20,17
0,2,6,60,17
0,3,5,50,17
0,4,5,50,17
0,5,6,60,17
0,6,2,20,17
0,7,4,40,17
0,8,5,50,17
0,9,8,80,17
0,10,3,30,17
0,11,7,70,17
0,12,4,40,17
0,13,4,40,17
0,14,0,0,17
1,0,2,20,17
1,1,0,0,17
1,2,4,40,17
1,3,3,30,17
1,4,5,50,17
1,5,5,50,17
1,6,2,20,17
1,7,2,20,17
1,8,3,30,17
1,9,6,60,17
1,10,1,10,17
1,11,5,50,17
1,12,2,20,17
1,13,4,40,17
1,14,2,20,17
2,0,6,60,17
2,1,4,40,17
2,2,0,0,17
2,3,3,30,17
2,4,8,80,17
2,5,2,20,17
2,6,5,50,17
2,7,3,30,17
2,8,2,20,17
2,9,2,20,17
2,10,5,50,17
2,11,1,10,17
2,12,2,20,17
2,13,4,40,17
2,14,6,60,17
3,0,5,50,17
3,1,3,30,17
3,2,3,30,17
3,3,0,0,17
3,4,8,80,17
3,5,5,50,17
3,6,5,50,17
3,7,5,50,17
3,8,5,50,17
3,9,5,50,17
3,10,4,40,17
3,11,3,30,17
3,12,5,50,17
3,13,7,70,17
3,14,5,50,17
4,0,5,50,17
4,1,5,50,17
4,2,5,50,17
4,3,8,80,17
4,4,0,0,17
4,5,3,30,17
4,6,3,30,17
4,7,5,50,17
4,8,5,50,17
4,9,5,50,17
4,10,4,40,17
4,11,4,40,17
4,12,7,70,17
4,13,5,50,17
4,14,5,50,17
5,0,6,60,17
5,1,5,50,17
5,2,2,20,17
5,3,5,50,17
5,4,3,30,17
5,5,0,0,17
5,6,4,40,17
5,7,3,30,17
5,8,2,20,17
5,9,2,20,17
5,10,5,50,17
5,11,1,10,17
5,12,4,40,17
5,13,2,20,17
5,14,6,60,17
6,0,2,20,17
6,1,2,20,17
6,2,5,50,17
6,3,5,50,17
6,4,3,30,17
6,5,4,40,17
6,6,0,0,17
6,7,2,20,17
6,8,3,30,17
6,9,6,60,17
6,10,1,10,17
6,11,5,50,17
6,12,4,40,17
6,13,2,20,17
6,14,2,20,17
7,0,4,40,17
7,1,2,20,17
7,2,3,30,17
7,3,5,50,17
7,4,5,50,17
7,5,3,30,17
7,6,2,20,17
7,7,0,0,17
7,8,1,10,17
7,9,5,50,17
7,10,3,30,17
7,11,4,40,17
7,12,4,40,17
7,13,4,40,17
7,14,4,40,17
8,0,5,50,17
8,1,3,30,17
8,2,2,20,17
8,3,5,50,17
8,4,5,50,17
8,5,2,20,17
8,6,3,30,17
8,7,1,10,17
8,8,0,0,17
8,9,4,40,17
8,10,4,40,17
8,11,3,30,17
8,12,4,40,17
8,13,4,40,17
8,14,5,50,17
9,0,8,80,17
9,1,6,60,17
9,2,2,20,17
9,3,5,50,17
9,4,5,50,17
9,5,2,20,17
9,6,6,60,17
9,7,5,50,17
9,8,4,40,17
9,9,0,0,17
9,10,7,70,17
9,11,3,30,17
9,12,4,40,17
9,13,4,40,17
9,14,8,80,17
10,0,3,30,17
10,1,1,10,17
10,2,5,50,17
10,3,4,40,17
10,4,4,40,17
10,5,5,50,17
10,6,1,10,17
10,7,3,30,17
10,8,4,40,17
10,9,7,70,17
10,10,0,0,17
10,11,6,60,17
10,12,3,30,17
10,13,3,30,17
10,14,3,30,17
11,0,7,70,17
11,1,5,50,17
11,2,1,10,17
11,3,3,30,17
11,4,4,40,17
11,5,1,10,17
11,6,5,50,17
11,7,4,40,17
11,8,3,30,17
11,9,3,30,17
11,10,6,60,17
11,11,0,0,17
11,12,3,30,17
11,13,3,30,17
11,14,7,70,17
12,0,4,40,17
12,1,2,20,17
12,2,2,20,17
12,3,5,50,17
12,4,7,70,17
12,5,4,40,17
12,6,4,40,17
12,7,4,40,17
12,8,4,40,17
12,9,4,40,17
12,10,3,30,17
12,11,3,30,17
12,12,0,0,17
12,13,6,60,17
12,14,4,40,17
13,0,4,40,17
13,1,4,40,17
13,2,4,40,17
13,3,7,70,17
13,4,5,50,17
13,5,2,20,17
13,6,2,20,17
13,7,4,40,17
13,8,4,40,17
13,9,4,40,17
13,10,3,30,17
13,11,3,30,17
13,12,6,60,17
13,13,0,0,17
13,14,4,40,17
14,0,0,0,17
14,1,2,20,17
14,2,6,60,17
14,3,5,50,17
14,4,5,50,17
14,5,6,60,17
14,6,2,20,17
14,7,4,40,17
14,8,5,50,17
14,9,8,80,17
14,10,3,30,17
14,11,7,70,17
14,12,4,40,17
14,13,4,40,17
14,14,0,0,17
0,0,0,0,18
0,1,2,20,18
0,2,6,60,18
0,3,5,50,18
0,4,5,50,18
0,5,6,60,18
0,6,2,20,18
0,7,4,40,18
0,8,5,50,18
0,9,8,80,18
0,10,3,30,18
0,11,7,70,18
0,12,4,40,18
0,13,4,40,18
0,14,0,0,18
1,0,2,20,18
1,1,0,0,18
1,2,4,40,18
1,3,3,30,18
1,4,5,50,18
1,5,5,50,18
1,6,2,20,18
1,7,2,20,18
1,8,3,30,18
1,9,6,60,18
1,10,1,10,18
1,11,5,50,18
1,12,2,20,18
1,13,4,40,18
1,14,2,20,18
2,0,6,60,18
2,1,4,40,18
2,2,0,0,18
2,3,3,30,18
2,4,8,80,18
2,5,2,20,18
2,6,5,50,18
2,7,3,30,18
2,8,2,20,18
2,9,2,20,18
2,10,5,50,18
2,11,1,10,18
2,12,2,20,18
2,13,4,40,18
2,14,6,60,18
3,0,5,50,18
3,1,3,30,18
3,2,3,30,18
3,3,0,0,18
3,4,8,80,18
3,5,5,50,18
3,6,5,50,18
3,7,5,50,18
3,8,5,50,18
3,9,5,50,18
3,10,4,40,18
3,11,3,30,18
3,12,5,50,18
3,13,7,70,18
3,14,5,50,18
4,0,5,50,18
4,1,5,50,18
4,2,5,50,18
4,3,8,80,18
4,4,0,0,18
4,5,3,30,18
4,6,3,30,18
4,7,5,50,18
4,8,5,50,18
4,9,5,50,18
4,10,4,40,18
4,11,4,40,18
4,12,7,70,18
4,13,5,50,18
4,14,5,50,18
5,0,6,60,18
5,1,5,50,18
5,2,2,20,18
5,3,5,50,18
5,4,3,30,18
5,5,0,0,18
5,6,4,40,18
5,7,3,30,18
5,8,2,20,18
5,9,2,20,18
5,10,5,50,18
5,11,1,10,18
5,12,4,40,18
5,13,2,20,18
5,14,6,60,18
6,0,2,20,18
6,1,2,20,18
6,2,5,50,18
6,3,5,50,18
6,4,3,30,18
6,5,4,40,18
6,6,0,0,18
6,7,2,20,18
6,8,3,30,18
6,9,6,60,18
6,10,1,10,18
6,11,5,50,18
6,12,4,40,18
6,13,2,20,18
6,14,2,20,18
7,0,4,40,18
7,1,2,20,18
7,2,3,30,18
7,3,5,50,18
7,4,5,50,18
7,5,3,30,18
7,6,2,20,18
7,7,0,0,18
7,8,1,10,18
7,9,5,50,18
7,10,3,30,18
7,11,4,40,18
7,12,4,40,18
7,13,4,40,18
7,14,4,40,18
8,0,5,50,18
8,1,3,30,18
8,2,2,20,18
8,3,5,50,18
8,4,5,50,18
8,5,2,20,18
8,6,3,30,18
8,7,1,10,18
8,8,0,0,18
8,9,4,40,18
8,10,4,40,18
8,11,3,30,18
8,12,4,40,18
8,13,4,40,18
8,14,5,50,18
9,0,8,80,18
9,1,6,60,18
9,2,2,20,18
9,3,5,50,18
9,4,5,50,18
9,5,2,20,18
9,6,6,60,18
9,7,5,50,18
9,8,4,40,18
9,9,0,0,18
9,10,7,70,18
9,11,3,30,18
9,12,4,40,18
9,13,4,40,18
9,14,8,80,18
10,0,3,30,18
10,1,1,10,18
10,2,5,50,18
10,3,4,40,18
10,4,4,40,18
10,5,5,50,18
10,6,1,10,18
10,7,3,30,18
10,8,4,40,18
10,9,7,70,18
10,10,0,0,18
10,11,6,60,18
10,12,3,30,18
10,13,3,30,18
10,14,3,30,18
11,0,7,70,18
11,1,5,50,18
11,2,1,10,18
11,3,3,30,18
11,4,4,40,18
11,5,1,10,18
11,6,5,50,18
11,7,4,40,18
11,8,3,30,18
11,9,3,30,18
11,10,6,60,18
11,11,0,0,18
11,12,3,30,18
11,13,3,30,18
11,14,7,70,18
12,0,4,40,18
12,1,2,20,18
12,2,2,20,18
12,3,5,50,18
12,4,7,70,18
12,5,4,40,18
12,6,4,40,18
12,7,4,40,18
12,8,4,40,18
12,9,4,40,18
12,10,3,30,18
12,11,3,30,18
12,12,0,0,18
12,13,6,60,18
12,14,4,40,18
13,0,4,40,18
13,1,4,40,18
13,2,4,40,18
13,3,7,70,18
13,4,5,50,18
13,5,2,20,18
13,6,2,20,18
13,7,4,40,18
13,8,4,40,18
13,9,4,40,18
13,10,3,30,18
13,11,3,30,18
13,12,6,60,18
13,13,0,0,18
13,14,4,40,18
14,0,0,0,18
14,1,2,20,18
14,2,6,60,18
14,3,5,50,18
14,4,5,50,18
14,5,6,60,18
14,6,2,20,18
14,7,4,40,18
14,8,5,50,18
14,9,8,80,18
14,10,3,30,18
14,11,7,70,18
14,12,4,40,18
14,13,4,40,18
14,14,0,0,18
0,0,0,0,19
0,1,2,20,19
0,2,6,60,19
0,3,5,50,19
0,4,5,50,19
0,5,6,60,19
0,6,2,20,19
0,7,4,40,19
0,8,5,50,19
0,9,8,80,19
0,10,3,30,19
0,11,7,70,19
0,12,4,40,19
0,13,4,40,19
0,14,0,0,19
1,0,2,20,19
1,1,0,0,19
1,2,4,40,19
1,3,3,30,19
1,4,5,50,19
1,5,5,50,19
1,6,2,20,19
1,7,2,20,19
1,8,3,30,19
1,9,6,60,19
1,10,1,10,19
1,11,5,50,19
1,12,2,20,19
1,13,4,40,19
1,14,2,20,19
2,0,6,60,19
2,1,4,40,19
2,2,0,0,19
2,3,3,30,19
2,4,8,80,19
2,5,2,20,19
2,6,5,50,19
2,7,3,30,19
2,8,2,20,19
2,9,2,20,19
2,10,5,50,19
2,11,1,10,19
2,12,2,20,19
2,13,4,40,19
2,14,6,60,19
3,0,5,50,19
3,1,3,30,19
3,2,3,30,19
3,3,0,0,19
3,4,8,80,19
3,5,5,50,19
3,6,5,50,19
3,7,5,50,19
3,8,5,50,19
3,9,5,50,19
3,10,4,40,19
3,11,3,30,19
3,12,5,50,19
3,13,7,70,19
3,14,5,50,19
4,0,5,50,19
4,1,5,50,19
4,2,5,50,19
4,3,8,80,19
4,4,0,0,19
4,5,3,30,19
4,6,3,30,19
4,7,5,50,19
4,8,5,50,19
4,9,5,50,19
4,10,4,40,19
4,11,4,40,19
4,12,7,70,19
4,13,5,50,19
4,14,5,50,19
5,0,6,60,19
5,1,5,50,19
5,2,2,20,19
5,3,5,50,19
5,4,3,30,19
5,5,0,0,19
5,6,4,40,19
5,7,3,30,19
5,8,2,20,19
5,9,2,20,19
5,10,5,50,19
5,11,1,10,19
5,12,4,40,19
5,13,2,20,19
5,14,6,60,19
6,0,2,20,19
6,1,2,20,19
6,2,5,50,19
6,3,5,50,19
6,4,3,30,19
6,5,4,40,19
6,6,0,0,19
6,7,2,20,19
6,8,3,30,19
6,9,6,60,19
6,10,1,10,19
6,11,5,50,19
6,12,4,40,19
6,13,2,20,19
6,14,2,20,19
7,0,4,40,19
7,1,2,20,19
7,2,3,30,19
7,3,5,50,19
7,4,5,50,19
7,5,3,30,19
7,6,2,20,19
7,7,0,0,19
7,8,1,10,19
7,9,5,50,19
7,10,3,30,19
7,11,4,40,19
7,12,4,40,19
7,13,4,40,19
7,14,4,40,19
8,0,5,50,19
8,1,3,30,19
8,2,2,20,19
8,3,5,50,19
8,4,5,50,19
8,5,2,20,19
8,6,3,30,19
8,7,1,10,19
8,8,0,0,19
8,9,4,40,19
8,10,4,40,19
8,11,3,30,19
8,12,4,40,19
8,13,4,40,19
8,14,5,50,19
9,0,8,80,19
9,1,6,60,19
9,2,2,20,19
9,3,5,50,19
9,4,5,50,19
9,5,2,20,19
9,6,6,60,19
9,7,5,50,19
9,8,4,40,19
9,9,0,0,19
9,10,7,70,19
9,11,3,30,19
9,12,4,40,19
9,13,4,40,19
9,14,8,80,19
10,0,3,30,19
10,1,1,10,19
10,2,5,50,19
10,3,4,40,19
10,4,4,40,19
10,5,5,50,19
10,6,1,10,19
10,7,3,30,19
10,8,4,40,19
10,9,7,70,19
10,10,0,0,19
10,11,6,60,19
10,12,3,30,19
10,13,3,30,19
10,14,3,30,19
11,0,7,70,19
11,1,5,50,19
11,2,1,10,19
11,3,3,30,19
11,4,4,40,19
11,5,1,10,19
11,6,5,50,19
11,7,4,40,19
11,8,3,30,19
11,9,3,30,19
11,10,6,60,19
11,11,0,0,19
11,12,3,30,19
11,13,3,30,19
11,14,7,70,19
12,0,4,40,19
12,1,2,20,19
12,2,2,20,19
12,3,5,50,19
12,4,7,70,19
12,5,4,40,19
12,6,4,40,19
12,7,4,40,19
12,8,4,40,19
12,9,4,40,19
12,10,3,30,19
12,11,3,30,19
12,12,0,0,19
12,13,6,60,19
12,14,4,40,19
13,0,4,40,19
13,1,4,40,19
13,2,4,40,19
13,3,7,70,19
13,4,5,50,19
13,5,2,20,19
13,6,2,20,19
13,7,4,40,19
13,8,4,40,19
13,9,4,40,19
13,10,3,30,19
13,11,3,30,19
13,12,6,60,19
13,13,0,0,19
13,14,4,40,19
14,0,0,0,19
14,1,2,20,19
14,2,6,60,19
14,3,5,50,19
14,4,5,50,19
14,5,6,60,19
14,6,2,20,19
14,7,4,40,19
14,8,5,50,19
14,9,8,80,19
14,10,3,30,19
14,11,7,70,19
14,12,4,40,19
14,13,4,40,19
14,14,0,0,19
0,0,0,0,20
0,1,2,20,20
0,2,6,60,20
0,3,5,50,20
0,4,5,50,20
0,5,6,60,20
0,6,2,20,20
0,7,4,40,20
0,8,5,50,20
0,9,8,80,20
0,10,3,30,20
0,11,7,70,20
0,12,4,40,20
0,13,4,40,20
0,14,0,0,20
1,0,2,20,20
1,1,0,0,20
1,2,4,40,20
1,3,3,30,20
1,4,5,50,20
1,5,5,50,20
1,6,2,20,20
1,7,2,20,20
1,8,3,30,20
1,9,6,60,20
1,10,1,10,20
1,11,5,50,20
1,12,2,20,20
1,13,4,40,20
1,14,2,20,20
2,0,6,60,20
2,1,4,40,20
2,2,0,0,20
2,3,3,30,20
2,4,8,80,20
2,5,2,20,20
2,6,5,50,20
2,7,3,30,20
2,8,2,20,20
2,9,2,20,20
2,10,5,50,20
2,11,1,10,20
2,12,2,20,20
2,13,4,40,20
2,14,6,60,20
3,0,5,50,20
3,1,3,30,20
3,2,3,30,20
3,3,0,0,20
3,4,8,80,20
3,5,5,50,20
3,6,5,50,20
3,7,5,50,20
3,8,5,50,20
3,9,5,50,20
3,10,4,40,20
3,11,3,30,20
3,12,5,50,20
3,13,7,70,20
3,14,5,50,20
4,0,5,50,20
4,1,5,50,20
4,2,5,50,20
4,3,8,80,20
4,4,0,0,20
4,5,3,30,20
4,6,3,30,20
4,7,5,50,20
4,8,5,50,20
4,9,5,50,20
4,10,4,40,20
4,11,4,40,20
4,12,7,70,20
4,13,5,50,20
4,14,5,50,20
5,0,6,60,20
5,1,5,50,20
5,2,2,20,20
5,3,5,50,20
5,4,3,30,20
5,5,0,0,20
5,6,4,40,20
5,7,3,30,20
5,8,2,20,20
5,9,2,20,20
5,10,5,50,20
5,11,1,10,20
5,12,4,40,20
5,13,2,20,20
5,14,6,60,20
6,0,2,20,20
6,1,2,20,20
6,2,5,50,20
6,3,5,50,20
6,4,3,30,20
6,5,4,40,20
6,6,0,0,20
6,7,2,20,20
6,8,3,30,20
6,9,6,60,20
6,10,1,10,20
6,11,5,50,20
6,12,4,40,20
6,13,2,20,20
6,14,2,20,20
7,0,4,40,20
7,1,2,20,20
7,2,3,30,20
7,3,5,50,20
7,4,5,50,20
7,5,3,30,20
7,6,2,20,20
7,7,0,0,20
7,8,1,10,20
7,9,5,50,20
7,10,3,30,20
7,11,4,40,20
7,12,4,40,20
7,13,4,40,20
7,14,4,40,20
8,0,5,50,20
8,1,3,30,20
8,2,2,20,20
8,3,5,50,20
8,4,5,50,20
8,5,2,20,20
8,6,3,30,20
8,7,1,10,20
8,8,0,0,20
8,9,4,40,20
8,10,4,40,20
8,11,3,30,20
8,12,4,40,20
8,13,4,40,20
8,14,5,50,20
9,0,8,80,20
9,1,6,60,20
9,2,2,20,20
9,3,5,50,20
9,4,5,50,20
9,5,2,20,20
9,6,6,60,20
9,7,5,50,20
9,8,4,40,20
9,9,0,0,20
9,10,7,70,20
9,11,3,30,20
9,12,4,40,20
9,13,4,40,20
9,14,8,80,20
10,0,3,30,20
10,1,1,10,20
10,2,5,50,20
10,3,4,40,20
10,4,4,40,20
10,5,5,50,20
10,6,1,10,20
10,7,3,30,20
10,8,4,40,20
10,9,7,70,20
10,10,0,0,20
10,11,6,60,20
10,12,3,30,20
10,13,3,30,20
10,14,3,30,20
11,0,7,70,20
11,1,5,50,20
11,2,1,10,20
11,3,3,30,20
11,4,4,40,20
11,5,1,10,20
11,6,5,50,20
11,7,4,40,20
11,8,3,30,20
11,9,3,30,20
11,10,6,60,20
11,11,0,0,20
11,12,3,30,20
11,13,3,30,20
11,14,7,70,20
12,0,4,40,20
12,1,2,20,20
12,2,2,20,20
12,3,5,50,20
12,4,7,70,20
12,5,4,40,20
12,6,4,40,20
12,7,4,40,20
12,8,4,40,20
12,9,4,40,20
12,10,3,30,20
12,11,3,30,20
12,12,0,0,20
12,13,6,60,20
12,14,4,40,20
13,0,4,40,20
13,1,4,40,20
13,2,4,40,20
13,3,7,70,20
13,4,5,50,20
13,5,2,20,20
13,6,2,20,20
13,7,4,40,20
13,8,4,40,20
13,9,4,40,20
13,10,3,30,20
13,11,3,30,20
13,12,6,60,20
13,13,0,0,20
13,14,4,40,20
14,0,0,0,20
14,1,2,20,20
14,2,6,60,20
14,3,5,50,20
14,4,5,50,20
14,5,6,60,20
14,6,2,20,20
14,7,4,40,20
14,8,5,50,20
14,9,8,80,20
14,10,3,30,20
14,11,7,70,20
14,12,4,40,20
14,13,4,40,20
14,14,0,0,20
0,0,0,0,21
0,1,2,20,21
0,2,6,60,21
0,3,5,50,21
0,4,5,50,21
0,5,6,60,21
0,6,2,20,21
0,7,4,40,21
0,8,5,50,21
0,9,8,80,21
0,10,3,30,21
0,11,7,70,21
0,12,4,40,21
0,13,4,40,21
0,14,0,0,21
1,0,2,20,21
1,1,0,0,21
1,2,4,40,21
1,3,3,30,21
1,4,5,50,21
1,5,5,50,21
1,6,2,20,21
1,7,2,20,21
1,8,3,30,21
1,9,6,60,21
1,10,1,10,21
1,11,5,50,21
1,12,2,20,21
1,13,4,40,21
1,14,2,20,21
2,0,6,60,21
2,1,4,40,21
2,2,0,0,21
2,3,3,30,21
2,4,8,80,21
2,5,2,20,21
2,6,5,50,21
2,7,3,30,21
2,8,2,20,21
2,9,2,20,21
2,10,5,50,21
2,11,1,10,21
2,12,2,20,21
2,13,4,40,21
2,14,6,60,21
3,0,5,50,21
3,1,3,30,21
3,2,3,30,21
3,3,0,0,21
3,4,8,80,21
3,5,5,50,21
3,6,5,50,21
3,7,5,50,21
3,8,5,50,21
3,9,5,50,21
3,10,4,40,21
3,11,3,30,21
3,12,5,50,21
3,13,7,70,21
3,14,5,50,21
4,0,5,50,21
4,1,5,50,21
4,2,5,50,21
4,3,8,80,21
4,4,0,0,21
4,5,3,30,21
4,6,3,30,21
4,7,5,50,21
4,8,5,50,21
4,9,5,50,21
4,10,4,40,21
4,11,4,40,21
4,12,7,70,21
4,13,5,50,21
4,14,5,50,21
5,0,6,60,21
5,1,5,50,21
5,2,2,20,21
5,3,5,50,21
5,4,3,30,21
5,5,0,0,21
5,6,4,40,21
5,7,3,30,21
5,8,2,20,21
5,9,2,20,21
5,10,5,50,21
5,11,1,10,21
5,12,4,40,21
5,13,2,20,21
5,14,6,60,21
6,0,2,20,21
6,1,2,20,21
6,2,5,50,21
6,3,5,50,21
6,4,3,30,21
6,5,4,40,21
6,6,0,0,21
6,7,2,20,21
6,8,3,30,21
6,9,6,60,21
6,10,1,10,21
6,11,5,50,21
6,12,4,40,21
6,13,2,20,21
6,14,2,20,21
7,0,4,40,21
7,1,2,20,21
7,2,3,30,21
7,3,5,50,21
7,4,5,50,21
7,5,3,30,21
7,6,2,20,21
7,7,0,0,21
7,8,1,10,21
7,9,5,50,21
7,10,3,30,21
7,11,4,40,21
7,12,4,40,21
7,13,4,40,21
7,14,4,40,21
8,0,5,50,21
8,1,3,30,21
8,2,2,20,21
8,3,5,50,21
8,4,5,50,21
8,5,2,20,21
8,6,3,30,21
8,7,1,10,21
8,8,0,0,21
8,9,4,40,21
8,10,4,40,21
8,11,3,30,21
8,12,4,40,21
8,13,4,40,21
8,14,5,50,21
9,0,8,80,21
9,1,6,60,21
9,2,2,20,21
9,3,5,50,21
9,4,5,50,21
9,5,2,20,21
9,6,6,60,21
9,7,5,50,21
9,8,4,40,21
9,9,0,0,21
9,10,7,70,21
9,11,3,30,21
9,12,4,40,21
9,13,4,40,21
9,14,8,80,21
10,0,3,30,21
10,1,1,10,21
10,2,5,50,21
10,3,4,40,21
10,4,4,40,21
10,5,5,50,21
10,6,1,10,21
10,7,3,30,21
10,8,4,40,21
10,9,7,70,21
10,10,0,0,21
10,11,6,60,21
10,12,3,30,21
10,13,3,30,21
10,14,3,30,21
11,0,7,70,21
11,1,5,50,21
11,2,1,10,21
11,3,3,30,21
11,4,4,40,21
11,5,1,10,21
11,6,5,50,21
11,7,4,40,21
11,8,3,30,21
11,9,3,30,21
11,10,6,60,21
11,11,0,0,21
11,12,3,30,21
11,13,3,30,21
11,14,7,70,21
12,0,4,40,21
12,1,2,20,21
12,2,2,20,21
12,3,5,50,21
12,4,7,70,21
12,5,4,40,21
12,6,4,40,21
12,7,4,40,21
12,8,4,40,21
12,9,4,40,21
12,10,3,30,21
12,11,3,30,21
12,12,0,0,21
12,13,6,60,21
12,14,4,40,21
13,0,4,40,21
13,1,4,40,21
13,2,4,40,21
13,3,7,70,21
13,4,5,50,21
13,5,2,20,21
13,6,2,20,21
13,7,4,40,21
13,8,4,40,21
13,9,4,40,21
13,10,3,30,21
13,11,3,30,21
13,12,6,60,21
13,13,0,0,21
13,14,4,40,21
14,0,0,0,21
14,1,2,20,21
14,2,6,60,21
14,3,5,50,21
14,4,5,50,21
14,5,6,60,21
14,6,2,20,21
14,7,4,40,21
14,8,5,50,21
14,9,8,80,21
14,10,3,30,21
14,11,7,70,21
14,12,4,40,21
14,13,4,40,21
14,14,0,0,21
0,0,0,0,22
0,1,2,20,22
0,2,6,60,22
0,3,5,50,22
0,4,5,50,22
0,5,6,60,22
0,6,2,20,22
0,7,4,40,22
0,8,5,50,22
0,9,8,80,22
0,10,3,30,22
0,11,7,70,22
0,12,4,40,22
0,13,4,40,22
0,14,0,0,22
1,0,2,20,22
1,1,0,0,22
1,2,4,40,22
1,3,3,30,22
1,4,5,50,22
1,5,5,50,22
1,6,2,20,22
1,7,2,20,22
1,8,3,30,22
1,9,6,60,22
1,10,1,10,22
1,11,5,50,22
1,12,2,20,22
1,13,4,40,22
1,14,2,20,22
2,0,6,60,22
2,1,4,40,22
2,2,0,0,22
2,3,3,30,22
2,4,8,80,22
2,5,2,20,22
2,6,5,50,22
2,7,3,30,22
2,8,2,20,22
2,9,2,20,22
2,10,5,50,22
2,11,1,10,22
2,12,2,20,22
2,13,4,40,22
2,14,6,60,22
3,0,5,50,22
3,1,3,30,22
3,2,3,30,22
3,3,0,0,22
3,4,8,80,22
3,5,5,50,22
3,6,5,50,22
3,7,5,50,22
3,8,5,50,22
3,9,5,50,22
3,10,4,40,22
3,11,3,30,22
3,12,5,50,22
3,13,7,70,22
3,14,5,50,22
4,0,5,50,22
4,1,5,50,22
4,2,5,50,22
4,3,8,80,22
4,4,0,0,22
4,5,3,30,22
4,6,3,30,22
4,7,5,50,22
4,8,5,50,22
4,9,5,50,22
4,10,4,40,22
4,11,4,40,22
4,12,7,70,22
4,13,5,50,22
4,14,5,50,22
5,0,6,60,22
5,1,5,50,22
5,2,2,20,22
5,3,5,50,22
5,4,3,30,22
5,5,0,0,22
5,6,4,40,22
5,7,3,30,22
5,8,2,20,22
5,9,2,20,22
5,10,5,50,22
5,11,1,10,22
5,12,4,40,22
5,13,2,20,22
5,14,6,60,22
6,0,2,20,22
6,1,2,20,22
6,2,5,50,22
6,3,5,50,22
6,4,3,30,22
6,5,4,40,22
6,6,0,0,22
6,7,2,20,22
6,8,3,30,22
6,9,6,60,22
6,10,1,10,22
6,11,5,50,22
6,12,4,40,22
6,13,2,20,22
6,14,2,20,22
7,0,4,40,22
7,1,2,20,22
7,2,3,30,22
7,3,5,50,22
7,4,5,50,22
7,5,3,30,22
7,6,2,20,22
7,7,0,0,22
7,8,1,10,22
7,9,5,50,22
7,10,3,30,22
7,11,4,40,22
7,12,4,40,22
7,13,4,40,22
7,14,4,40,22
8,0,5,50,22
8,1,3,30,22
8,2,2,20,22
8,3,5,50,22
8,4,5,50,22
8,5,2,20,22
8,6,3,30,22
8,7,1,10,22
8,8,0,0,22
8,9,4,40,22
8,10,4,40,22
8,11,3,30,22
8,12,4,40,22
8,13,4,40,22
8,14,5,50,22
9,0,8,80,22
9,1,6,60,22
9,2,2,20,22
9,3,5,50,22
9,4,5,50,22
9,5,2,20,22
9,6,6,60,22
9,7,5,50,22
9,8,4,40,22
9,9,0,0,22
9,10,7,70,22
9,11,3,30,22
9,12,4,40,22
9,13,4,40,22
9,14,8,80,22
10,0,3,30,22
10,1,1,10,22
10,2,5,50,22
10,3,4,40,22
10,4,4,40,22
10,5,5,50,22
10,6,1,10,22
10,7,3,30,22
10,8,4,40,22
10,9,7,70,22
10,10,0,0,22
10,11,6,60,22
10,12,3,30,22
10,13,3,30,22
10,14,3,30,22
11,0,7,70,22
11,1,5,50,22
11,2,1,10,22
11,3,3,30,22
11,4,4,40,22
11,5,1,10,22
11,6,5,50,22
11,7,4,40,22
11,8,3,30,22
11,9,3,30,22
11,10,6,60,22
11,11,0,0,22
11,12,3,30,22
11,13,3,30,22
11,14,7,70,22
12,0,4,40,22
12,1,2,20,22
12,2,2,20,22
12,3,5,50,22
12,4,7,70,22
12,5,4,40,22
12,6,4,40,22
12,7,4,40,22
12,8,4,40,22
12,9,4,40,22
12,10,3,30,22
12,11,3,30,22
12,12,0,0,22
12,13,6,60,22
12,14,4,40,22
13,0,4,40,22
13,1,4,40,22
13,2,4,40,22
13,3,7,70,22
13,4,5,50,22
13,5,2,20,22
13,6,2,20,22
13,7,4,40,22
13,8,4,40,22
13,9,4,40,22
13,10,3,30,22
13,11,3,30,22
13,12,6,60,22
13,13,0,0,22
13,14,4,40,22
14,0,0,0,22
14,1,2,20,22
14,2,6,60,22
14,3,5,50,22
14,4,5,50,22
14,5,6,60,22
14,6,2,20,22
14,7,4,40,22
14,8,5,50,22
14,9,8,80,22
14,10,3,30,22
14,11,7,70,22
14,12,4,40,22
14,13,4,40,22
14,14,0,0,22
0,0,0,0,23
0,1,2,20,23
0,2,6,60,23
0,3,5,50,23
0,4,5,50,23
0,5,6,60,23
0,6,2,20,23
0,7,4,40,23
0,8,5,50,23
0,9,8,80,23
0,10,3,30,23
0,11,7,70,23
0,12,4,40,23
0,13,4,40,23
0,14,0,0,23
1,0,2,20,23
1,1,0,0,23
1,2,4,40,23
1,3,3,30,23
1,4,5,50,23
1,5,5,50,23
1,6,2,20,23
1,7,2,20,23
1,8,3,30,23
1,9,6,60,23
1,10,1,10,23
1,11,5,50,23
1,12,2,20,23
1,13,4,40,23
1,14,2,20,23
2,0,6,60,23
2,1,4,40,23
2,2,0,0,23
2,3,3,30,23
2,4,8,80,23
2,5,2,20,23
2,6,5,50,23
2,7,3,30,23
2,8,2,20,23
2,9,2,20,23
2,10,5,50,23
2,11,1,10,23
2,12,2,20,23
2,13,4,40,23
2,14,6,60,23
3,0,5,50,23
3,1,3,30,23
3,2,3,30,23
3,3,0,0,23
3,4,8,80,23
3,5,5,50,23
3,6,5,50,23
3,7,5,50,23
3,8,5,50,23
3,9,5,50,23
3,10,4,40,23
3,11,3,30,23
3,12,5,50,23
3,13,7,70,23
3,14,5,50,23
4,0,5,50,23
4,1,5,50,23
4,2,5,50,23
4,3,8,80,23
4,4,0,0,23
4,5,3,30,23
4,6,3,30,23
4,7,5,50,23
4,8,5,50,23
4,9,5,50,23
4,10,4,40,23
4,11,4,40,23
4,12,7,70,23
4,13,5,50,23
4,14,5,50,23
5,0,6,60,23
5,1,5,50,23
5,2,2,20,23
5,3,5,50,23
5,4,3,30,23
5,5,0,0,23
5,6,4,40,23
5,7,3,30,23
5,8,2,20,23
5,9,2,20,23
5,10,5,50,23
5,11,1,10,23
5,12,4,40,23
5,13,2,20,23
5,14,6,60,23
6,0,2,20,23
6,1,2,20,23
6,2,5,50,23
6,3,5,50,23
6,4,3,30,23
6,5,4,40,23
6,6,0,0,23
6,7,2,20,23
6,8,3,30,23
6,9,6,60,23
6,10,1,10,23
6,11,5,50,23
6,12,4,40,23
6,13,2,20,23
6,14,2,20,23
7,0,4,40,23
7,1,2,20,23
7,2,3,30,23
7,3,5,50,23
7,4,5,50,23
7,5,3,30,23
7,6,2,20,23
7,7,0,0,23
7,8,1,10,23
7,9,5,50,23
7,10,3,30,23
7,11,4,40,23
7,12,4,40,23
7,13,4,40,23
7,14,4,40,23
8,0,5,50,23
8,1,3,30,23
8,2,2,20,23
8,3,5,50,23
8,4,5,50,23
8,5,2,20,23
8,6,3,30,23
8,7,1,10,23
8,8,0,0,23
8,9,4,40,23
8,10,4,40,23
8,11,3,30,23
8,12,4,40,23
8,13,4,40,23
8,14,5,50,23
9,0,8,80,23
9,1,6,60,23
9,2,2,20,23
9,3,5,50,23
9,4,5,50,23
9,5,2,20,23
9,6,6,60,23
9,7,5,50,23
9,8,4,40,23
9,9,0,0,23
9,10,7,70,23
9,11,3,30,23
9,12,4,40,23
9,13,4,40,23
9,14,8,80,23
10,0,3,30,23
10,1,1,10,23
10,2,5,50,23
10,3,4,40,23
10,4,4,40,23
10,5,5,50,23
10,6,1,10,23
10,7,3,30,23
10,8,4,40,23
10,9,7,70,23
10,10,0,0,23
10,11,6,60,23
10,12,3,30,23
10,13,3,30,23
10,14,3,30,23
11,0,7,70,23
11,1,5,50,23
11,2,1,10,23
11,3,3,30,23
11,4,4,40,23
11,5,1,10,23
11,6,5,50,23
11,7,4,40,23
11,8,3,30,23
11,9,3,30,23
11,10,6,60,23
11,11,0,0,23
11,12,3,30,23
11,13,3,30,23
11,14,7,70,23
12,0,4,40,23
12,1,2,20,23
12,2,2,20,23
12,3,5,50,23
12,4,7,70,23
12,5,4,40,23
12,6,4,40,23
12,7,4,40,23
12,8,4,40,23
12,9,4,40,23
12,10,3,30,23
12,11,3,30,23
12,12,0,0,23
12,13,6,60,23
12,14,4,40,23
13,0,4,40,23
13,1,4,40,23
13,2,4,40,23
13,3,7,70,23
13,4,5,50,23
13,5,2,20,23
13,6,2,20,23
13,7,4,40,23
13,8,4,40,23
13,9,4,40,23
13,10,3,30,23
13,11,3,30,23
13,12,6,60,23
13,13,0,0,23
13,14,4,40,23
14,0,0,0,23
14,1,2,20,23
14,2,6,60,23
14,3,5,50,23
14,4,5,50,23
14,5,6,60,23
14,6,2,20,23
14,7,4,40,23
14,8,5,50,23
14,9,8,80,23
14,10,3,30,23
14,11,7,70,23
14,12,4,40,23
14,13,4,40,23
14,14,0,0,23
0,0,0,0,24
0,1,2,20,24
0,2,6,60,24
0,3,5,50,24
0,4,5,50,24
0,5,6,60,24
0,6,2,20,24
0,7,4,40,24
0,8,5,50,24
0,9,8,80,24
0,10,3,30,24
0,11,7,70,24
0,12,4,40,24
0,13,4,40,24
0,14,0,0,24
1,0,2,20,24
1,1,0,0,24
1,2,4,40,24
1,3,3,30,24
1,4,5,50,24
1,5,5,50,24
1,6,2,20,24
1,7,2,20,24
1,8,3,30,24
1,9,6,60,24
1,10,1,10,24
1,11,5,50,24
1,12,2,20,24
1,13,4,40,24
1,14,2,20,24
2,0,6,60,24
2,1,4,40,24
2,2,0,0,24
2,3,3,30,24
2,4,8,80,24
2,5,2,20,24
2,6,5,50,24
2,7,3,30,24
2,8,2,20,24
2,9,2,20,24
2,10,5,50,24
2,11,1,10,24
2,12,2,20,24
2,13,4,40,24
2,14,6,60,24
3,0,5,50,24
3,1,3,30,24
3,2,3,30,24
3,3,0,0,24
3,4,8,80,24
3,5,5,50,24
3,6,5,50,24
3,7,5,50,24
3,8,5,50,24
3,9,5,50,24
3,10,4,40,24
3,11,3,30,24
3,12,5,50,24
3,13,7,70,24
3,14,5,50,24
4,0,5,50,24
4,1,5,50,24
4,2,5,50,24
4,3,8,80,24
4,4,0,0,24
4,5,3,30,24
4,6,3,30,24
4,7,5,50,24
4,8,5,50,24
4,9,5,50,24
4,10,4,40,24
4,11,4,40,24
4,12,7,70,24
4,13,5,50,24
4,14,5,50,24
5,0,6,60,24
5,1,5,50,24
5,2,2,20,24
5,3,5,50,24
5,4,3,30,24
5,5,0,0,24
5,6,4,40,24
5,7,3,30,24
5,8,2,20,24
5,9,2,20,24
5,10,5,50,24
5,11,1,10,24
5,12,4,40,24
5,13,2,20,24
5,14,6,60,24
6,0,2,20,24
6,1,2,20,24
6,2,5,50,24
6,3,5,50,24
6,4,3,30,24
6,5,4,40,24
6,6,0,0,24
6,7,2,20,24
6,8,3,30,24
6,9,6,60,24
6,10,1,10,24
6,11,5,50,24
6,12,4,40,24
6,13,2,20,24
6,14,2,20,24
7,0,4,40,24
7,1,2,20,24
7,2,3,30,24
7,3,5,50,24
7,4,5,50,24
7,5,3,30,24
7,6,2,20,24
7,7,0,0,24
7,8,1,10,24
7,9,5,50,24
7,10,3,30,24
7,11,4,40,24
7,12,4,40,24
7,13,4,40,24
7,14,4,40,24
8,0,5,50,24
8,1,3,30,24
8,2,2,20,24
8,3,5,50,24
8,4,5,50,24
8,5,2,20,24
8,6,3,30,24
8,7,1,10,24
8,8,0,0,24
8,9,4,40,24
8,10,4,40,24
8,11,3,30,24
8,12,4,40,24
8,13,4,40,24
8,14,5,50,24
9,0,8,80,24
9,1,6,60,24
9,2,2,20,24
9,3,5,50,24
9,4,5,50,24
9,5,2,20,24
9,6,6,60,24
9,7,5,50,24
9,8,4,40,24
9,9,0,0,24
9,10,7,70,24
9,11,3,30,24
9,12,4,40,24
9,13,4,40,24
9,14,8,80,24
10,0,3,30,24
10,1,1,10,24
10,2,5,50,24
10,3,4,40,24
10,4,4,40,24
10,5,5,50,24
10,6,1,10,24
10,7,3,30,24
10,8,4,40,24
10,9,7,70,24
10,10,0,0,24
10,11,6,60,24
10,12,3,30,24
10,13,3,30,24
10,14,3,30,24
11,0,7,70,24
11,1,5,50,24
11,2,1,10,24
11,3,3,30,24
11,4,4,40,24
11,5,1,10,24
11,6,5,50,24
11,7,4,40,24
11,8,3,30,24
11,9,3,30,24
11,10,6,60,24
11,11,0,0,24
11,12,3,30,24
11,13,3,30,24
11,14,7,70,24
12,0,4,40,24
12,1,2,20,24
12,2,2,20,24
12,3,5,50,24
12,4,7,70,24
12,5,4,40,24
12,6,4,40,24
12,7,4,40,24
12,8,4,40,24
12,9,4,40,24
12,10,3,30,24
12,11,3,30,24
12,12,0,0,24
12,13,6,60,24
12,14,4,40,24
13,0,4,40,24
13,1,4,40,24
13,2,4,40,24
13,3,7,70,24
13,4,5,50,24
13,5,2,20,24
13,6,2,20,24
13,7,4,40,24
13,8,4,40,24
13,9,4,40,24
13,10,3,30,24
13,11,3,30,24
13,12,6,60,24
13,13,0,0,24
13,14,4,40,24
14,0,0,0,24
14,1,2,20,24
14,2,6,60,24
14,3,5,50,24
14,4,5,50,24
14,5,6,60,24
14,6,2,20,24
14,7,4,40,24
14,8,5,50,24
14,9,8,80,24
14,10,3,30,24
14,11,7,70,24
14,12,4,40,24
14,13,4,40,24
14,14,0,0,24
0,0,0,0,25
0,1,2,20,25
0,2,6,60,25
0,3,5,50,25
0,4,5,50,25
0,5,6,60,25
0,6,2,20,25
0,7,4,40,25
0,8,5,50,25
0,9,8,80,25
0,10,3,30,25
0,11,7,70,25
0,12,4,40,25
0,13,4,40,25
0,14,0,0,25
1,0,2,20,25
1,1,0,0,25
1,2,4,40,25
1,3,3,30,25
1,4,5,50,25
1,5,5,50,25
1,6,2,20,25
1,7,2,20,25
1,8,3,30,25
1,9,6,60,25
1,10,1,10,25
1,11,5,50,25
1,12,2,20,25
1,13,4,40,25
1,14,2,20,25
2,0,6,60,25
2,1,4,40,25
2,2,0,0,25
2,3,3,30,25
2,4,8,80,25
2,5,2,20,25
2,6,5,50,25
2,7,3,30,25
2,8,2,20,25
2,9,2,20,25
2,10,5,50,25
2,11,1,10,25
2,12,2,20,25
2,13,4,40,25
2,14,6,60,25
3,0,5,50,25
3,1,3,30,25
3,2,3,30,25
3,3,0,0,25
3,4,8,80,25
3,5,5,50,25
3,6,5,50,25
3,7,5,50,25
3,8,5,50,25
3,9,5,50,25
3,10,4,40,25
3,11,3,30,25
3,12,5,50,25
3,13,7,70,25
3,14,5,50,25
4,0,5,50,25
4,1,5,50,25
4,2,5,50,25
4,3,8,80,25
4,4,0,0,25
4,5,3,30,25
4,6,3,30,25
4,7,5,50,25
4,8,5,50,25
4,9,5,50,25
4,10,4,40,25
4,11,4,40,25
4,12,7,70,25
4,13,5,50,25
4,14,5,50,25
5,0,6,60,25
5,1,5,50,25
5,2,2,20,25
5,3,5,50,25
5,4,3,30,25
5,5,0,0,25
5,6,4,40,25
5,7,3,30,25
5,8,2,20,25
5,9,2,20,25
5,10,5,50,25
5,11,1,10,25
5,12,4,40,25
5,13,2,20,25
5,14,6,60,25
6,0,2,20,25
6,1,2,20,25
6,2,5,50,25
6,3,5,50,25
6,4,3,30,25
6,5,4,40,25
6,6,0,0,25
6,7,2,20,25
6,8,3,30,25
6,9,6,60,25
6,10,1,10,25
6,11,5,50,25
6,12,4,40,25
6,13,2,20,25
6,14,2,20,25
7,0,4,40,25
7,1,2,20,25
7,2,3,30,25
7,3,5,50,25
7,4,5,50,25
7,5,3,30,25
7,6,2,20,25
7,7,0,0,25
7,8,1,10,25
7,9,5,50,25
7,10,3,30,25
7,11,4,40,25
7,12,4,40,25
7,13,4,40,25
7,14,4,40,25
8,0,5,50,25
8,1,3,30,25
8,2,2,20,25
8,3,5,50,25
8,4,5,50,25
8,5,2,20,25
8,6,3,30,25
8,7,1,10,25
8,8,0,0,25
8,9,4,40,25
8,10,4,40,25
8,11,3,30,25
8,12,4,40,25
8,13,4,40,25
8,14,5,50,25
9,0,8,80,25
9,1,6,60,25
9,2,2,20,25
9,3,5,50,25
9,4,5,50,25
9,5,2,20,25
9,6,6,60,25
9,7,5,50,25
9,8,4,40,25
9,9,0,0,25
9,10,7,70,25
9,11,3,30,25
9,12,4,40,25
9,13,4,40,25
9,14,8,80,25
10,0,3,30,25
10,1,1,10,25
10,2,5,50,25
10,3,4,40,25
10,4,4,40,25
10,5,5,50,25
10,6,1,10,25
10,7,3,30,25
10,8,4,40,25
10,9,7,70,25
10,10,0,0,25
10,11,6,60,25
10,12,3,30,25
10,13,3,30,25
10,14,3,30,25
11,0,7,70,25
11,1,5,50,25
11,2,1,10,25
11,3,3,30,25
11,4,4,40,25
11,5,1,10,25
11,6,5,50,25
11,7,4,40,25
11,8,3,30,25
11,9,3,30,25
11,10,6,60,25
11,11,0,0,25
11,12,3,30,25
11,13,3,30,25
11,14,7,70,25
12,0,4,40,25
12,1,2,20,25
12,2,2,20,25
12,3,5,50,25
12,4,7,70,25
12,5,4,40,25
12,6,4,40,25
12,7,4,40,25
12,8,4,40,25
12,9,4,40,25
12,10,3,30,25
12,11,3,30,25
12,12,0,0,25
12,13,6,60,25
12,14,4,40,25
13,0,4,40,25
13,1,4,40,25
13,2,4,40,25
13,3,7,70,25
13,4,5,50,25
13,5,2,20,25
13,6,2,20,25
13,7,4,40,25
13,8,4,40,25
13,9,4,40,25
13,10,3,30,25
13,11,3,30,25
13,12,6,60,25
13,13,0,0,25
13,14,4,40,25
14,0,0,0,25
14,1,2,20,25
14,2,6,60,25
14,3,5,50,25
14,4,5,50,25
14,5,6,60,25
14,6,2,20,25
14,7,4,40,25
14,8,5,50,25
14,9,8,80,25
14,10,3,30,25
14,11,7,70,25
14,12,4,40,25
14,13,4,40,25
14,14,0,0,25
0,0,0,0,26
0,1,2,20,26
0,2,6,60,26
0,3,5,50,26
0,4,5,50,26
0,5,6,60,26
0,6,2,20,26
0,7,4,40,26
0,8,5,50,26
0,9,8,80,26
0,10,3,30,26
0,11,7,70,26
0,12,4,40,26
0,13,4,40,26
0,14,0,0,26
1,0,2,20,26
1,1,0,0,26
1,2,4,40,26
1,3,3,30,26
1,4,5,50,26
1,5,5,50,26
1,6,2,20,26
1,7,2,20,26
1,8,3,30,26
1,9,6,60,26
1,10,1,10,26
1,11,5,50,26
1,12,2,20,26
1,13,4,40,26
1,14,2,20,26
2,0,6,60,26
2,1,4,40,26
2,2,0,0,26
2,3,3,30,26
2,4,8,80,26
2,5,2,20,26
2,6,5,50,26
2,7,3,30,26
2,8,2,20,26
2,9,2,20,26
2,10,5,50,26
2,11,1,10,26
2,12,2,20,26
2,13,4,40,26
2,14,6,60,26
3,0,5,50,26
3,1,3,30,26
3,2,3,30,26
3,3,0,0,26
3,4,8,80,26
3,5,5,50,26
3,6,5,50,26
3,7,5,50,26
3,8,5,50,26
3,9,5,50,26
3,10,4,40,26
3,11,3,30,26
3,12,5,50,26
3,13,7,70,26
3,14,5,50,26
4,0,5,50,26
4,1,5,50,26
4,2,5,50,26
4,3,8,80,26
4,4,0,0,26
4,5,3,30,26
4,6,3,30,26
4,7,5,50,26
4,8,5,50,26
4,9,5,50,26
4,10,4,40,26
4,11,4,40,26
4,12,7,70,26
4,13,5,50,26
4,14,5,50,26
5,0,6,60,26
5,1,5,50,26
5,2,2,20,26
5,3,5,50,26
5,4,3,30,26
5,5,0,0,26
5,6,4,40,26
5,7,3,30,26
5,8,2,20,26
5,9,2,20,26
5,10,5,50,26
5,11,1,10,26
5,12,4,40,26
5,13,2,20,26
5,14,6,60,26
6,0,2,20,26
6,1,2,20,26
6,2,5,50,26
6,3,5,50,26
6,4,3,30,26
6,5,4,40,26
6,6,0,0,26
6,7,2,20,26
6,8,3,30,26
6,9,6,60,26
6,10,1,10,26
6,11,5,50,26
6,12,4,40,26
6,13,2,20,26
6,14,2,20,26
7,0,4,40,26
7,1,2,20,26
7,2,3,30,26
7,3,5,50,26
7,4,5,50,26
7,5,3,30,26
7,6,2,20,26
7,7,0,0,26
7,8,1,10,26
7,9,5,50,26
7,10,3,30,26
7,11,4,40,26
7,12,4,40,26
7,13,4,40,26
7,14,4,40,26
8,0,5,50,26
8,1,3,30,26
8,2,2,20,26
8,3,5,50,26
8,4,5,50,26
8,5,2,20,26
8,6,3,30,26
8,7,1,10,26
8,8,0,0,26
8,9,4,40,26
8,10,4,40,26
8,11,3,30,26
8,12,4,40,26
8,13,4,40,26
8,14,5,50,26
9,0,8,80,26
9,1,6,60,26
9,2,2,20,26
9,3,5,50,26
9,4,5,50,26
9,5,2,20,26
9,6,6,60,26
9,7,5,50,26
9,8,4,40,26
9,9,0,0,26
9,10,7,70,26
9,11,3,30,26
9,12,4,40,26
9,13,4,40,26
9,14,8,80,26
10,0,3,30,26
10,1,1,10,26
10,2,5,50,26
10,3,4,40,26
10,4,4,40,26
10,5,5,50,26
10,6,1,10,26
10,7,3,30,26
10,8,4,40,26
10,9,7,70,26
10,10,0,0,26
10,11,6,60,26
10,12,3,30,26
10,13,3,30,26
10,14,3,30,26
11,0,7,70,26
11,1,5,50,26
11,2,1,10,26
11,3,3,30,26
11,4,4,40,26
11,5,1,10,26
11,6,5,50,26
11,7,4,40,26
11,8,3,30,26
11,9,3,30,26
11,10,6,60,26
11,11,0,0,26
11,12,3,30,26
11,13,3,30,26
11,14,7,70,26
12,0,4,40,26
12,1,2,20,26
12,2,2,20,26
12,3,5,50,26
12,4,7,70,26
12,5,4,40,26
12,6,4,40,26
12,7,4,40,26
12,8,4,40,26
12,9,4,40,26
12,10,3,30,26
12,11,3,30,26
12,12,0,0,26
12,13,6,60,26
12,14,4,40,26
13,0,4,40,26
13,1,4,40,26
13,2,4,40,26
13,3,7,70,26
13,4,5,50,26
13,5,2,20,26
13,6,2,20,26
13,7,4,40,26
13,8,4,40,26
13,9,4,40,26
13,10,3,30,26
13,11,3,30,26
13,12,6,60,26
13,13,0,0,26
13,14,4,40,26
14,0,0,0,26
14,1,2,20,26
14,2,6,60,26
14,3,5,50,26
14,4,5,50,26
14,5,6,60,26
14,6,2,20,26
14,7,4,40,26
14,8,5,50,26
14,9,8,80,26
14,10,3,30,26
14,11,7,70,26
14,12,4,40,26
14,13,4,40,26
14,14,0,0,26
0,0,0,0,27
0,1,2,20,27
0,2,6,60,27
0,3,5,50,27
0,4,5,50,27
0,5,6,60,27
0,6,2,20,27
0,7,4,40,27
0,8,5,50,27
0,9,8,80,27
0,10,3,30,27
0,11,7,70,27
0,12,4,40,27
0,13,4,40,27
0,14,0,0,27
1,0,2,20,27
1,1,0,0,27
1,2,4,40,27
1,3,3,30,27
1,4,5,50,27
1,5,5,50,27
1,6,2,20,27
1,7,2,20,27
1,8,3,30,27
1,9,6,60,27
1,10,1,10,27
1,11,5,50,27
1,12,2,20,27
1,13,4,40,27
1,14,2,20,27
2,0,6,60,27
2,1,4,40,27
2,2,0,0,27
2,3,3,30,27
2,4,8,80,27
2,5,2,20,27
2,6,5,50,27
2,7,3,30,27
2,8,2,20,27
2,9,2,20,27
2,10,5,50,27
2,11,1,10,27
2,12,2,20,27
2,13,4,40,27
2,14,6,60,27
3,0,5,50,27
3,1,3,30,27
3,2,3,30,27
3,3,0,0,27
3,4,8,80,27
3,5,5,50,27
3,6,5,50,27
3,7,5,50,27
3,8,5,50,27
3,9,5,50,27
3,10,4,40,27
3,11,3,30,27
3,12,5,50,27
3,13,7,70,27
3,14,5,50,27
4,0,5,50,27
4,1,5,50,27
4,2,5,50,27
4,3,8,80,27
4,4,0,0,27
4,5,3,30,27
4,6,3,30,27
4,7,5,50,27
4,8,5,50,27
4,9,5,50,27
4,10,4,40,27
4,11,4,40,27
4,12,7,70,27
4,13,5,50,27
4,14,5,50,27
5,0,6,60,27
5,1,5,50,27
5,2,2,20,27
5,3,5,50,27
5,4,3,30,27
5,5,0,0,27
5,6,4,40,27
5,7,3,30,27
5,8,2,20,27
5,9,2,20,27
5,10,5,50,27
5,11,1,10,27
5,12,4,40,27
5,13,2,20,27
5,14,6,60,27
6,0,2,20,27
6,1,2,20,27
6,2,5,50,27
6,3,5,50,27
6,4,3,30,27
6,5,4,40,27
6,6,0,0,27
6,7,2,20,27
6,8,3,30,27
6,9,6,60,27
6,10,1,10,27
6,11,5,50,27
6,12,4,40,27
6,13,2,20,27
6,14,2,20,27
7,0,4,40,27
7,1,2,20,27
7,2,3,30,27
7,3,5,50,27
7,4,5,50,27
7,5,3,30,27
7,6,2,20,27
7,7,0,0,27
7,8,1,10,27
7,9,5,50,27
7,10,3,30,27
7,11,4,40,27
7,12,4,40,27
7,13,4,40,27
7,14,4,40,27
8,0,5,50,27
8,1,3,30,27
8,2,2,20,27
8,3,5,50,27
8,4,5,50,27
8,5,2,20,27
8,6,3,30,27
8,7,1,10,27
8,8,0,0,27
8,9,4,40,27
8,10,4,40,27
8,11,3,30,27
8,12,4,40,27
8,13,4,40,27
8,14,5,50,27
9,0,8,80,27
9,1,6,60,27
9,2,2,20,27
9,3,5,50,27
9,4,5,50,27
9,5,2,20,27
9,6,6,60,27
9,7,5,50,27
9,8,4,40,27
9,9,0,0,27
9,10,7,70,27
9,11,3,30,27
9,12,4,40,27
9,13,4,40,27
9,14,8,80,27
10,0,3,30,27
10,1,1,10,27
10,2,5,50,27
10,3,4,40,27
10,4,4,40,27
10,5,5,50,27
10,6,1,10,27
10,7,3,30,27
10,8,4,40,27
10,9,7,70,27
10,10,0,0,27
10,11,6,60,27
10,12,3,30,27
10,13,3,30,27
10,14,3,30,27
11,0,7,70,27
11,1,5,50,27
11,2,1,10,27
11,3,3,30,27
11,4,4,40,27
11,5,1,10,27
11,6,5,50,27
11,7,4,40,27
11,8,3,30,27
11,9,3,30,27
11,10,6,60,27
11,11,0,0,27
11,12,3,30,27
11,13,3,30,27
11,14,7,70,27
12,0,4,40,27
12,1,2,20,27
12,2,2,20,27
12,3,5,50,27
12,4,7,70,27
12,5,4,40,27
12,6,4,40,27
12,7,4,40,27
12,8,4,40,27
12,9,4,40,27
12,10,3,30,27
12,11,3,30,27
12,12,0,0,27
12,13,6,60,27
12,14,4,40,27
13,0,4,40,27
13,1,4,40,27
13,2,4,40,27
13,3,7,70,27
13,4,5,50,27
13,5,2,20,27
13,6,2,20,27
13,7,4,40,27
13,8,4,40,27
13,9,4,40,27
13,10,3,30,27
13,11,3,30,27
13,12,6,60,27
13,13,0,0,27
13,14,4,40,27
14,0,0,0,27
14,1,2,20,27
14,2,6,60,27
14,3,5,50,27
14,4,5,50,27
14,5,6,60,27
14,6,2,20,27
14,7,4,40,27
14,8,5,50,27
14,9,8,80,27
14,10,3,30,27
14,11,7,70,27
14,12,4,40,27
14,13,4,40,27
14,14,0,0,27
0,0,0,0,28
0,1,2,20,28
0,2,6,60,28
0,3,5,50,28
0,4,5,50,28
0,5,6,60,28
0,6,2,20,28
0,7,4,40,28
0,8,5,50,28
0,9,8,80,28
0,10,3,30,28
0,11,7,70,28
0,12,4,40,28
0,13,4,40,28
0,14,0,0,28
1,0,2,20,28
1,1,0,0,28
1,2,4,40,28
1,3,3,30,28
1,4,5,50,28
1,5,5,50,28
1,6,2,20,28
1,7,2,20,28
1,8,3,30,28
1,9,6,60,28
1,10,1,10,28
1,11,5,50,28
1,12,2,20,28
1,13,4,40,28
1,14,2,20,28
2,0,6,60,28
2,1,4,40,28
2,2,0,0,28
2,3,3,30,28
2,4,8,80,28
2,5,2,20,28
2,6,5,50,28
2,7,3,30,28
2,8,2,20,28
2,9,2,20,28
2,10,5,50,28
2,11,1,10,28
2,12,2,20,28
2,13,4,40,28
2,14,6,60,28
3,0,5,50,28
3,1,3,30,28
3,2,3,30,28
3,3,0,0,28
3,4,8,80,28
3,5,5,50,28
3,6,5,50,28
3,7,5,50,28
3,8,5,50,28
3,9,5,50,28
3,10,4,40,28
3,11,3,30,28
3,12,5,50,28
3,13,7,70,28
3,14,5,50,28
4,0,5,50,28
4,1,5,50,28
4,2,5,50,28
4,3,8,80,28
4,4,0,0,28
4,5,3,30,28
4,6,3,30,28
4,7,5,50,28
4,8,5,50,28
4,9,5,50,28
4,10,4,40,28
4,11,4,40,28
4,12,7,70,28
4,13,5,50,28
4,14,5,50,28
5,0,6,60,28
5,1,5,50,28
5,2,2,20,28
5,3,5,50,28
5,4,3,30,28
5,5,0,0,28
5,6,4,40,28
5,7,3,30,28
5,8,2,20,28
5,9,2,20,28
5,10,5,50,28
5,11,1,10,28
5,12,4,40,28
5,13,2,20,28
5,14,6,60,28
6,0,2,20,28
6,1,2,20,28
6,2,5,50,28
6,3,5,50,28
6,4,3,30,28
6,5,4,40,28
6,6,0,0,28
6,7,2,20,28
6,8,3,30,28
6,9,6,60,28
6,10,1,10,28
6,11,5,50,28
6,12,4,40,28
6,13,2,20,28
6,14,2,20,28
7,0,4,40,28
7,1,2,20,28
7,2,3,30,28
7,3,5,50,28
7,4,5,50,28
7,5,3,30,28
7,6,2,20,28
7,7,0,0,28
7,8,1,10,28
7,9,5,50,28
7,10,3,30,28
7,11,4,40,28
7,12,4,40,28
7,13,4,40,28
7,14,4,40,28
8,0,5,50,28
8,1,3,30,28
8,2,2,20,28
8,3,5,50,28
8,4,5,50,28
8,5,2,20,28
8,6,3,30,28
8,7,1,10,28
8,8,0,0,28
8,9,4,40,28
8,10,4,40,28
8,11,3,30,28
8,12,4,40,28
8,13,4,40,28
8,14,5,50,28
9,0,8,80,28
9,1,6,60,28
9,2,2,20,28
9,3,5,50,28
9,4,5,50,28
9,5,2,20,28
9,6,6,60,28
9,7,5,50,28
9,8,4,40,28
9,9,0,0,28
9,10,7,70,28
9,11,3,30,28
9,12,4,40,28
9,13,4,40,28
9,14,8,80,28
10,0,3,30,28
10,1,1,10,28
10,2,5,50,28
10,3,4,40,28
10,4,4,40,28
10,5,5,50,28
10,6,1,10,28
10,7,3,30,28
10,8,4,40,28
10,9,7,70,28
10,10,0,0,28
10,11,6,60,28
10,12,3,30,28
10,13,3,30,28
10,14,3,30,28
11,0,7,70,28
11,1,5,50,28
11,2,1,10,28
11,3,3,30,28
11,4,4,40,28
11,5,1,10,28
11,6,5,50,28
11,7,4,40,28
11,8,3,30,28
11,9,3,30,28
11,10,6,60,28
11,11,0,0,28
11,12,3,30,28
11,13,3,30,28
11,14,7,70,28
12,0,4,40,28
12,1,2,20,28
12,2,2,20,28
12,3,5,50,28
12,4,7,70,28
12,5,4,40,28
12,6,4,40,28
12,7,4,40,28
12,8,4,40,28
12,9,4,40,28
12,10,3,30,28
12,11,3,30,28
12,12,0,0,28
12,13,6,60,28
12,14,4,40,28
13,0,4,40,28
13,1,4,40,28
13,2,4,40,28
13,3,7,70,28
13,4,5,50,28
13,5,2,20,28
13,6,2,20,28
13,7,4,40,28
13,8,4,40,28
13,9,4,40,28
13,10,3,30,28
13,11,3,30,28
13,12,6,60,28
13,13,0,0,28
13,14,4,40,28
14,0,0,0,28
14,1,2,20,28
14,2,6,60,28
14,3,5,50,28
14,4,5,50,28
14,5,6,60,28
14,6,2,20,28
14,7,4,40,28
14,8,5,50,28
14,9,8,80,28
14,10,3,30,28
14,11,7,70,28
14,12,4,40,28
14,13,4,40,28
14,14,0,0,28
0,0,0,0,29
0,1,2,20,29
0,2,6,60,29
0,3,5,50,29
0,4,5,50,29
0,5,6,60,29
0,6,2,20,29
0,7,4,40,29
0,8,5,50,29
0,9,8,80,29
0,10,3,30,29
0,11,7,70,29
0,12,4,40,29
0,13,4,40,29
0,14,0,0,29
1,0,2,20,29
1,1,0,0,29
1,2,4,40,29
1,3,3,30,29
1,4,5,50,29
1,5,5,50,29
1,6,2,20,29
1,7,2,20,29
1,8,3,30,29
1,9,6,60,29
1,10,1,10,29
1,11,5,50,29
1,12,2,20,29
1,13,4,40,29
1,14,2,20,29
2,0,6,60,29
2,1,4,40,29
2,2,0,0,29
2,3,3,30,29
2,4,8,80,29
2,5,2,20,29
2,6,5,50,29
2,7,3,30,29
2,8,2,20,29
2,9,2,20,29
2,10,5,50,29
2,11,1,10,29
2,12,2,20,29
2,13,4,40,29
2,14,6,60,29
3,0,5,50,29
3,1,3,30,29
3,2,3,30,29
3,3,0,0,29
3,4,8,80,29
3,5,5,50,29
3,6,5,50,29
3,7,5,50,29
3,8,5,50,29
3,9,5,50,29
3,10,4,40,29
3,11,3,30,29
3,12,5,50,29
3,13,7,70,29
3,14,5,50,29
4,0,5,50,29
4,1,5,50,29
4,2,5,50,29
4,3,8,80,29
4,4,0,0,29
4,5,3,30,29
4,6,3,30,29
4,7,5,50,29
4,8,5,50,29
4,9,5,50,29
4,10,4,40,29
4,11,4,40,29
4,12,7,70,29
4,13,5,50,29
4,14,5,50,29
5,0,6,60,29
5,1,5,50,29
5,2,2,20,29
5,3,5,50,29
5,4,3,30,29
5,5,0,0,29
5,6,4,40,29
5,7,3,30,29
5,8,2,20,29
5,9,2,20,29
5,10,5,50,29
5,11,1,10,29
5,12,4,40,29
5,13,2,20,29
5,14,6,60,29
6,0,2,20,29
6,1,2,20,29
6,2,5,50,29
6,3,5,50,29
6,4,3,30,29
6,5,4,40,29
6,6,0,0,29
6,7,2,20,29
6,8,3,30,29
6,9,6,60,29
6,10,1,10,29
6,11,5,50,29
6,12,4,40,29
6,13,2,20,29
6,14,2,20,29
7,0,4,40,29
7,1,2,20,29
7,2,3,30,29
7,3,5,50,29
7,4,5,50,29
7,5,3,30,29
7,6,2,20,29
7,7,0,0,29
7,8,1,10,29
7,9,5,50,29
7,10,3,30,29
7,11,4,40,29
7,12,4,40,29
7,13,4,40,29
7,14,4,40,29
8,0,5,50,29
8,1,3,30,29
8,2,2,20,29
8,3,5,50,29
8,4,5,50,29
8,5,2,20,29
8,6,3,30,29
8,7,1,10,29
8,8,0,0,29
8,9,4,40,29
8,10,4,40,29
8,11,3,30,29
8,12,4,40,29
8,13,4,40,29
8,14,5,50,29
9,0,8,80,29
9,1,6,60,29
9,2,2,20,29
9,3,5,50,29
9,4,5,50,29
9,5,2,20,29
9,6,6,60,29
9,7,5,50,29
9,8,4,40,29
9,9,0,0,29
9,10,7,70,29
9,11,3,30,29
9,12,4,40,29
9,13,4,40,29
9,14,8,80,29
10,0,3,30,29
10,1,1,10,29
10,2,5,50,29
10,3,4,40,29
10,4,4,40,29
10,5,5,50,29
10,6,1,10,29
10,7,3,30,29
10,8,4,40,29
10,9,7,70,29
10,10,0,0,29
10,11,6,60,29
10,12,3,30,29
10,13,3,30,29
10,14,3,30,29
11,0,7,70,29
11,1,5,50,29
11,2,1,10,29
11,3,3,30,29
11,4,4,40,29
11,5,1,10,29
11,6,5,50,29
11,7,4,40,29
11,8,3,30,29
11,9,3,30,29
11,10,6,60,29
11,11,0,0,29
11,12,3,30,29
11,13,3,30,29
11,14,7,70,29
12,0,4,40,29
12,1,2,20,29
12,2,2,20,29
12,3,5,50,29
12,4,7,70,29
12,5,4,40,29
12,6,4,40,29
12,7,4,40,29
12,8,4,40,29
12,9,4,40,29
12,10,3,30,29
12,11,3,30,29
12,12,0,0,29
12,13,6,60,29
12,14,4,40,29
13,0,4,40,29
13,1,4,40,29
13,2,4,40,29
13,3,7,70,29
13,4,5,50,29
13,5,2,20,29
13,6,2,20,29
13,7,4,40,29
13,8,4,40,29
13,9,4,40,29
13,10,3,30,29
13,11,3,30,29
13,12,6,60,29
13,13,0,0,29
13,14,4,40,29
14,0,0,0,29
14,1,2,20,29
14,2,6,60,29
14,3,5,50,29
14,4,5,50,29
14,5,6,60,29
14,6,2,20,29
14,7,4,40,29
14,8,5,50,29
14,9,8,80,29
14,10,3,30,29
14,11,7,70,29
14,12,4,40,29
14,13,4,40,29
14,14,0,0,29
0,0,0,0,30
0,1,2,20,30
0,2,6,60,30
0,3,5,50,30
0,4,5,50,30
0,5,6,60,30
0,6,2,20,30
0,7,4,40,30
0,8,5,50,30
0,9,8,80,30
0,10,3,30,30
0,11,7,70,30
0,12,4,40,30
0,13,4,40,30
0,14,0,0,30
1,0,2,20,30
1,1,0,0,30
1,2,4,40,30
1,3,3,30,30
1,4,5,50,30
1,5,5,50,30
1,6,2,20,30
1,7,2,20,30
1,8,3,30,30
1,9,6,60,30
1,10,1,10,30
1,11,5,50,30
1,12,2,20,30
1,13,4,40,30
1,14,2,20,30
2,0,6,60,30
2,1,4,40,30
2,2,0,0,30
2,3,3,30,30
2,4,8,80,30
2,5,2,20,30
2,6,5,50,30
2,7,3,30,30
2,8,2,20,30
2,9,2,20,30
2,10,5,50,30
2,11,1,10,30
2,12,2,20,30
2,13,4,40,30
2,14,6,60,30
3,0,5,50,30
3,1,3,30,30
3,2,3,30,30
3,3,0,0,30
3,4,8,80,30
3,5,5,50,30
3,6,5,50,30
3,7,5,50,30
3,8,5,50,30
3,9,5,50,30
3,10,4,40,30
3,11,3,30,30
3,12,5,50,30
3,13,7,70,30
3,14,5,50,30
4,0,5,50,30
4,1,5,50,30
4,2,5,50,30
4,3,8,80,30
4,4,0,0,30
4,5,3,30,30
4,6,3,30,30
4,7,5,50,30
4,8,5,50,30
4,9,5,50,30
4,10,4,40,30
4,11,4,40,30
4,12,7,70,30
4,13,5,50,30
4,14,5,50,30
5,0,6,60,30
5,1,5,50,30
5,2,2,20,30
5,3,5,50,30
5,4,3,30,30
5,5,0,0,30
5,6,4,40,30
5,7,3,30,30
5,8,2,20,30
5,9,2,20,30
5,10,5,50,30
5,11,1,10,30
5,12,4,40,30
5,13,2,20,30
5,14,6,60,30
6,0,2,20,30
6,1,2,20,30
6,2,5,50,30
6,3,5,50,30
6,4,3,30,30
6,5,4,40,30
6,6,0,0,30
6,7,2,20,30
6,8,3,30,30
6,9,6,60,30
6,10,1,10,30
6,11,5,50,30
6,12,4,40,30
6,13,2,20,30
6,14,2,20,30
7,0,4,40,30
7,1,2,20,30
7,2,3,30,30
7,3,5,50,30
7,4,5,50,30
7,5,3,30,30
7,6,2,20,30
7,7,0,0,30
7,8,1,10,30
7,9,5,50,30
7,10,3,30,30
7,11,4,40,30
7,12,4,40,30
7,13,4,40,30
7,14,4,40,30
8,0,5,50,30
8,1,3,30,30
8,2,2,20,30
8,3,5,50,30
8,4,5,50,30
8,5,2,20,30
8,6,3,30,30
8,7,1,10,30
8,8,0,0,30
8,9,4,40,30
8,10,4,40,30
8,11,3,30,30
8,12,4,40,30
8,13,4,40,30
8,14,5,50,30
9,0,8,80,30
9,1,6,60,30
9,2,2,20,30
9,3,5,50,30
9,4,5,50,30
9,5,2,20,30
9,6,6,60,30
9,7,5,50,30
9,8,4,40,30
9,9,0,0,30
9,10,7,70,30
9,11,3,30,30
9,12,4,40,30
9,13,4,40,30
9,14,8,80,30
10,0,3,30,30
10,1,1,10,30
10,2,5,50,30
10,3,4,40,30
10,4,4,40,30
10,5,5,50,30
10,6,1,10,30
10,7,3,30,30
10,8,4,40,30
10,9,7,70,30
10,10,0,0,30
10,11,6,60,30
10,12,3,30,30
10,13,3,30,30
10,14,3,30,30
11,0,7,70,30
11,1,5,50,30
11,2,1,10,30
11,3,3,30,30
11,4,4,40,30
11,5,1,10,30
11,6,5,50,30
11,7,4,40,30
11,8,3,30,30
11,9,3,30,30
11,10,6,60,30
11,11,0,0,30
11,12,3,30,30
11,13,3,30,30
11,14,7,70,30
12,0,4,40,30
12,1,2,20,30
12,2,2,20,30
12,3,5,50,30
12,4,7,70,30
12,5,4,40,30
12,6,4,40,30
12,7,4,40,30
12,8,4,40,30
12,9,4,40,30
12,10,3,30,30
12,11,3,30,30
12,12,0,0,30
12,13,6,60,30
12,14,4,40,30
13,0,4,40,30
13,1,4,40,30
13,2,4,40,30
13,3,7,70,30
13,4,5,50,30
13,5,2,20,30
13,6,2,20,30
13,7,4,40,30
13,8,4,40,30
13,9,4,40,30
13,10,3,30,30
13,11,3,30,30
13,12,6,60,30
13,13,0,0,30
13,14,4,40,30
14,0,0,0,30
14,1,2,20,30
14,2,6,60,30
14,3,5,50,30
14,4,5,50,30
14,5,6,60,30
14,6,2,20,30
14,7,4,40,30
14,8,5,50,30
14,9,8,80,30
14,10,3,30,30
14,11,7,70,30
14,12,4,40,30
14,13,4,40,30
14,14,0,0,30
0,0,0,0,31
0,1,2,20,31
0,2,6,60,31
0,3,5,50,31
0,4,5,50,31
0,5,6,60,31
0,6,2,20,31
0,7,4,40,31
0,8,5,50,31
0,9,8,80,31
0,10,3,30,31
0,11,7,70,31
0,12,4,40,31
0,13,4,40,31
0,14,0,0,31
1,0,2,20,31
1,1,0,0,31
1,2,4,40,31
1,3,3,30,31
1,4,5,50,31
1,5,5,50,31
1,6,2,20,31
1,7,2,20,31
1,8,3,30,31
1,9,6,60,31
1,10,1,10,31
1,11,5,50,31
1,12,2,20,31
1,13,4,40,31
1,14,2,20,31
2,0,6,60,31
2,1,4,40,31
2,2,0,0,31
2,3,3,30,31
2,4,8,80,31
2,5,2,20,31
2,6,5,50,31
2,7,3,30,31
2,8,2,20,31
2,9,2,20,31
2,10,5,50,31
2,11,1,10,31
2,12,2,20,31
2,13,4,40,31
2,14,6,60,31
3,0,5,50,31
3,1,3,30,31
3,2,3,30,31
3,3,0,0,31
3,4,8,80,31
3,5,5,50,31
3,6,5,50,31
3,7,5,50,31
3,8,5,50,31
3,9,5,50,31
3,10,4,40,31
3,11,3,30,31
3,12,5,50,31
3,13,7,70,31
3,14,5,50,31
4,0,5,50,31
4,1,5,50,31
4,2,5,50,31
4,3,8,80,31
4,4,0,0,31
4,5,3,30,31
4,6,3,30,31
4,7,5,50,31
4,8,5,50,31
4,9,5,50,31
4,10,4,40,31
4,11,4,40,31
4,12,7,70,31
4,13,5,50,31
4,14,5,50,31
5,0,6,60,31
5,1,5,50,31
5,2,2,20,31
5,3,5,50,31
5,4,3,30,31
5,5,0,0,31
5,6,4,40,31
5,7,3,30,31
5,8,2,20,31
5,9,2,20,31
5,10,5,50,31
5,11,1,10,31
5,12,4,40,31
5,13,2,20,31
5,14,6,60,31
6,0,2,20,31
6,1,2,20,31
6,2,5,50,31
6,3,5,50,31
6,4,3,30,31
6,5,4,40,31
6,6,0,0,31
6,7,2,20,31
6,8,3,30,31
6,9,6,60,31
6,10,1,10,31
6,11,5,50,31
6,12,4,40,31
6,13,2,20,31
6,14,2,20,31
7,0,4,40,31
7,1,2,20,31
7,2,3,30,31
7,3,5,50,31
7,4,5,50,31
7,5,3,30,31
7,6,2,20,31
7,7,0,0,31
7,8,1,10,31
7,9,5,50,31
7,10,3,30,31
7,11,4,40,31
7,12,4,40,31
7,13,4,40,31
7,14,4,40,31
8,0,5,50,31
8,1,3,30,31
8,2,2,20,31
8,3,5,50,31
8,4,5,50,31
8,5,2,20,31
8,6,3,30,31
8,7,1,10,31
8,8,0,0,31
8,9,4,40,31
8,10,4,40,31
8,11,3,30,31
8,12,4,40,31
8,13,4,40,31
8,14,5,50,31
9,0,8,80,31
9,1,6,60,31
9,2,2,20,31
9,3,5,50,31
9,4,5,50,31
9,5,2,20,31
9,6,6,60,31
9,7,5,50,31
9,8,4,40,31
9,9,0,0,31
9,10,7,70,31
9,11,3,30,31
9,12,4,40,31
9,13,4,40,31
9,14,8,80,31
10,0,3,30,31
10,1,1,10,31
10,2,5,50,31
10,3,4,40,31
10,4,4,40,31
10,5,5,50,31
10,6,1,10,31
10,7,3,30,31
10,8,4,40,31
10,9,7,70,31
10,10,0,0,31
10,11,6,60,31
10,12,3,30,31
10,13,3,30,31
10,14,3,30,31
11,0,7,70,31
11,1,5,50,31
11,2,1,10,31
11,3,3,30,31
11,4,4,40,31
11,5,1,10,31
11,6,5,50,31
11,7,4,40,31
11,8,3,30,31
11,9,3,30,31
11,10,6,60,31
11,11,0,0,31
11,12,3,30,31
11,13,3,30,31
11,14,7,70,31
12,0,4,40,31
12,1,2,20,31
12,2,2,20,31
12,3,5,50,31
12,4,7,70,31
12,5,4,40,31
12,6,4,40,31
12,7,4,40,31
12,8,4,40,31
12,9,4,40,31
12,10,3,30,31
12,11,3,30,31
12,12,0,0,31
12,13,6,60,31
12,14,4,40,31
13,0,4,40,31
13,1,4,40,31
13,2,4,40,31
13,3,7,70,31
13,4,5,50,31
13,5,2,20,31
13,6,2,20,31
13,7,4,40,31
13,8,4,40,31
13,9,4,40,31
13,10,3,30,31
13,11,3,30,31
13,12,6,60,31
13,13,0,0,31
13,14,4,40,31
14,0,0,0,31
14,1,2,20,31
14,2,6,60,31
14,3,5,50,31
14,4,5,50,31
14,5,6,60,31
14,6,2,20,31
14,7,4,40,31
14,8,5,50,31
14,9,8,80,31
14,10,3,30,31
14,11,7,70,31
14,12,4,40,31
14,13,4,40,31
14,14,0,0,31
0,0,0,0,32
0,1,2,20,32
0,2,6,60,32
0,3,5,50,32
0,4,5,50,32
0,5,6,60,32
0,6,2,20,32
0,7,4,40,32
0,8,5,50,32
0,9,8,80,32
0,10,3,30,32
0,11,7,70,32
0,12,4,40,32
0,13,4,40,32
0,14,0,0,32
1,0,2,20,32
1,1,0,0,32
1,2,4,40,32
1,3,3,30,32
1,4,5,50,32
1,5,5,50,32
1,6,2,20,32
1,7,2,20,32
1,8,3,30,32
1,9,6,60,32
1,10,1,10,32
1,11,5,50,32
1,12,2,20,32
1,13,4,40,32
1,14,2,20,32
2,0,6,60,32
2,1,4,40,32
2,2,0,0,32
2,3,3,30,32
2,4,8,80,32
2,5,2,20,32
2,6,5,50,32
2,7,3,30,32
2,8,2,20,32
2,9,2,20,32
2,10,5,50,32
2,11,1,10,32
2,12,2,20,32
2,13,4,40,32
2,14,6,60,32
3,0,5,50,32
3,1,3,30,32
3,2,3,30,32
3,3,0,0,32
3,4,8,80,32
3,5,5,50,32
3,6,5,50,32
3,7,5,50,32
3,8,5,50,32
3,9,5,50,32
3,10,4,40,32
3,11,3,30,32
3,12,5,50,32
3,13,7,70,32
3,14,5,50,32
4,0,5,50,32
4,1,5,50,32
4,2,5,50,32
4,3,8,80,32
4,4,0,0,32
4,5,3,30,32
4,6,3,30,32
4,7,5,50,32
4,8,5,50,32
4,9,5,50,32
4,10,4,40,32
4,11,4,40,32
4,12,7,70,32
4,13,5,50,32
4,14,5,50,32
5,0,6,60,32
5,1,5,50,32
5,2,2,20,32
5,3,5,50,32
5,4,3,30,32
5,5,0,0,32
5,6,4,40,32
5,7,3,30,32
5,8,2,20,32
5,9,2,20,32
5,10,5,50,32
5,11,1,10,32
5,12,4,40,32
5,13,2,20,32
5,14,6,60,32
6,0,2,20,32
6,1,2,20,32
6,2,5,50,32
6,3,5,50,32
6,4,3,30,32
6,5,4,40,32
6,6,0,0,32
6,7,2,20,32
6,8,3,30,32
6,9,6,60,32
6,10,1,10,32
6,11,5,50,32
6,12,4,40,32
6,13,2,20,32
6,14,2,20,32
7,0,4,40,32
7,1,2,20,32
7,2,3,30,32
7,3,5,50,32
7,4,5,50,32
7,5,3,30,32
7,6,2,20,32
7,7,0,0,32
7,8,1,10,32
7,9,5,50,32
7,10,3,30,32
7,11,4,40,32
7,12,4,40,32
7,13,4,40,32
7,14,4,40,32
8,0,5,50,32
8,1,3,30,32
8,2,2,20,32
8,3,5,50,32
8,4,5,50,32
8,5,2,20,32
8,6,3,30,32
8,7,1,10,32
8,8,0,0,32
8,9,4,40,32
8,10,4,40,32
8,11,3,30,32
8,12,4,40,32
8,13,4,40,32
8,14,5,50,32
9,0,8,80,32
9,1,6,60,32
9,2,2,20,32
9,3,5,50,32
9,4,5,50,32
9,5,2,20,32
9,6,6,60,32
9,7,5,50,32
9,8,4,40,32
9,9,0,0,32
9,10,7,70,32
9,11,3,30,32
9,12,4,40,32
9,13,4,40,32
9,14,8,80,32
10,0,3,30,32
10,1,1,10,32
10,2,5,50,32
10,3,4,40,32
10,4,4,40,32
10,5,5,50,32
10,6,1,10,32
10,7,3,30,32
10,8,4,40,32
10,9,7,70,32
10,10,0,0,32
10,11,6,60,32
10,12,3,30,32
10,13,3,30,32
10,14,3,30,32
11,0,7,70,32
11,1,5,50,32
11,2,1,10,32
11,3,3,30,32
11,4,4,40,32
11,5,1,10,32
11,6,5,50,32
11,7,4,40,32
11,8,3,30,32
11,9,3,30,32
11,10,6,60,32
11,11,0,0,32
11,12,3,30,32
11,13,3,30,32
11,14,7,70,32
12,0,4,40,32
12,1,2,20,32
12,2,2,20,32
12,3,5,50,32
12,4,7,70,32
12,5,4,40,32
12,6,4,40,32
12,7,4,40,32
12,8,4,40,32
12,9,4,40,32
12,10,3,30,32
12,11,3,30,32
12,12,0,0,32
12,13,6,60,32
12,14,4,40,32
13,0,4,40,32
13,1,4,40,32
13,2,4,40,32
13,3,7,70,32
13,4,5,50,32
13,5,2,20,32
13,6,2,20,32
13,7,4,40,32
13,8,4,40,32
13,9,4,40,32
13,10,3,30,32
13,11,3,30,32
13,12,6,60,32
13,13,0,0,32
13,14,4,40,32
14,0,0,0,32
14,1,2,20,32
14,2,6,60,32
14,3,5,50,32
14,4,5,50,32
14,5,6,60,32
14,6,2,20,32
14,7,4,40,32
14,8,5,50,32
14,9,8,80,32
14,10,3,30,32
14,11,7,70,32
14,12,4,40,32
14,13,4,40,32
14,14,0,0,32
0,0,0,0,33
0,1,2,20,33
0,2,6,60,33
0,3,5,50,33
0,4,5,50,33
0,5,6,60,33
0,6,2,20,33
0,7,4,40,33
0,8,5,50,33
0,9,8,80,33
0,10,3,30,33
0,11,7,70,33
0,12,4,40,33
0,13,4,40,33
0,14,0,0,33
1,0,2,20,33
1,1,0,0,33
1,2,4,40,33
1,3,3,30,33
1,4,5,50,33
1,5,5,50,33
1,6,2,20,33
1,7,2,20,33
1,8,3,30,33
1,9,6,60,33
1,10,1,10,33
1,11,5,50,33
1,12,2,20,33
1,13,4,40,33
1,14,2,20,33
2,0,6,60,33
2,1,4,40,33
2,2,0,0,33
2,3,3,30,33
2,4,8,80,33
2,5,2,20,33
2,6,5,50,33
2,7,3,30,33
2,8,2,20,33
2,9,2,20,33
2,10,5,50,33
2,11,1,10,33
2,12,2,20,33
2,13,4,40,33
2,14,6,60,33
3,0,5,50,33
3,1,3,30,33
3,2,3,30,33
3,3,0,0,33
3,4,8,80,33
3,5,5,50,33
3,6,5,50,33
3,7,5,50,33
3,8,5,50,33
3,9,5,50,33
3,10,4,40,33
3,11,3,30,33
3,12,5,50,33
3,13,7,70,33
3,14,5,50,33
4,0,5,50,33
4,1,5,50,33
4,2,5,50,33
4,3,8,80,33
4,4,0,0,33
4,5,3,30,33
4,6,3,30,33
4,7,5,50,33
4,8,5,50,33
4,9,5,50,33
4,10,4,40,33
4,11,4,40,33
4,12,7,70,33
4,13,5,50,33
4,14,5,50,33
5,0,6,60,33
5,1,5,50,33
5,2,2,20,33
5,3,5,50,33
5,4,3,30,33
5,5,0,0,33
5,6,4,40,33
5,7,3,30,33
5,8,2,20,33
5,9,2,20,33
5,10,5,50,33
5,11,1,10,33
5,12,4,40,33
5,13,2,20,33
5,14,6,60,33
6,0,2,20,33
6,1,2,20,33
6,2,5,50,33
6,3,5,50,33
6,4,3,30,33
6,5,4,40,33
6,6,0,0,33
6,7,2,20,33
6,8,3,30,33
6,9,6,60,33
6,10,1,10,33
6,11,5,50,33
6,12,4,40,33
6,13,2,20,33
6,14,2,20,33
7,0,4,40,33
7,1,2,20,33
7,2,3,30,33
7,3,5,50,33
7,4,5,50,33
7,5,3,30,33
7,6,2,20,33
7,7,0,0,33
7,8,1,10,33
7,9,5,50,33
7,10,3,30,33
7,11,4,40,33
7,12,4,40,33
7,13,4,40,33
7,14,4,40,33
8,0,5,50,33
8,1,3,30,33
8,2,2,20,33
8,3,5,50,33
8,4,5,50,33
8,5,2,20,33
8,6,3,30,33
8,7,1,10,33
8,8,0,0,33
8,9,4,40,33
8,10,4,40,33
8,11,3,30,33
8,12,4,40,33
8,13,4,40,33
8,14,5,50,33
9,0,8,80,33
9,1,6,60,33
9,2,2,20,33
9,3,5,50,33
9,4,5,50,33
9,5,2,20,33
9,6,6,60,33
9,7,5,50,33
9,8,4,40,33
9,9,0,0,33
9,10,7,70,33
9,11,3,30,33
9,12,4,40,33
9,13,4,40,33
9,14,8,80,33
10,0,3,30,33
10,1,1,10,33
10,2,5,50,33
10,3,4,40,33
10,4,4,40,33
10,5,5,50,33
10,6,1,10,33
10,7,3,30,33
10,8,4,40,33
10,9,7,70,33
10,10,0,0,33
10,11,6,60,33
10,12,3,30,33
10,13,3,30,33
10,14,3,30,33
11,0,7,70,33
11,1,5,50,33
11,2,1,10,33
11,3,3,30,33
11,4,4,40,33
11,5,1,10,33
11,6,5,50,33
11,7,4,40,33
11,8,3,30,33
11,9,3,30,33
11,10,6,60,33
11,11,0,0,33
11,12,3,30,33
11,13,3,30,33
11,14,7,70,33
12,0,4,40,33
12,1,2,20,33
12,2,2,20,33
12,3,5,50,33
12,4,7,70,33
12,5,4,40,33
12,6,4,40,33
12,7,4,40,33
12,8,4,40,33
12,9,4,40,33
12,10,3,30,33
12,11,3,30,33
12,12,0,0,33
12,13,6,60,33
12,14,4,40,33
13,0,4,40,33
13,1,4,40,33
13,2,4,40,33
13,3,7,70,33
13,4,5,50,33
13,5,2,20,33
13,6,2,20,33
13,7,4,40,33
13,8,4,40,33
13,9,4,40,33
13,10,3,30,33
13,11,3,30,33
13,12,6,60,33
13,13,0,0,33
13,14,4,40,33
14,0,0,0,33
14,1,2,20,33
14,2,6,60,33
14,3,5,50,33
14,4,5,50,33
14,5,6,60,33
14,6,2,20,33
14,7,4,40,33
14,8,5,50,33
14,9,8,80,33
14,10,3,30,33
14,11,7,70,33
14,12,4,40,33
14,13,4,40,33
14,14,0,0,33
0,0,0,0,34
0,1,2,20,34
0,2,6,60,34
0,3,5,50,34
0,4,5,50,34
0,5,6,60,34
0,6,2,20,34
0,7,4,40,34
0,8,5,50,34
0,9,8,80,34
0,10,3,30,34
0,11,7,70,34
0,12,4,40,34
0,13,4,40,34
0,14,0,0,34
1,0,2,20,34
1,1,0,0,34
1,2,4,40,34
1,3,3,30,34
1,4,5,50,34
1,5,5,50,34
1,6,2,20,34
1,7,2,20,34
1,8,3,30,34
1,9,6,60,34
1,10,1,10,34
1,11,5,50,34
1,12,2,20,34
1,13,4,40,34
1,14,2,20,34
2,0,6,60,34
2,1,4,40,34
2,2,0,0,34
2,3,3,30,34
2,4,8,80,34
2,5,2,20,34
2,6,5,50,34
2,7,3,30,34
2,8,2,20,34
2,9,2,20,34
2,10,5,50,34
2,11,1,10,34
2,12,2,20,34
2,13,4,40,34
2,14,6,60,34
3,0,5,50,34
3,1,3,30,34
3,2,3,30,34
3,3,0,0,34
3,4,8,80,34
3,5,5,50,34
3,6,5,50,34
3,7,5,50,34
3,8,5,50,34
3,9,5,50,34
3,10,4,40,34
3,11,3,30,34
3,12,5,50,34
3,13,7,70,34
3,14,5,50,34
4,0,5,50,34
4,1,5,50,34
4,2,5,50,34
4,3,8,80,34
4,4,0,0,34
4,5,3,30,34
4,6,3,30,34
4,7,5,50,34
4,8,5,50,34
4,9,5,50,34
4,10,4,40,34
4,11,4,40,34
4,12,7,70,34
4,13,5,50,34
4,14,5,50,34
5,0,6,60,34
5,1,5,50,34
5,2,2,20,34
5,3,5,50,34
5,4,3,30,34
5,5,0,0,34
5,6,4,40,34
5,7,3,30,34
5,8,2,20,34
5,9,2,20,34
5,10,5,50,34
5,11,1,10,34
5,12,4,40,34
5,13,2,20,34
5,14,6,60,34
6,0,2,20,34
6,1,2,20,34
6,2,5,50,34
6,3,5,50,34
6,4,3,30,34
6,5,4,40,34
6,6,0,0,34
6,7,2,20,34
6,8,3,30,34
6,9,6,60,34
6,10,1,10,34
6,11,5,50,34
6,12,4,40,34
6,13,2,20,34
6,14,2,20,34
7,0,4,40,34
7,1,2,20,34
7,2,3,30,34
7,3,5,50,34
7,4,5,50,34
7,5,3,30,34
7,6,2,20,34
7,7,0,0,34
7,8,1,10,34
7,9,5,50,34
7,10,3,30,34
7,11,4,40,34
7,12,4,40,34
7,13,4,40,34
7,14,4,40,34
8,0,5,50,34
8,1,3,30,34
8,2,2,20,34
8,3,5,50,34
8,4,5,50,34
8,5,2,20,34
8,6,3,30,34
8,7,1,10,34
8,8,0,0,34
8,9,4,40,34
8,10,4,40,34
8,11,3,30,34
8,12,4,40,34
8,13,4,40,34
8,14,5,50,34
9,0,8,80,34
9,1,6,60,34
9,2,2,20,34
9,3,5,50,34
9,4,5,50,34
9,5,2,20,34
9,6,6,60,34
9,7,5,50,34
9,8,4,40,34
9,9,0,0,34
9,10,7,70,34
9,11,3,30,34
9,12,4,40,34
9,13,4,40,34
9,14,8,80,34
10,0,3,30,34
10,1,1,10,34
10,2,5,50,34
10,3,4,40,34
10,4,4,40,34
10,5,5,50,34
10,6,1,10,34
10,7,3,30,34
10,8,4,40,34
10,9,7,70,34
10,10,0,0,34
10,11,6,60,34
10,12,3,30,34
10,13,3,30,34
10,14,3,30,34
11,0,7,70,34
11,1,5,50,34
11,2,1,10,34
11,3,3,30,34
11,4,4,40,34
11,5,1,10,34
11,6,5,50,34
11,7,4,40,34
11,8,3,30,34
11,9,3,30,34
11,10,6,60,34
11,11,0,0,34
11,12,3,30,34
11,13,3,30,34
11,14,7,70,34
12,0,4,40,34
12,1,2,20,34
12,2,2,20,34
12,3,5,50,34
12,4,7,70,34
12,5,4,40,34
12,6,4,40,34
12,7,4,40,34
12,8,4,40,34
12,9,4,40,34
12,10,3,30,34
12,11,3,30,34
12,12,0,0,34
12,13,6,60,34
12,14,4,40,34
13,0,4,40,34
13,1,4,40,34
13,2,4,40,34
13,3,7,70,34
13,4,5,50,34
13,5,2,20,34
13,6,2,20,34
13,7,4,40,34
13,8,4,40,34
13,9,4,40,34
13,10,3,30,34
13,11,3,30,34
13,12,6,60,34
13,13,0,0,34
13,14,4,40,34
14,0,0,0,34
14,1,2,20,34
14,2,6,60,34
14,3,5,50,34
14,4,5,50,34
14,5,6,60,34
14,6,2,20,34
14,7,4,40,34
14,8,5,50,34
14,9,8,80,34
14,10,3,30,34
14,11,7,70,34
14,12,4,40,34
14,13,4,40,34
14,14,0,0,34
0,0,0,0,35
0,1,2,20,35
0,2,6,60,35
0,3,5,50,35
0,4,5,50,35
0,5,6,60,35
0,6,2,20,35
0,7,4,40,35
0,8,5,50,35
0,9,8,80,35
0,10,3,30,35
0,11,7,70,35
0,12,4,40,35
0,13,4,40,35
0,14,0,0,35
1,0,2,20,35
1,1,0,0,35
1,2,4,40,35
1,3,3,30,35
1,4,5,50,35
1,5,5,50,35
1,6,2,20,35
1,7,2,20,35
1,8,3,30,35
1,9,6,60,35
1,10,1,10,35
1,11,5,50,35
1,12,2,20,35
1,13,4,40,35
1,14,2,20,35
2,0,6,60,35
2,1,4,40,35
2,2,0,0,35
2,3,3,30,35
2,4,8,80,35
2,5,2,20,35
2,6,5,50,35
2,7,3,30,35
2,8,2,20,35
2,9,2,20,35
2,10,5,50,35
2,11,1,10,35
2,12,2,20,35
2,13,4,40,35
2,14,6,60,35
3,0,5,50,35
3,1,3,30,35
3,2,3,30,35
3,3,0,0,35
3,4,8,80,35
3,5,5,50,35
3,6,5,50,35
3,7,5,50,35
3,8,5,50,35
3,9,5,50,35
3,10,4,40,35
3,11,3,30,35
3,12,5,50,35
3,13,7,70,35
3,14,5,50,35
4,0,5,50,35
4,1,5,50,35
4,2,5,50,35
4,3,8,80,35
4,4,0,0,35
4,5,3,30,35
4,6,3,30,35
4,7,5,50,35
4,8,5,50,35
4,9,5,50,35
4,10,4,40,35
4,11,4,40,35
4,12,7,70,35
4,13,5,50,35
4,14,5,50,35
5,0,6,60,35
5,1,5,50,35
5,2,2,20,35
5,3,5,50,35
5,4,3,30,35
5,5,0,0,35
5,6,4,40,35
5,7,3,30,35
5,8,2,20,35
5,9,2,20,35
5,10,5,50,35
5,11,1,10,35
5,12,4,40,35
5,13,2,20,35
5,14,6,60,35
6,0,2,20,35
6,1,2,20,35
6,2,5,50,35
6,3,5,50,35
6,4,3,30,35
6,5,4,40,35
6,6,0,0,35
6,7,2,20,35
6,8,3,30,35
6,9,6,60,35
6,10,1,10,35
6,11,5,50,35
6,12,4,40,35
6,13,2,20,35
6,14,2,20,35
7,0,4,40,35
7,1,2,20,35
7,2,3,30,35
7,3,5,50,35
7,4,5,50,35
7,5,3,30,35
7,6,2,20,35
7,7,0,0,35
7,8,1,10,35
7,9,5,50,35
7,10,3,30,35
7,11,4,40,35
7,12,4,40,35
7,13,4,40,35
7,14,4,40,35
8,0,5,50,35
8,1,3,30,35
8,2,2,20,35
8,3,5,50,35
8,4,5,50,35
8,5,2,20,35
8,6,3,30,35
8,7,1,10,35
8,8,0,0,35
8,9,4,40,35
8,10,4,40,35
8,11,3,30,35
8,12,4,40,35
8,13,4,40,35
8,14,5,50,35
9,0,8,80,35
9,1,6,60,35
9,2,2,20,35
9,3,5,50,35
9,4,5,50,35
9,5,2,20,35
9,6,6,60,35
9,7,5,50,35
9,8,4,40,35
9,9,0,0,35
9,10,7,70,35
9,11,3,30,35
9,12,4,40,35
9,13,4,40,35
9,14,8,80,35
10,0,3,30,35
10,1,1,10,35
10,2,5,50,35
10,3,4,40,35
10,4,4,40,35
10,5,5,50,35
10,6,1,10,35
10,7,3,30,35
10,8,4,40,35
10,9,7,70,35
10,10,0,0,35
10,11,6,60,35
10,12,3,30,35
10,13,3,30,35
10,14,3,30,35
11,0,7,70,35
11,1,5,50,35
11,2,1,10,35
11,3,3,30,35
11,4,4,40,35
11,5,1,10,35
11,6,5,50,35
11,7,4,40,35
11,8,3,30,35
11,9,3,30,35
11,10,6,60,35
11,11,0,0,35
11,12,3,30,35
11,13,3,30,35
11,14,7,70,35
12,0,4,40,35
12,1,2,20,35
12,2,2,20,35
12,3,5,50,35
12,4,7,70,35
12,5,4,40,35
12,6,4,40,35
12,7,4,40,35
12,8,4,40,35
12,9,4,40,35
12,10,3,30,35
12,11,3,30,35
12,12,0,0,35
12,13,6,60,35
12,14,4,40,35
13,0,4,40,35
13,1,4,40,35
13,2,4,40,35
13,3,7,70,35
13,4,5,50,35
13,5,2,20,35
13,6,2,20,35
13,7,4,40,35
13,8,4,40,35
13,9,4,40,35
13,10,3,30,35
13,11,3,30,35
13,12,6,60,35
13,13,0,0,35
13,14,4,40,35
14,0,0,0,35
14,1,2,20,35
14,2,6,60,35
14,3,5,50,35
14,4,5,50,35
14,5,6,60,35
14,6,2,20,35
14,7,4,40,35
14,8,5,50,35
14,9,8,80,35
14,10,3,30,35
14,11,7,70,35
14,12,4,40,35
14,13,4,40,35
14,14,0,0,35
0,0,0,0,36
0,1,2,20,36
0,2,6,60,36
0,3,5,50,36
0,4,5,50,36
0,5,6,60,36
0,6,2,20,36
0,7,4,40,36
0,8,5,50,36
0,9,8,80,36
0,10,3,30,36
0,11,7,70,36
0,12,4,40,36
0,13,4,40,36
0,14,0,0,36
1,0,2,20,36
1,1,0,0,36
1,2,4,40,36
1,3,3,30,36
1,4,5,50,36
1,5,5,50,36
1,6,2,20,36
1,7,2,20,36
1,8,3,30,36
1,9,6,60,36
1,10,1,10,36
1,11,5,50,36
1,12,2,20,36
1,13,4,40,36
1,14,2,20,36
2,0,6,60,36
2,1,4,40,36
2,2,0,0,36
2,3,3,30,36
2,4,8,80,36
2,5,2,20,36
2,6,5,50,36
2,7,3,30,36
2,8,2,20,36
2,9,2,20,36
2,10,5,50,36
2,11,1,10,36
2,12,2,20,36
2,13,4,40,36
2,14,6,60,36
3,0,5,50,36
3,1,3,30,36
3,2,3,30,36
3,3,0,0,36
3,4,8,80,36
3,5,5,50,36
3,6,5,50,36
3,7,5,50,36
3,8,5,50,36
3,9,5,50,36
3,10,4,40,36
3,11,3,30,36
3,12,5,50,36
3,13,7,70,36
3,14,5,50,36
4,0,5,50,36
4,1,5,50,36
4,2,5,50,36
4,3,8,80,36
4,4,0,0,36
4,5,3,30,36
4,6,3,30,36
4,7,5,50,36
4,8,5,50,36
4,9,5,50,36
4,10,4,40,36
4,11,4,40,36
4,12,7,70,36
4,13,5,50,36
4,14,5,50,36
5,0,6,60,36
5,1,5,50,36
5,2,2,20,36
5,3,5,50,36
5,4,3,30,36
5,5,0,0,36
5,6,4,40,36
5,7,3,30,36
5,8,2,20,36
5,9,2,20,36
5,10,5,50,36
5,11,1,10,36
5,12,4,40,36
5,13,2,20,36
5,14,6,60,36
6,0,2,20,36
6,1,2,20,36
6,2,5,50,36
6,3,5,50,36
6,4,3,30,36
6,5,4,40,36
6,6,0,0,36
6,7,2,20,36
6,8,3,30,36
6,9,6,60,36
6,10,1,10,36
6,11,5,50,36
6,12,4,40,36
6,13,2,20,36
6,14,2,20,36
7,0,4,40,36
7,1,2,20,36
7,2,3,30,36
7,3,5,50,36
7,4,5,50,36
7,5,3,30,36
7,6,2,20,36
7,7,0,0,36
7,8,1,10,36
7,9,5,50,36
7,10,3,30,36
7,11,4,40,36
7,12,4,40,36
7,13,4,40,36
7,14,4,40,36
8,0,5,50,36
8,1,3,30,36
8,2,2,20,36
8,3,5,50,36
8,4,5,50,36
8,5,2,20,36
8,6,3,30,36
8,7,1,10,36
8,8,0,0,36
8,9,4,40,36
8,10,4,40,36
8,11,3,30,36
8,12,4,40,36
8,13,4,40,36
8,14,5,50,36
9,0,8,80,36
9,1,6,60,36
9,2,2,20,36
9,3,5,50,36
9,4,5,50,36
9,5,2,20,36
9,6,6,60,36
9,7,5,50,36
9,8,4,40,36
9,9,0,0,36
9,10,7,70,36
9,11,3,30,36
9,12,4,40,36
9,13,4,40,36
9,14,8,80,36
10,0,3,30,36
10,1,1,10,36
10,2,5,50,36
10,3,4,40,36
10,4,4,40,36
10,5,5,50,36
10,6,1,10,36
10,7,3,30,36
10,8,4,40,36
10,9,7,70,36
10,10,0,0,36
10,11,6,60,36
10,12,3,30,36
10,13,3,30,36
10,14,3,30,36
11,0,7,70,36
11,1,5,50,36
11,2,1,10,36
11,3,3,30,36
11,4,4,40,36
11,5,1,10,36
11,6,5,50,36
11,7,4,40,36
11,8,3,30,36
11,9,3,30,36
11,10,6,60,36
11,11,0,0,36
11,12,3,30,36
11,13,3,30,36
11,14,7,70,36
12,0,4,40,36
12,1,2,20,36
12,2,2,20,36
12,3,5,50,36
12,4,7,70,36
12,5,4,40,36
12,6,4,40,36
12,7,4,40,36
12,8,4,40,36
12,9,4,40,36
12,10,3,30,36
12,11,3,30,36
12,12,0,0,36
12,13,6,60,36
12,14,4,40,36
13,0,4,40,36
13,1,4,40,36
13,2,4,40,36
13,3,7,70,36
13,4,5,50,36
13,5,2,20,36
13,6,2,20,36
13,7,4,40,36
13,8,4,40,36
13,9,4,40,36
13,10,3,30,36
13,11,3,30,36
13,12,6,60,36
13,13,0,0,36
13,14,4,40,36
14,0,0,0,36
14,1,2,20,36
14,2,6,60,36
14,3,5,50,36
14,4,5,50,36
14,5,6,60,36
14,6,2,20,36
14,7,4,40,36
14,8,5,50,36
14,9,8,80,36
14,10,3,30,36
14,11,7,70,36
14,12,4,40,36
14,13,4,40,36
14,14,0,0,36
0,0,0,0,37
0,1,2,20,37
0,2,6,60,37
0,3,5,50,37
0,4,5,50,37
0,5,6,60,37
0,6,2,20,37
0,7,4,40,37
0,8,5,50,37
0,9,8,80,37
0,10,3,30,37
0,11,7,70,37
0,12,4,40,37
0,13,4,40,37
0,14,0,0,37
1,0,2,20,37
1,1,0,0,37
1,2,4,40,37
1,3,3,30,37
1,4,5,50,37
1,5,5,50,37
1,6,2,20,37
1,7,2,20,37
1,8,3,30,37
1,9,6,60,37
1,10,1,10,37
1,11,5,50,37
1,12,2,20,37
1,13,4,40,37
1,14,2,20,37
2,0,6,60,37
2,1,4,40,37
2,2,0,0,37
2,3,3,30,37
2,4,8,80,37
2,5,2,20,37
2,6,5,50,37
2,7,3,30,37
2,8,2,20,37
2,9,2,20,37
2,10,5,50,37
2,11,1,10,37
2,12,2,20,37
2,13,4,40,37
2,14,6,60,37
3,0,5,50,37
3,1,3,30,37
3,2,3,30,37
3,3,0,0,37
3,4,8,80,37
3,5,5,50,37
3,6,5,50,37
3,7,5,50,37
3,8,5,50,37
3,9,5,50,37
3,10,4,40,37
3,11,3,30,37
3,12,5,50,37
3,13,7,70,37
3,14,5,50,37
4,0,5,50,37
4,1,5,50,37
4,2,5,50,37
4,3,8,80,37
4,4,0,0,37
4,5,3,30,37
4,6,3,30,37
4,7,5,50,37
4,8,5,50,37
4,9,5,50,37
4,10,4,40,37
4,11,4,40,37
4,12,7,70,37
4,13,5,50,37
4,14,5,50,37
5,0,6,60,37
5,1,5,50,37
5,2,2,20,37
5,3,5,50,37
5,4,3,30,37
5,5,0,0,37
5,6,4,40,37
5,7,3,30,37
5,8,2,20,37
5,9,2,20,37
5,10,5,50,37
5,11,1,10,37
5,12,4,40,37
5,13,2,20,37
5,14,6,60,37
6,0,2,20,37
6,1,2,20,37
6,2,5,50,37
6,3,5,50,37
6,4,3,30,37
6,5,4,40,37
6,6,0,0,37
6,7,2,20,37
6,8,3,30,37
6,9,6,60,37
6,10,1,10,37
6,11,5,50,37
6,12,4,40,37
6,13,2,20,37
6,14,2,20,37
7,0,4,40,37
7,1,2,20,37
7,2,3,30,37
7,3,5,50,37
7,4,5,50,37
7,5,3,30,37
7,6,2,20,37
7,7,0,0,37
7,8,1,10,37
7,9,5,50,37
7,10,3,30,37
7,11,4,40,37
7,12,4,40,37
7,13,4,40,37
7,14,4,40,37
8,0,5,50,37
8,1,3,30,37
8,2,2,20,37
8,3,5,50,37
8,4,5,50,37
8,5,2,20,37
8,6,3,30,37
8,7,1,10,37
8,8,0,0,37
8,9,4,40,37
8,10,4,40,37
8,11,3,30,37
8,12,4,40,37
8,13,4,40,37
8,14,5,50,37
9,0,8,80,37
9,1,6,60,37
9,2,2,20,37
9,3,5,50,37
9,4,5,50,37
9,5,2,20,37
9,6,6,60,37
9,7,5,50,37
9,8,4,40,37
9,9,0,0,37
9,10,7,70,37
9,11,3,30,37
9,12,4,40,37
9,13,4,40,37
9,14,8,80,37
10,0,3,30,37
10,1,1,10,37
10,2,5,50,37
10,3,4,40,37
10,4,4,40,37
10,5,5,50,37
10,6,1,10,37
10,7,3,30,37
10,8,4,40,37
10,9,7,70,37
10,10,0,0,37
10,11,6,60,37
10,12,3,30,37
10,13,3,30,37
10,14,3,30,37
11,0,7,70,37
11,1,5,50,37
11,2,1,10,37
11,3,3,30,37
11,4,4,40,37
11,5,1,10,37
11,6,5,50,37
11,7,4,40,37
11,8,3,30,37
11,9,3,30,37
11,10,6,60,37
11,11,0,0,37
11,12,3,30,37
11,13,3,30,37
11,14,7,70,37
12,0,4,40,37
12,1,2,20,37
12,2,2,20,37
12,3,5,50,37
12,4,7,70,37
12,5,4,40,37
12,6,4,40,37
12,7,4,40,37
12,8,4,40,37
12,9,4,40,37
12,10,3,30,37
12,11,3,30,37
12,12,0,0,37
12,13,6,60,37
12,14,4,40,37
13,0,4,40,37
13,1,4,40,37
13,2,4,40,37
13,3,7,70,37
13,4,5,50,37
13,5,2,20,37
13,6,2,20,37
13,7,4,40,37
13,8,4,40,37
13,9,4,40,37
13,10,3,30,37
13,11,3,30,37
13,12,6,60,37
13,13,0,0,37
13,14,4,40,37
14,0,0,0,37
14,1,2,20,37
14,2,6,60,37
14,3,5,50,37
14,4,5,50,37
14,5,6,60,37
14,6,2,20,37
14,7,4,40,37
14,8,5,50,37
14,9,8,80,37
14,10,3,30,37
14,11,7,70,37
14,12,4,40,37
14,13,4,40,37
14,14,0,0,37
0,0,0,0,38
0,1,2,20,38
0,2,6,60,38
0,3,5,50,38
0,4,5,50,38
0,5,6,60,38
0,6,2,20,38
0,7,4,40,38
0,8,5,50,38
0,9,8,80,38
0,10,3,30,38
0,11,7,70,38
0,12,4,40,38
0,13,4,40,38
0,14,0,0,38
1,0,2,20,38
1,1,0,0,38
1,2,4,40,38
1,3,3,30,38
1,4,5,50,38
1,5,5,50,38
1,6,2,20,38
1,7,2,20,38
1,8,3,30,38
1,9,6,60,38
1,10,1,10,38
1,11,5,50,38
1,12,2,20,38
1,13,4,40,38
1,14,2,20,38
2,0,6,60,38
2,1,4,40,38
2,2,0,0,38
2,3,3,30,38
2,4,8,80,38
2,5,2,20,38
2,6,5,50,38
2,7,3,30,38
2,8,2,20,38
2,9,2,20,38
2,10,5,50,38
2,11,1,10,38
2,12,2,20,38
2,13,4,40,38
2,14,6,60,38
3,0,5,50,38
3,1,3,30,38
3,2,3,30,38
3,3,0,0,38
3,4,8,80,38
3,5,5,50,38
3,6,5,50,38
3,7,5,50,38
3,8,5,50,38
3,9,5,50,38
3,10,4,40,38
3,11,3,30,38
3,12,5,50,38
3,13,7,70,38
3,14,5,50,38
4,0,5,50,38
4,1,5,50,38
4,2,5,50,38
4,3,8,80,38
4,4,0,0,38
4,5,3,30,38
4,6,3,30,38
4,7,5,50,38
4,8,5,50,38
4,9,5,50,38
4,10,4,40,38
4,11,4,40,38
4,12,7,70,38
4,13,5,50,38
4,14,5,50,38
5,0,6,60,38
5,1,5,50,38
5,2,2,20,38
5,3,5,50,38
5,4,3,30,38
5,5,0,0,38
5,6,4,40,38
5,7,3,30,38
5,8,2,20,38
5,9,2,20,38
5,10,5,50,38
5,11,1,10,38
5,12,4,40,38
5,13,2,20,38
5,14,6,60,38
6,0,2,20,38
6,1,2,20,38
6,2,5,50,38
6,3,5,50,38
6,4,3,30,38
6,5,4,40,38
6,6,0,0,38
6,7,2,20,38
6,8,3,30,38
6,9,6,60,38
6,10,1,10,38
6,11,5,50,38
6,12,4,40,38
6,13,2,20,38
6,14,2,20,38
7,0,4,40,38
7,1,2,20,38
7,2,3,30,38
7,3,5,50,38
7,4,5,50,38
7,5,3,30,38
7,6,2,20,38
7,7,0,0,38
7,8,1,10,38
7,9,5,50,38
7,10,3,30,38
7,11,4,40,38
7,12,4,40,38
7,13,4,40,38
7,14,4,40,38
8,0,5,50,38
8,1,3,30,38
8,2,2,20,38
8,3,5,50,38
8,4,5,50,38
8,5,2,20,38
8,6,3,30,38
8,7,1,10,38
8,8,0,0,38
8,9,4,40,38
8,10,4,40,38
8,11,3,30,38
8,12,4,40,38
8,13,4,40,38
8,14,5,50,38
9,0,8,80,38
9,1,6,60,38
9,2,2,20,38
9,3,5,50,38
9,4,5,50,38
9,5,2,20,38
9,6,6,60,38
9,7,5,50,38
9,8,4,40,38
9,9,0,0,38
9,10,7,70,38
9,11,3,30,38
9,12,4,40,38
9,13,4,40,38
9,14,8,80,38
10,0,3,30,38
10,1,1,10,38
10,2,5,50,38
10,3,4,40,38
10,4,4,40,38
10,5,5,50,38
10,6,1,10,38
10,7,3,30,38
10,8,4,40,38
10,9,7,70,38
10,10,0,0,38
10,11,6,60,38
10,12,3,30,38
10,13,3,30,38
10,14,3,30,38
11,0,7,70,38
11,1,5,50,38
11,2,1,10,38
11,3,3,30,38
11,4,4,40,38
11,5,1,10,38
11,6,5,50,38
11,7,4,40,38
11,8,3,30,38
11,9,3,30,38
11,10,6,60,38
11,11,0,0,38
11,12,3,30,38
11,13,3,30,38
11,14,7,70,38
12,0,4,40,38
12,1,2,20,38
12,2,2,20,38
12,3,5,50,38
12,4,7,70,38
12,5,4,40,38
12,6,4,40,38
12,7,4,40,38
12,8,4,40,38
12,9,4,40,38
12,10,3,30,38
12,11,3,30,38
12,12,0,0,38
12,13,6,60,38
12,14,4,40,38
13,0,4,40,38
13,1,4,40,38
13,2,4,40,38
13,3,7,70,38
13,4,5,50,38
13,5,2,20,38
13,6,2,20,38
13,7,4,40,38
13,8,4,40,38
13,9,4,40,38
13,10,3,30,38
13,11,3,30,38
13,12,6,60,38
13,13,0,0,38
13,14,4,40,38
14,0,0,0,38
14,1,2,20,38
14,2,6,60,38
14,3,5,50,38
14,4,5,50,38
14,5,6,60,38
14,6,2,20,38
14,7,4,40,38
14,8,5,50,38
14,9,8,80,38
14,10,3,30,38
14,11,7,70,38
14,12,4,40,38
14,13,4,40,38
14,14,0,0,38
0,0,0,0,39
0,1,2,20,39
0,2,6,60,39
0,3,5,50,39
0,4,5,50,39
0,5,6,60,39
0,6,2,20,39
0,7,4,40,39
0,8,5,50,39
0,9,8,80,39
0,10,3,30,39
0,11,7,70,39
0,12,4,40,39
0,13,4,40,39
0,14,0,0,39
1,0,2,20,39
1,1,0,0,39
1,2,4,40,39
1,3,3,30,39
1,4,5,50,39
1,5,5,50,39
1,6,2,20,39
1,7,2,20,39
1,8,3,30,39
1,9,6,60,39
1,10,1,10,39
1,11,5,50,39
1,12,2,20,39
1,13,4,40,39
1,14,2,20,39
2,0,6,60,39
2,1,4,40,39
2,2,0,0,39
2,3,3,30,39
2,4,8,80,39
2,5,2,20,39
2,6,5,50,39
2,7,3,30,39
2,8,2,20,39
2,9,2,20,39
2,10,5,50,39
2,11,1,10,39
2,12,2,20,39
2,13,4,40,39
2,14,6,60,39
3,0,5,50,39
3,1,3,30,39
3,2,3,30,39
3,3,0,0,39
3,4,8,80,39
3,5,5,50,39
3,6,5,50,39
3,7,5,50,39
3,8,5,50,39
3,9,5,50,39
3,10,4,40,39
3,11,3,30,39
3,12,5,50,39
3,13,7,70,39
3,14,5,50,39
4,0,5,50,39
4,1,5,50,39
4,2,5,50,39
4,3,8,80,39
4,4,0,0,39
4,5,3,30,39
4,6,3,30,39
4,7,5,50,39
4,8,5,50,39
4,9,5,50,39
4,10,4,40,39
4,11,4,40,39
4,12,7,70,39
4,13,5,50,39
4,14,5,50,39
5,0,6,60,39
5,1,5,50,39
5,2,2,20,39
5,3,5,50,39
5,4,3,30,39
5,5,0,0,39
5,6,4,40,39
5,7,3,30,39
5,8,2,20,39
5,9,2,20,39
5,10,5,50,39
5,11,1,10,39
5,12,4,40,39
5,13,2,20,39
5,14,6,60,39
6,0,2,20,39
6,1,2,20,39
6,2,5,50,39
6,3,5,50,39
6,4,3,30,39
6,5,4,40,39
6,6,0,0,39
6,7,2,20,39
6,8,3,30,39
6,9,6,60,39
6,10,1,10,39
6,11,5,50,39
6,12,4,40,39
6,13,2,20,39
6,14,2,20,39
7,0,4,40,39
7,1,2,20,39
7,2,3,30,39
7,3,5,50,39
7,4,5,50,39
7,5,3,30,39
7,6,2,20,39
7,7,0,0,39
7,8,1,10,39
7,9,5,50,39
7,10,3,30,39
7,11,4,40,39
7,12,4,40,39
7,13,4,40,39
7,14,4,40,39
8,0,5,50,39
8,1,3,30,39
8,2,2,20,39
8,3,5,50,39
8,4,5,50,39
8,5,2,20,39
8,6,3,30,39
8,7,1,10,39
8,8,0,0,39
8,9,4,40,39
8,10,4,40,39
8,11,3,30,39
8,12,4,40,39
8,13,4,40,39
8,14,5,50,39
9,0,8,80,39
9,1,6,60,39
9,2,2,20,39
9,3,5,50,39
9,4,5,50,39
9,5,2,20,39
9,6,6,60,39
9,7,5,50,39
9,8,4,40,39
9,9,0,0,39
9,10,7,70,39
9,11,3,30,39
9,12,4,40,39
9,13,4,40,39
9,14,8,80,39
10,0,3,30,39
10,1,1,10,39
10,2,5,50,39
10,3,4,40,39
10,4,4,40,39
10,5,5,50,39
10,6,1,10,39
10,7,3,30,39
10,8,4,40,39
10,9,7,70,39
10,10,0,0,39
10,11,6,60,39
10,12,3,30,39
10,13,3,30,39
10,14,3,30,39
11,0,7,70,39
11,1,5,50,39
11,2,1,10,39
11,3,3,30,39
11,4,4,40,39
11,5,1,10,39
11,6,5,50,39
11,7,4,40,39
11,8,3,30,39
11,9,3,30,39
11,10,6,60,39
11,11,0,0,39
11,12,3,30,39
11,13,3,30,39
11,14,7,70,39
12,0,4,40,39
12,1,2,20,39
12,2,2,20,39
12,3,5,50,39
12,4,7,70,39
12,5,4,40,39
12,6,4,40,39
12,7,4,40,39
12,8,4,40,39
12,9,4,40,39
12,10,3,30,39
12,11,3,30,39
12,12,0,0,39
12,13,6,60,39
12,14,4,40,39
13,0,4,40,39
13,1,4,40,39
13,2,4,40,39
13,3,7,70,39
13,4,5,50,39
13,5,2,20,39
13,6,2,20,39
13,7,4,40,39
13,8,4,40,39
13,9,4,40,39
13,10,3,30,39
13,11,3,30,39
13,12,6,60,39
13,13,0,0,39
13,14,4,40,39
14,0,0,0,39
14,1,2,20,39
14,2,6,60,39
14,3,5,50,39
14,4,5,50,39
14,5,6,60,39
14,6,2,20,39
14,7,4,40,39
14,8,5,50,39
14,9,8,80,39
14,10,3,30,39
14,11,7,70,39
14,12,4,40,39
14,13,4,40,39
14,14,0,0,39
0,0,0,0,40
0,1,2,20,40
0,2,6,60,40
0,3,5,50,40
0,4,5,50,40
0,5,6,60,40
0,6,2,20,40
0,7,4,40,40
0,8,5,50,40
0,9,8,80,40
0,10,3,30,40
0,11,7,70,40
0,12,4,40,40
0,13,4,40,40
0,14,0,0,40
1,0,2,20,40
1,1,0,0,40
1,2,4,40,40
1,3,3,30,40
1,4,5,50,40
1,5,5,50,40
1,6,2,20,40
1,7,2,20,40
1,8,3,30,40
1,9,6,60,40
1,10,1,10,40
1,11,5,50,40
1,12,2,20,40
1,13,4,40,40
1,14,2,20,40
2,0,6,60,40
2,1,4,40,40
2,2,0,0,40
2,3,3,30,40
2,4,8,80,40
2,5,2,20,40
2,6,5,50,40
2,7,3,30,40
2,8,2,20,40
2,9,2,20,40
2,10,5,50,40
2,11,1,10,40
2,12,2,20,40
2,13,4,40,40
2,14,6,60,40
3,0,5,50,40
3,1,3,30,40
3,2,3,30,40
3,3,0,0,40
3,4,8,80,40
3,5,5,50,40
3,6,5,50,40
3,7,5,50,40
3,8,5,50,40
3,9,5,50,40
3,10,4,40,40
3,11,3,30,40
3,12,5,50,40
3,13,7,70,40
3,14,5,50,40
4,0,5,50,40
4,1,5,50,40
4,2,5,50,40
4,3,8,80,40
4,4,0,0,40
4,5,3,30,40
4,6,3,30,40
4,7,5,50,40
4,8,5,50,40
4,9,5,50,40
4,10,4,40,40
4,11,4,40,40
4,12,7,70,40
4,13,5,50,40
4,14,5,50,40
5,0,6,60,40
5,1,5,50,40
5,2,2,20,40
5,3,5,50,40
5,4,3,30,40
5,5,0,0,40
5,6,4,40,40
5,7,3,30,40
5,8,2,20,40
5,9,2,20,40
5,10,5,50,40
5,11,1,10,40
5,12,4,40,40
5,13,2,20,40
5,14,6,60,40
6,0,2,20,40
6,1,2,20,40
6,2,5,50,40
6,3,5,50,40
6,4,3,30,40
6,5,4,40,40
6,6,0,0,40
6,7,2,20,40
6,8,3,30,40
6,9,6,60,40
6,10,1,10,40
6,11,5,50,40
6,12,4,40,40
6,13,2,20,40
6,14,2,20,40
7,0,4,40,40
7,1,2,20,40
7,2,3,30,40
7,3,5,50,40
7,4,5,50,40
7,5,3,30,40
7,6,2,20,40
7,7,0,0,40
7,8,1,10,40
7,9,5,50,40
7,10,3,30,40
7,11,4,40,40
7,12,4,40,40
7,13,4,40,40
7,14,4,40,40
8,0,5,50,40
8,1,3,30,40
8,2,2,20,40
8,3,5,50,40
8,4,5,50,40
8,5,2,20,40
8,6,3,30,40
8,7,1,10,40
8,8,0,0,40
8,9,4,40,40
8,10,4,40,40
8,11,3,30,40
8,12,4,40,40
8,13,4,40,40
8,14,5,50,40
9,0,8,80,40
9,1,6,60,40
9,2,2,20,40
9,3,5,50,40
9,4,5,50,40
9,5,2,20,40
9,6,6,60,40
9,7,5,50,40
9,8,4,40,40
9,9,0,0,40
9,10,7,70,40
9,11,3,30,40
9,12,4,40,40
9,13,4,40,40
9,14,8,80,40
10,0,3,30,40
10,1,1,10,40
10,2,5,50,40
10,3,4,40,40
10,4,4,40,40
10,5,5,50,40
10,6,1,10,40
10,7,3,30,40
10,8,4,40,40
10,9,7,70,40
10,10,0,0,40
10,11,6,60,40
10,12,3,30,40
10,13,3,30,40
10,14,3,30,40
11,0,7,70,40
11,1,5,50,40
11,2,1,10,40
11,3,3,30,40
11,4,4,40,40
11,5,1,10,40
11,6,5,50,40
11,7,4,40,40
11,8,3,30,40
11,9,3,30,40
11,10,6,60,40
11,11,0,0,40
11,12,3,30,40
11,13,3,30,40
11,14,7,70,40
12,0,4,40,40
12,1,2,20,40
12,2,2,20,40
12,3,5,50,40
12,4,7,70,40
12,5,4,40,40
12,6,4,40,40
12,7,4,40,40
12,8,4,40,40
12,9,4,40,40
12,10,3,30,40
12,11,3,30,40
12,12,0,0,40
12,13,6,60,40
12,14,4,40,40
13,0,4,40,40
13,1,4,40,40
13,2,4,40,40
13,3,7,70,40
13,4,5,50,40
13,5,2,20,40
13,6,2,20,40
13,7,4,40,40
13,8,4,40,40
13,9,4,40,40
13,10,3,30,40
13,11,3,30,40
13,12,6,60,40
13,13,0,0,40
13,14,4,40,40
14,0,0,0,40
14,1,2,20,40
14,2,6,60,40
14,3,5,50,40
14,4,5,50,40
14,5,6,60,40
14,6,2,20,40
14,7,4,40,40
14,8,5,50,40
14,9,8,80,40
14,10,3,30,40
14,11,7,70,40
14,12,4,40,40
14,13,4,40,40
14,14,0,0,40
0,0,0,0,41
0,1,2,20,41
0,2,6,60,41
0,3,5,50,41
0,4,5,50,41
0,5,6,60,41
0,6,2,20,41
0,7,4,40,41
0,8,5,50,41
0,9,8,80,41
0,10,3,30,41
0,11,7,70,41
0,12,4,40,41
0,13,4,40,41
0,14,0,0,41
1,0,2,20,41
1,1,0,0,41
1,2,4,40,41
1,3,3,30,41
1,4,5,50,41
1,5,5,50,41
1,6,2,20,41
1,7,2,20,41
1,8,3,30,41
1,9,6,60,41
1,10,1,10,41
1,11,5,50,41
1,12,2,20,41
1,13,4,40,41
1,14,2,20,41
2,0,6,60,41
2,1,4,40,41
2,2,0,0,41
2,3,3,30,41
2,4,8,80,41
2,5,2,20,41
2,6,5,50,41
2,7,3,30,41
2,8,2,20,41
2,9,2,20,41
2,10,5,50,41
2,11,1,10,41
2,12,2,20,41
2,13,4,40,41
2,14,6,60,41
3,0,5,50,41
3,1,3,30,41
3,2,3,30,41
3,3,0,0,41
3,4,8,80,41
3,5,5,50,41
3,6,5,50,41
3,7,5,50,41
3,8,5,50,41
3,9,5,50,41
3,10,4,40,41
3,11,3,30,41
3,12,5,50,41
3,13,7,70,41
3,14,5,50,41
4,0,5,50,41
4,1,5,50,41
4,2,5,50,41
4,3,8,80,41
4,4,0,0,41
4,5,3,30,41
4,6,3,30,41
4,7,5,50,41
4,8,5,50,41
4,9,5,50,41
4,10,4,40,41
4,11,4,40,41
4,12,7,70,41
4,13,5,50,41
4,14,5,50,41
5,0,6,60,41
5,1,5,50,41
5,2,2,20,41
5,3,5,50,41
5,4,3,30,41
5,5,0,0,41
5,6,4,40,41
5,7,3,30,41
5,8,2,20,41
5,9,2,20,41
5,10,5,50,41
5,11,1,10,41
5,12,4,40,41
5,13,2,20,41
5,14,6,60,41
6,0,2,20,41
6,1,2,20,41
6,2,5,50,41
6,3,5,50,41
6,4,3,30,41
6,5,4,40,41
6,6,0,0,41
6,7,2,20,41
6,8,3,30,41
6,9,6,60,41
6,10,1,10,41
6,11,5,50,41
6,12,4,40,41
6,13,2,20,41
6,14,2,20,41
7,0,4,40,41
7,1,2,20,41
7,2,3,30,41
7,3,5,50,41
7,4,5,50,41
7,5,3,30,41
7,6,2,20,41
7,7,0,0,41
7,8,1,10,41
7,9,5,50,41
7,10,3,30,41
7,11,4,40,41
7,12,4,40,41
7,13,4,40,41
7,14,4,40,41
8,0,5,50,41
8,1,3,30,41
8,2,2,20,41
8,3,5,50,41
8,4,5,50,41
8,5,2,20,41
8,6,3,30,41
8,7,1,10,41
8,8,0,0,41
8,9,4,40,41
8,10,4,40,41
8,11,3,30,41
8,12,4,40,41
8,13,4,40,41
8,14,5,50,41
9,0,8,80,41
9,1,6,60,41
9,2,2,20,41
9,3,5,50,41
9,4,5,50,41
9,5,2,20,41
9,6,6,60,41
9,7,5,50,41
9,8,4,40,41
9,9,0,0,41
9,10,7,70,41
9,11,3,30,41
9,12,4,40,41
9,13,4,40,41
9,14,8,80,41
10,0,3,30,41
10,1,1,10,41
10,2,5,50,41
10,3,4,40,41
10,4,4,40,41
10,5,5,50,41
10,6,1,10,41
10,7,3,30,41
10,8,4,40,41
10,9,7,70,41
10,10,0,0,41
10,11,6,60,41
10,12,3,30,41
10,13,3,30,41
10,14,3,30,41
11,0,7,70,41
11,1,5,50,41
11,2,1,10,41
11,3,3,30,41
11,4,4,40,41
11,5,1,10,41
11,6,5,50,41
11,7,4,40,41
11,8,3,30,41
11,9,3,30,41
11,10,6,60,41
11,11,0,0,41
11,12,3,30,41
11,13,3,30,41
11,14,7,70,41
12,0,4,40,41
12,1,2,20,41
12,2,2,20,41
12,3,5,50,41
12,4,7,70,41
12,5,4,40,41
12,6,4,40,41
12,7,4,40,41
12,8,4,40,41
12,9,4,40,41
12,10,3,30,41
12,11,3,30,41
12,12,0,0,41
12,13,6,60,41
12,14,4,40,41
13,0,4,40,41
13,1,4,40,41
13,2,4,40,41
13,3,7,70,41
13,4,5,50,41
13,5,2,20,41
13,6,2,20,41
13,7,4,40,41
13,8,4,40,41
13,9,4,40,41
13,10,3,30,41
13,11,3,30,41
13,12,6,60,41
13,13,0,0,41
13,14,4,40,41
14,0,0,0,41
14,1,2,20,41
14,2,6,60,41
14,3,5,50,41
14,4,5,50,41
14,5,6,60,41
14,6,2,20,41
14,7,4,40,41
14,8,5,50,41
14,9,8,80,41
14,10,3,30,41
14,11,7,70,41
14,12,4,40,41
14,13,4,40,41
14,14,0,0,41
0,0,0,0,42
0,1,2,20,42
0,2,6,60,42
0,3,5,50,42
0,4,5,50,42
0,5,6,60,42
0,6,2,20,42
0,7,4,40,42
0,8,5,50,42
0,9,8,80,42
0,10,3,30,42
0,11,7,70,42
0,12,4,40,42
0,13,4,40,42
0,14,0,0,42
1,0,2,20,42
1,1,0,0,42
1,2,4,40,42
1,3,3,30,42
1,4,5,50,42
1,5,5,50,42
1,6,2,20,42
1,7,2,20,42
1,8,3,30,42
1,9,6,60,42
1,10,1,10,42
1,11,5,50,42
1,12,2,20,42
1,13,4,40,42
1,14,2,20,42
2,0,6,60,42
2,1,4,40,42
2,2,0,0,42
2,3,3,30,42
2,4,8,80,42
2,5,2,20,42
2,6,5,50,42
2,7,3,30,42
2,8,2,20,42
2,9,2,20,42
2,10,5,50,42
2,11,1,10,42
2,12,2,20,42
2,13,4,40,42
2,14,6,60,42
3,0,5,50,42
3,1,3,30,42
3,2,3,30,42
3,3,0,0,42
3,4,8,80,42
3,5,5,50,42
3,6,5,50,42
3,7,5,50,42
3,8,5,50,42
3,9,5,50,42
3,10,4,40,42
3,11,3,30,42
3,12,5,50,42
3,13,7,70,42
3,14,5,50,42
4,0,5,50,42
4,1,5,50,42
4,2,5,50,42
4,3,8,80,42
4,4,0,0,42
4,5,3,30,42
4,6,3,30,42
4,7,5,50,42
4,8,5,50,42
4,9,5,50,42
4,10,4,40,42
4,11,4,40,42
4,12,7,70,42
4,13,5,50,42
4,14,5,50,42
5,0,6,60,42
5,1,5,50,42
5,2,2,20,42
5,3,5,50,42
5,4,3,30,42
5,5,0,0,42
5,6,4,40,42
5,7,3,30,42
5,8,2,20,42
5,9,2,20,42
5,10,5,50,42
5,11,1,10,42
5,12,4,40,42
5,13,2,20,42
5,14,6,60,42
6,0,2,20,42
6,1,2,20,42
6,2,5,50,42
6,3,5,50,42
6,4,3,30,42
6,5,4,40,42
6,6,0,0,42
6,7,2,20,42
6,8,3,30,42
6,9,6,60,42
6,10,1,10,42
6,11,5,50,42
6,12,4,40,42
6,13,2,20,42
6,14,2,20,42
7,0,4,40,42
7,1,2,20,42
7,2,3,30,42
7,3,5,50,42
7,4,5,50,42
7,5,3,30,42
7,6,2,20,42
7,7,0,0,42
7,8,1,10,42
7,9,5,50,42
7,10,3,30,42
7,11,4,40,42
7,12,4,40,42
7,13,4,40,42
7,14,4,40,42
8,0,5,50,42
8,1,3,30,42
8,2,2,20,42
8,3,5,50,42
8,4,5,50,42
8,5,2,20,42
8,6,3,30,42
8,7,1,10,42
8,8,0,0,42
8,9,4,40,42
8,10,4,40,42
8,11,3,30,42
8,12,4,40,42
8,13,4,40,42
8,14,5,50,42
9,0,8,80,42
9,1,6,60,42
9,2,2,20,42
9,3,5,50,42
9,4,5,50,42
9,5,2,20,42
9,6,6,60,42
9,7,5,50,42
9,8,4,40,42
9,9,0,0,42
9,10,7,70,42
9,11,3,30,42
9,12,4,40,42
9,13,4,40,42
9,14,8,80,42
10,0,3,30,42
10,1,1,10,42
10,2,5,50,42
10,3,4,40,42
10,4,4,40,42
10,5,5,50,42
10,6,1,10,42
10,7,3,30,42
10,8,4,40,42
10,9,7,70,42
10,10,0,0,42
10,11,6,60,42
10,12,3,30,42
10,13,3,30,42
10,14,3,30,42
11,0,7,70,42
11,1,5,50,42
11,2,1,10,42
11,3,3,30,42
11,4,4,40,42
11,5,1,10,42
11,6,5,50,42
11,7,4,40,42
11,8,3,30,42
11,9,3,30,42
11,10,6,60,42
11,11,0,0,42
11,12,3,30,42
11,13,3,30,42
11,14,7,70,42
12,0,4,40,42
12,1,2,20,42
12,2,2,20,42
12,3,5,50,42
12,4,7,70,42
12,5,4,40,42
12,6,4,40,42
12,7,4,40,42
12,8,4,40,42
12,9,4,40,42
12,10,3,30,42
12,11,3,30,42
12,12,0,0,42
12,13,6,60,42
12,14,4,40,42
13,0,4,40,42
13,1,4,40,42
13,2,4,40,42
13,3,7,70,42
13,4,5,50,42
13,5,2,20,42
13,6,2,20,42
13,7,4,40,42
13,8,4,40,42
13,9,4,40,42
13,10,3,30,42
13,11,3,30,42
13,12,6,60,42
13,13,0,0,42
13,14,4,40,42
14,0,0,0,42
14,1,2,20,42
14,2,6,60,42
14,3,5,50,42
14,4,5,50,42
14,5,6,60,42
14,6,2,20,42
14,7,4,40,42
14,8,5,50,42
14,9,8,80,42
14,10,3,30,42
14,11,7,70,42
14,12,4,40,42
14,13,4,40,42
14,14,0,0,42
0,0,0,0,43
0,1,2,20,43
0,2,6,60,43
0,3,5,50,43
0,4,5,50,43
0,5,6,60,43
0,6,2,20,43
0,7,4,40,43
0,8,5,50,43
0,9,8,80,43
0,10,3,30,43
0,11,7,70,43
0,12,4,40,43
0,13,4,40,43
0,14,0,0,43
1,0,2,20,43
1,1,0,0,43
1,2,4,40,43
1,3,3,30,43
1,4,5,50,43
1,5,5,50,43
1,6,2,20,43
1,7,2,20,43
1,8,3,30,43
1,9,6,60,43
1,10,1,10,43
1,11,5,50,43
1,12,2,20,43
1,13,4,40,43
1,14,2,20,43
2,0,6,60,43
2,1,4,40,43
2,2,0,0,43
2,3,3,30,43
2,4,8,80,43
2,5,2,20,43
2,6,5,50,43
2,7,3,30,43
2,8,2,20,43
2,9,2,20,43
2,10,5,50,43
2,11,1,10,43
2,12,2,20,43
2,13,4,40,43
2,14,6,60,43
3,0,5,50,43
3,1,3,30,43
3,2,3,30,43
3,3,0,0,43
3,4,8,80,43
3,5,5,50,43
3,6,5,50,43
3,7,5,50,43
3,8,5,50,43
3,9,5,50,43
3,10,4,40,43
3,11,3,30,43
3,12,5,50,43
3,13,7,70,43
3,14,5,50,43
4,0,5,50,43
4,1,5,50,43
4,2,5,50,43
4,3,8,80,43
4,4,0,0,43
4,5,3,30,43
4,6,3,30,43
4,7,5,50,43
4,8,5,50,43
4,9,5,50,43
4,10,4,40,43
4,11,4,40,43
4,12,7,70,43
4,13,5,50,43
4,14,5,50,43
5,0,6,60,43
5,1,5,50,43
5,2,2,20,43
5,3,5,50,43
5,4,3,30,43
5,5,0,0,43
5,6,4,40,43
5,7,3,30,43
5,8,2,20,43
5,9,2,20,43
5,10,5,50,43
5,11,1,10,43
5,12,4,40,43
5,13,2,20,43
5,14,6,60,43
6,0,2,20,43
6,1,2,20,43
6,2,5,50,43
6,3,5,50,43
6,4,3,30,43
6,5,4,40,43
6,6,0,0,43
6,7,2,20,43
6,8,3,30,43
6,9,6,60,43
6,10,1,10,43
6,11,5,50,43
6,12,4,40,43
6,13,2,20,43
6,14,2,20,43
7,0,4,40,43
7,1,2,20,43
7,2,3,30,43
7,3,5,50,43
7,4,5,50,43
7,5,3,30,43
7,6,2,20,43
7,7,0,0,43
7,8,1,10,43
7,9,5,50,43
7,10,3,30,43
7,11,4,40,43
7,12,4,40,43
7,13,4,40,43
7,14,4,40,43
8,0,5,50,43
8,1,3,30,43
8,2,2,20,43
8,3,5,50,43
8,4,5,50,43
8,5,2,20,43
8,6,3,30,43
8,7,1,10,43
8,8,0,0,43
8,9,4,40,43
8,10,4,40,43
8,11,3,30,43
8,12,4,40,43
8,13,4,40,43
8,14,5,50,43
9,0,8,80,43
9,1,6,60,43
9,2,2,20,43
9,3,5,50,43
9,4,5,50,43
9,5,2,20,43
9,6,6,60,43
9,7,5,50,43
9,8,4,40,43
9,9,0,0,43
9,10,7,70,43
9,11,3,30,43
9,12,4,40,43
9,13,4,40,43
9,14,8,80,43
10,0,3,30,43
10,1,1,10,43
10,2,5,50,43
10,3,4,40,43
10,4,4,40,43
10,5,5,50,43
10,6,1,10,43
10,7,3,30,43
10,8,4,40,43
10,9,7,70,43
10,10,0,0,43
10,11,6,60,43
10,12,3,30,43
10,13,3,30,43
10,14,3,30,43
11,0,7,70,43
11,1,5,50,43
11,2,1,10,43
11,3,3,30,43
11,4,4,40,43
11,5,1,10,43
11,6,5,50,43
11,7,4,40,43
11,8,3,30,43
11,9,3,30,43
11,10,6,60,43
11,11,0,0,43
11,12,3,30,43
11,13,3,30,43
11,14,7,70,43
12,0,4,40,43
12,1,2,20,43
12,2,2,20,43
12,3,5,50,43
12,4,7,70,43
12,5,4,40,43
12,6,4,40,43
12,7,4,40,43
12,8,4,40,43
12,9,4,40,43
12,10,3,30,43
12,11,3,30,43
12,12,0,0,43
12,13,6,60,43
12,14,4,40,43
13,0,4,40,43
13,1,4,40,43
13,2,4,40,43
13,3,7,70,43
13,4,5,50,43
13,5,2,20,43
13,6,2,20,43
13,7,4,40,43
13,8,4,40,43
13,9,4,40,43
13,10,3,30,43
13,11,3,30,43
13,12,6,60,43
13,13,0,0,43
13,14,4,40,43
14,0,0,0,43
14,1,2,20,43
14,2,6,60,43
14,3,5,50,43
14,4,5,50,43
14,5,6,60,43
14,6,2,20,43
14,7,4,40,43
14,8,5,50,43
14,9,8,80,43
14,10,3,30,43
14,11,7,70,43
14,12,4,40,43
14,13,4,40,43
14,14,0,0,43
0,0,0,0,44
0,1,2,20,44
0,2,6,60,44
0,3,5,50,44
0,4,5,50,44
0,5,6,60,44
0,6,2,20,44
0,7,4,40,44
0,8,5,50,44
0,9,8,80,44
0,10,3,30,44
0,11,7,70,44
0,12,4,40,44
0,13,4,40,44
0,14,0,0,44
1,0,2,20,44
1,1,0,0,44
1,2,4,40,44
1,3,3,30,44
1,4,5,50,44
1,5,5,50,44
1,6,2,20,44
1,7,2,20,44
1,8,3,30,44
1,9,6,60,44
1,10,1,10,44
1,11,5,50,44
1,12,2,20,44
1,13,4,40,44
1,14,2,20,44
2,0,6,60,44
2,1,4,40,44
2,2,0,0,44
2,3,3,30,44
2,4,8,80,44
2,5,2,20,44
2,6,5,50,44
2,7,3,30,44
2,8,2,20,44
2,9,2,20,44
2,10,5,50,44
2,11,1,10,44
2,12,2,20,44
2,13,4,40,44
2,14,6,60,44
3,0,5,50,44
3,1,3,30,44
3,2,3,30,44
3,3,0,0,44
3,4,8,80,44
3,5,5,50,44
3,6,5,50,44
3,7,5,50,44
3,8,5,50,44
3,9,5,50,44
3,10,4,40,44
3,11,3,30,44
3,12,5,50,44
3,13,7,70,44
3,14,5,50,44
4,0,5,50,44
4,1,5,50,44
4,2,5,50,44
4,3,8,80,44
4,4,0,0,44
4,5,3,30,44
4,6,3,30,44
4,7,5,50,44
4,8,5,50,44
4,9,5,50,44
4,10,4,40,44
4,11,4,40,44
4,12,7,70,44
4,13,5,50,44
4,14,5,50,44
5,0,6,60,44
5,1,5,50,44
5,2,2,20,44
5,3,5,50,44
5,4,3,30,44
5,5,0,0,44
5,6,4,40,44
5,7,3,30,44
5,8,2,20,44
5,9,2,20,44
5,10,5,50,44
5,11,1,10,44
5,12,4,40,44
5,13,2,20,44
5,14,6,60,44
6,0,2,20,44
6,1,2,20,44
6,2,5,50,44
6,3,5,50,44
6,4,3,30,44
6,5,4,40,44
6,6,0,0,44
6,7,2,20,44
6,8,3,30,44
6,9,6,60,44
6,10,1,10,44
6,11,5,50,44
6,12,4,40,44
6,13,2,20,44
6,14,2,20,44
7,0,4,40,44
7,1,2,20,44
7,2,3,30,44
7,3,5,50,44
7,4,5,50,44
7,5,3,30,44
7,6,2,20,44
7,7,0,0,44
7,8,1,10,44
7,9,5,50,44
7,10,3,30,44
7,11,4,40,44
7,12,4,40,44
7,13,4,40,44
7,14,4,40,44
8,0,5,50,44
8,1,3,30,44
8,2,2,20,44
8,3,5,50,44
8,4,5,50,44
8,5,2,20,44
8,6,3,30,44
8,7,1,10,44
8,8,0,0,44
8,9,4,40,44
8,10,4,40,44
8,11,3,30,44
8,12,4,40,44
8,13,4,40,44
8,14,5,50,44
9,0,8,80,44
9,1,6,60,44
9,2,2,20,44
9,3,5,50,44
9,4,5,50,44
9,5,2,20,44
9,6,6,60,44
9,7,5,50,44
9,8,4,40,44
9,9,0,0,44
9,10,7,70,44
9,11,3,30,44
9,12,4,40,44
9,13,4,40,44
9,14,8,80,44
10,0,3,30,44
10,1,1,10,44
10,2,5,50,44
10,3,4,40,44
10,4,4,40,44
10,5,5,50,44
10,6,1,10,44
10,7,3,30,44
10,8,4,40,44
10,9,7,70,44
10,10,0,0,44
10,11,6,60,44
10,12,3,30,44
10,13,3,30,44
10,14,3,30,44
11,0,7,70,44
11,1,5,50,44
11,2,1,10,44
11,3,3,30,44
11,4,4,40,44
11,5,1,10,44
11,6,5,50,44
11,7,4,40,44
11,8,3,30,44
11,9,3,30,44
11,10,6,60,44
11,11,0,0,44
11,12,3,30,44
11,13,3,30,44
11,14,7,70,44
12,0,4,40,44
12,1,2,20,44
12,2,2,20,44
12,3,5,50,44
12,4,7,70,44
12,5,4,40,44
12,6,4,40,44
12,7,4,40,44
12,8,4,40,44
12,9,4,40,44
12,10,3,30,44
12,11,3,30,44
12,12,0,0,44
12,13,6,60,44
12,14,4,40,44
13,0,4,40,44
13,1,4,40,44
13,2,4,40,44
13,3,7,70,44
13,4,5,50,44
13,5,2,20,44
13,6,2,20,44
13,7,4,40,44
13,8,4,40,44
13,9,4,40,44
13,10,3,30,44
13,11,3,30,44
13,12,6,60,44
13,13,0,0,44
13,14,4,40,44
14,0,0,0,44
14,1,2,20,44
14,2,6,60,44
14,3,5,50,44
14,4,5,50,44
14,5,6,60,44
14,6,2,20,44
14,7,4,40,44
14,8,5,50,44
14,9,8,80,44
14,10,3,30,44
14,11,7,70,44
14,12,4,40,44
14,13,4,40,44
14,14,0,0,44
0,0,0,0,45
0,1,2,20,45
0,2,6,60,45
0,3,5,50,45
0,4,5,50,45
0,5,6,60,45
0,6,2,20,45
0,7,4,40,45
0,8,5,50,45
0,9,8,80,45
0,10,3,30,45
0,11,7,70,45
0,12,4,40,45
0,13,4,40,45
0,14,0,0,45
1,0,2,20,45
1,1,0,0,45
1,2,4,40,45
1,3,3,30,45
1,4,5,50,45
1,5,5,50,45
1,6,2,20,45
1,7,2,20,45
1,8,3,30,45
1,9,6,60,45
1,10,1,10,45
1,11,5,50,45
1,12,2,20,45
1,13,4,40,45
1,14,2,20,45
2,0,6,60,45
2,1,4,40,45
2,2,0,0,45
2,3,3,30,45
2,4,8,80,45
2,5,2,20,45
2,6,5,50,45
2,7,3,30,45
2,8,2,20,45
2,9,2,20,45
2,10,5,50,45
2,11,1,10,45
2,12,2,20,45
2,13,4,40,45
2,14,6,60,45
3,0,5,50,45
3,1,3,30,45
3,2,3,30,45
3,3,0,0,45
3,4,8,80,45
3,5,5,50,45
3,6,5,50,45
3,7,5,50,45
3,8,5,50,45
3,9,5,50,45
3,10,4,40,45
3,11,3,30,45
3,12,5,50,45
3,13,7,70,45
3,14,5,50,45
4,0,5,50,45
4,1,5,50,45
4,2,5,50,45
4,3,8,80,45
4,4,0,0,45
4,5,3,30,45
4,6,3,30,45
4,7,5,50,45
4,8,5,50,45
4,9,5,50,45
4,10,4,40,45
4,11,4,40,45
4,12,7,70,45
4,13,5,50,45
4,14,5,50,45
5,0,6,60,45
5,1,5,50,45
5,2,2,20,45
5,3,5,50,45
5,4,3,30,45
5,5,0,0,45
5,6,4,40,45
5,7,3,30,45
5,8,2,20,45
5,9,2,20,45
5,10,5,50,45
5,11,1,10,45
5,12,4,40,45
5,13,2,20,45
5,14,6,60,45
6,0,2,20,45
6,1,2,20,45
6,2,5,50,45
6,3,5,50,45
6,4,3,30,45
6,5,4,40,45
6,6,0,0,45
6,7,2,20,45
6,8,3,30,45
6,9,6,60,45
6,10,1,10,45
6,11,5,50,45
6,12,4,40,45
6,13,2,20,45
6,14,2,20,45
7,0,4,40,45
7,1,2,20,45
7,2,3,30,45
7,3,5,50,45
7,4,5,50,45
7,5,3,30,45
7,6,2,20,45
7,7,0,0,45
7,8,1,10,45
7,9,5,50,45
7,10,3,30,45
7,11,4,40,45
7,12,4,40,45
7,13,4,40,45
7,14,4,40,45
8,0,5,50,45
8,1,3,30,45
8,2,2,20,45
8,3,5,50,45
8,4,5,50,45
8,5,2,20,45
8,6,3,30,45
8,7,1,10,45
8,8,0,0,45
8,9,4,40,45
8,10,4,40,45
8,11,3,30,45
8,12,4,40,45
8,13,4,40,45
8,14,5,50,45
9,0,8,80,45
9,1,6,60,45
9,2,2,20,45
9,3,5,50,45
9,4,5,50,45
9,5,2,20,45
9,6,6,60,45
9,7,5,50,45
9,8,4,40,45
9,9,0,0,45
9,10,7,70,45
9,11,3,30,45
9,12,4,40,45
9,13,4,40,45
9,14,8,80,45
10,0,3,30,45
10,1,1,10,45
10,2,5,50,45
10,3,4,40,45
10,4,4,40,45
10,5,5,50,45
10,6,1,10,45
10,7,3,30,45
10,8,4,40,45
10,9,7,70,45
10,10,0,0,45
10,11,6,60,45
10,12,3,30,45
10,13,3,30,45
10,14,3,30,45
11,0,7,70,45
11,1,5,50,45
11,2,1,10,45
11,3,3,30,45
11,4,4,40,45
11,5,1,10,45
11,6,5,50,45
11,7,4,40,45
11,8,3,30,45
11,9,3,30,45
11,10,6,60,45
11,11,0,0,45
11,12,3,30,45
11,13,3,30,45
11,14,7,70,45
12,0,4,40,45
12,1,2,20,45
12,2,2,20,45
12,3,5,50,45
12,4,7,70,45
12,5,4,40,45
12,6,4,40,45
12,7,4,40,45
12,8,4,40,45
12,9,4,40,45
12,10,3,30,45
12,11,3,30,45
12,12,0,0,45
12,13,6,60,45
12,14,4,40,45
13,0,4,40,45
13,1,4,40,45
13,2,4,40,45
13,3,7,70,45
13,4,5,50,45
13,5,2,20,45
13,6,2,20,45
13,7,4,40,45
13,8,4,40,45
13,9,4,40,45
13,10,3,30,45
13,11,3,30,45
13,12,6,60,45
13,13,0,0,45
13,14,4,40,45
14,0,0,0,45
14,1,2,20,45
14,2,6,60,45
14,3,5,50,45
14,4,5,50,45
14,5,6,60,45
14,6,2,20,45
14,7,4,40,45
14,8,5,50,45
14,9,8,80,45
14,10,3,30,45
14,11,7,70,45
14,12,4,40,45
14,13,4,40,45
14,14,0,0,45
0,0,0,0,46
0,1,2,20,46
0,2,6,60,46
0,3,5,50,46
0,4,5,50,46
0,5,6,60,46
0,6,2,20,46
0,7,4,40,46
0,8,5,50,46
0,9,8,80,46
0,10,3,30,46
0,11,7,70,46
0,12,4,40,46
0,13,4,40,46
0,14,0,0,46
1,0,2,20,46
1,1,0,0,46
1,2,4,40,46
1,3,3,30,46
1,4,5,50,46
1,5,5,50,46
1,6,2,20,46
1,7,2,20,46
1,8,3,30,46
1,9,6,60,46
1,10,1,10,46
1,11,5,50,46
1,12,2,20,46
1,13,4,40,46
1,14,2,20,46
2,0,6,60,46
2,1,4,40,46
2,2,0,0,46
2,3,3,30,46
2,4,8,80,46
2,5,2,20,46
2,6,5,50,46
2,7,3,30,46
2,8,2,20,46
2,9,2,20,46
2,10,5,50,46
2,11,1,10,46
2,12,2,20,46
2,13,4,40,46
2,14,6,60,46
3,0,5,50,46
3,1,3,30,46
3,2,3,30,46
3,3,0,0,46
3,4,8,80,46
3,5,5,50,46
3,6,5,50,46
3,7,5,50,46
3,8,5,50,46
3,9,5,50,46
3,10,4,40,46
3,11,3,30,46
3,12,5,50,46
3,13,7,70,46
3,14,5,50,46
4,0,5,50,46
4,1,5,50,46
4,2,5,50,46
4,3,8,80,46
4,4,0,0,46
4,5,3,30,46
4,6,3,30,46
4,7,5,50,46
4,8,5,50,46
4,9,5,50,46
4,10,4,40,46
4,11,4,40,46
4,12,7,70,46
4,13,5,50,46
4,14,5,50,46
5,0,6,60,46
5,1,5,50,46
5,2,2,20,46
5,3,5,50,46
5,4,3,30,46
5,5,0,0,46
5,6,4,40,46
5,7,3,30,46
5,8,2,20,46
5,9,2,20,46
5,10,5,50,46
5,11,1,10,46
5,12,4,40,46
5,13,2,20,46
5,14,6,60,46
6,0,2,20,46
6,1,2,20,46
6,2,5,50,46
6,3,5,50,46
6,4,3,30,46
6,5,4,40,46
6,6,0,0,46
6,7,2,20,46
6,8,3,30,46
6,9,6,60,46
6,10,1,10,46
6,11,5,50,46
6,12,4,40,46
6,13,2,20,46
6,14,2,20,46
7,0,4,40,46
7,1,2,20,46
7,2,3,30,46
7,3,5,50,46
7,4,5,50,46
7,5,3,30,46
7,6,2,20,46
7,7,0,0,46
7,8,1,10,46
7,9,5,50,46
7,10,3,30,46
7,11,4,40,46
7,12,4,40,46
7,13,4,40,46
7,14,4,40,46
8,0,5,50,46
8,1,3,30,46
8,2,2,20,46
8,3,5,50,46
8,4,5,50,46
8,5,2,20,46
8,6,3,30,46
8,7,1,10,46
8,8,0,0,46
8,9,4,40,46
8,10,4,40,46
8,11,3,30,46
8,12,4,40,46
8,13,4,40,46
8,14,5,50,46
9,0,8,80,46
9,1,6,60,46
9,2,2,20,46
9,3,5,50,46
9,4,5,50,46
9,5,2,20,46
9,6,6,60,46
9,7,5,50,46
9,8,4,40,46
9,9,0,0,46
9,10,7,70,46
9,11,3,30,46
9,12,4,40,46
9,13,4,40,46
9,14,8,80,46
10,0,3,30,46
10,1,1,10,46
10,2,5,50,46
10,3,4,40,46
10,4,4,40,46
10,5,5,50,46
10,6,1,10,46
10,7,3,30,46
10,8,4,40,46
10,9,7,70,46
10,10,0,0,46
10,11,6,60,46
10,12,3,30,46
10,13,3,30,46
10,14,3,30,46
11,0,7,70,46
11,1,5,50,46
11,2,1,10,46
11,3,3,30,46
11,4,4,40,46
11,5,1,10,46
11,6,5,50,46
11,7,4,40,46
11,8,3,30,46
11,9,3,30,46
11,10,6,60,46
11,11,0,0,46
11,12,3,30,46
11,13,3,30,46
11,14,7,70,46
12,0,4,40,46
12,1,2,20,46
12,2,2,20,46
12,3,5,50,46
12,4,7,70,46
12,5,4,40,46
12,6,4,40,46
12,7,4,40,46
12,8,4,40,46
12,9,4,40,46
12,10,3,30,46
12,11,3,30,46
12,12,0,0,46
12,13,6,60,46
12,14,4,40,46
13,0,4,40,46
13,1,4,40,46
13,2,4,40,46
13,3,7,70,46
13,4,5,50,46
13,5,2,20,46
13,6,2,20,46
13,7,4,40,46
13,8,4,40,46
13,9,4,40,46
13,10,3,30,46
13,11,3,30,46
13,12,6,60,46
13,13,0,0,46
13,14,4,40,46
14,0,0,0,46
14,1,2,20,46
14,2,6,60,46
14,3,5,50,46
14,4,5,50,46
14,5,6,60,46
14,6,2,20,46
14,7,4,40,46
14,8,5,50,46
14,9,8,80,46
14,10,3,30,46
14,11,7,70,46
14,12,4,40,46
14,13,4,40,46
14,14,0,0,46
0,0,0,0,47
0,1,2,20,47
0,2,6,60,47
0,3,5,50,47
0,4,5,50,47
0,5,6,60,47
0,6,2,20,47
0,7,4,40,47
0,8,5,50,47
0,9,8,80,47
0,10,3,30,47
0,11,7,70,47
0,12,4,40,47
0,13,4,40,47
0,14,0,0,47
1,0,2,20,47
1,1,0,0,47
1,2,4,40,47
1,3,3,30,47
1,4,5,50,47
1,5,5,50,47
1,6,2,20,47
1,7,2,20,47
1,8,3,30,47
1,9,6,60,47
1,10,1,10,47
1,11,5,50,47
1,12,2,20,47
1,13,4,40,47
1,14,2,20,47
2,0,6,60,47
2,1,4,40,47
2,2,0,0,47
2,3,3,30,47
2,4,8,80,47
2,5,2,20,47
2,6,5,50,47
2,7,3,30,47
2,8,2,20,47
2,9,2,20,47
2,10,5,50,47
2,11,1,10,47
2,12,2,20,47
2,13,4,40,47
2,14,6,60,47
3,0,5,50,47
3,1,3,30,47
3,2,3,30,47
3,3,0,0,47
3,4,8,80,47
3,5,5,50,47
3,6,5,50,47
3,7,5,50,47
3,8,5,50,47
3,9,5,50,47
3,10,4,40,47
3,11,3,30,47
3,12,5,50,47
3,13,7,70,47
3,14,5,50,47
4,0,5,50,47
4,1,5,50,47
4,2,5,50,47
4,3,8,80,47
4,4,0,0,47
4,5,3,30,47
4,6,3,30,47
4,7,5,50,47
4,8,5,50,47
4,9,5,50,47
4,10,4,40,47
4,11,4,40,47
4,12,7,70,47
4,13,5,50,47
4,14,5,50,47
5,0,6,60,47
5,1,5,50,47
5,2,2,20,47
5,3,5,50,47
5,4,3,30,47
5,5,0,0,47
5,6,4,40,47
5,7,3,30,47
5,8,2,20,47
5,9,2,20,47
5,10,5,50,47
5,11,1,10,47
5,12,4,40,47
5,13,2,20,47
5,14,6,60,47
6,0,2,20,47
6,1,2,20,47
6,2,5,50,47
6,3,5,50,47
6,4,3,30,47
6,5,4,40,47
6,6,0,0,47
6,7,2,20,47
6,8,3,30,47
6,9,6,60,47
6,10,1,10,47
6,11,5,50,47
6,12,4,40,47
6,13,2,20,47
6,14,2,20,47
7,0,4,40,47
7,1,2,20,47
7,2,3,30,47
7,3,5,50,47
7,4,5,50,47
7,5,3,30,47
7,6,2,20,47
7,7,0,0,47
7,8,1,10,47
7,9,5,50,47
7,10,3,30,47
7,11,4,40,47
7,12,4,40,47
7,13,4,40,47
7,14,4,40,47
8,0,5,50,47
8,1,3,30,47
8,2,2,20,47
8,3,5,50,47
8,4,5,50,47
8,5,2,20,47
8,6,3,30,47
8,7,1,10,47
8,8,0,0,47
8,9,4,40,47
8,10,4,40,47
8,11,3,30,47
8,12,4,40,47
8,13,4,40,47
8,14,5,50,47
9,0,8,80,47
9,1,6,60,47
9,2,2,20,47
9,3,5,50,47
9,4,5,50,47
9,5,2,20,47
9,6,6,60,47
9,7,5,50,47
9,8,4,40,47
9,9,0,0,47
9,10,7,70,47
9,11,3,30,47
9,12,4,40,47
9,13,4,40,47
9,14,8,80,47
10,0,3,30,47
10,1,1,10,47
10,2,5,50,47
10,3,4,40,47
10,4,4,40,47
10,5,5,50,47
10,6,1,10,47
10,7,3,30,47
10,8,4,40,47
10,9,7,70,47
10,10,0,0,47
10,11,6,60,47
10,12,3,30,47
10,13,3,30,47
10,14,3,30,47
11,0,7,70,47
11,1,5,50,47
11,2,1,10,47
11,3,3,30,47
11,4,4,40,47
11,5,1,10,47
11,6,5,50,47
11,7,4,40,47
11,8,3,30,47
11,9,3,30,47
11,10,6,60,47
11,11,0,0,47
11,12,3,30,47
11,13,3,30,47
11,14,7,70,47
12,0,4,40,47
12,1,2,20,47
12,2,2,20,47
12,3,5,50,47
12,4,7,70,47
12,5,4,40,47
12,6,4,40,47
12,7,4,40,47
12,8,4,40,47
12,9,4,40,47
12,10,3,30,47
12,11,3,30,47
12,12,0,0,47
12,13,6,60,47
12,14,4,40,47
13,0,4,40,47
13,1,4,40,47
13,2,4,40,47
13,3,7,70,47
13,4,5,50,47
13,5,2,20,47
13,6,2,20,47
13,7,4,40,47
13,8,4,40,47
13,9,4,40,47
13,10,3,30,47
13,11,3,30,47
13,12,6,60,47
13,13,0,0,47
13,14,4,40,47
14,0,0,0,47
14,1,2,20,47
14,2,6,60,47
14,3,5,50,47
14,4,5,50,47
14,5,6,60,47
14,6,2,20,47
14,7,4,40,47
14,8,5,50,47
14,9,8,80,47
14,10,3,30,47
14,11,7,70,47
14,12,4,40,47
14,13,4,40,47
14,14,0,0,47
0,0,0,0,48
0,1,2,20,48
0,2,6,60,48
0,3,5,50,48
0,4,5,50,48
0,5,6,60,48
0,6,2,20,48
0,7,4,40,48
0,8,5,50,48
0,9,8,80,48
0,10,3,30,48
0,11,7,70,48
0,12,4,40,48
0,13,4,40,48
0,14,0,0,48
1,0,2,20,48
1,1,0,0,48
1,2,4,40,48
1,3,3,30,48
1,4,5,50,48
1,5,5,50,48
1,6,2,20,48
1,7,2,20,48
1,8,3,30,48
1,9,6,60,48
1,10,1,10,48
1,11,5,50,48
1,12,2,20,48
1,13,4,40,48
1,14,2,20,48
2,0,6,60,48
2,1,4,40,48
2,2,0,0,48
2,3,3,30,48
2,4,8,80,48
2,5,2,20,48
2,6,5,50,48
2,7,3,30,48
2,8,2,20,48
2,9,2,20,48
2,10,5,50,48
2,11,1,10,48
2,12,2,20,48
2,13,4,40,48
2,14,6,60,48
3,0,5,50,48
3,1,3,30,48
3,2,3,30,48
3,3,0,0,48
3,4,8,80,48
3,5,5,50,48
3,6,5,50,48
3,7,5,50,48
3,8,5,50,48
3,9,5,50,48
3,10,4,40,48
3,11,3,30,48
3,12,5,50,48
3,13,7,70,48
3,14,5,50,48
4,0,5,50,48
4,1,5,50,48
4,2,5,50,48
4,3,8,80,48
4,4,0,0,48
4,5,3,30,48
4,6,3,30,48
4,7,5,50,48
4,8,5,50,48
4,9,5,50,48
4,10,4,40,48
4,11,4,40,48
4,12,7,70,48
4,13,5,50,48
4,14,5,50,48
5,0,6,60,48
5,1,5,50,48
5,2,2,20,48
5,3,5,50,48
5,4,3,30,48
5,5,0,0,48
5,6,4,40,48
5,7,3,30,48
5,8,2,20,48
5,9,2,20,48
5,10,5,50,48
5,11,1,10,48
5,12,4,40,48
5,13,2,20,48
5,14,6,60,48
6,0,2,20,48
6,1,2,20,48
6,2,5,50,48
6,3,5,50,48
6,4,3,30,48
6,5,4,40,48
6,6,0,0,48
6,7,2,20,48
6,8,3,30,48
6,9,6,60,48
6,10,1,10,48
6,11,5,50,48
6,12,4,40,48
6,13,2,20,48
6,14,2,20,48
7,0,4,40,48
7,1,2,20,48
7,2,3,30,48
7,3,5,50,48
7,4,5,50,48
7,5,3,30,48
7,6,2,20,48
7,7,0,0,48
7,8,1,10,48
7,9,5,50,48
7,10,3,30,48
7,11,4,40,48
7,12,4,40,48
7,13,4,40,48
7,14,4,40,48
8,0,5,50,48
8,1,3,30,48
8,2,2,20,48
8,3,5,50,48
8,4,5,50,48
8,5,2,20,48
8,6,3,30,48
8,7,1,10,48
8,8,0,0,48
8,9,4,40,48
8,10,4,40,48
8,11,3,30,48
8,12,4,40,48
8,13,4,40,48
8,14,5,50,48
9,0,8,80,48
9,1,6,60,48
9,2,2,20,48
9,3,5,50,48
9,4,5,50,48
9,5,2,20,48
9,6,6,60,48
9,7,5,50,48
9,8,4,40,48
9,9,0,0,48
9,10,7,70,48
9,11,3,30,48
9,12,4,40,48
9,13,4,40,48
9,14,8,80,48
10,0,3,30,48
10,1,1,10,48
10,2,5,50,48
10,3,4,40,48
10,4,4,40,48
10,5,5,50,48
10,6,1,10,48
10,7,3,30,48
10,8,4,40,48
10,9,7,70,48
10,10,0,0,48
10,11,6,60,48
10,12,3,30,48
10,13,3,30,48
10,14,3,30,48
11,0,7,70,48
11,1,5,50,48
11,2,1,10,48
11,3,3,30,48
11,4,4,40,48
11,5,1,10,48
11,6,5,50,48
11,7,4,40,48
11,8,3,30,48
11,9,3,30,48
11,10,6,60,48
11,11,0,0,48
11,12,3,30,48
11,13,3,30,48
11,14,7,70,48
12,0,4,40,48
12,1,2,20,48
12,2,2,20,48
12,3,5,50,48
12,4,7,70,48
12,5,4,40,48
12,6,4,40,48
12,7,4,40,48
12,8,4,40,48
12,9,4,40,48
12,10,3,30,48
12,11,3,30,48
12,12,0,0,48
12,13,6,60,48
12,14,4,40,48
13,0,4,40,48
13,1,4,40,48
13,2,4,40,48
13,3,7,70,48
13,4,5,50,48
13,5,2,20,48
13,6,2,20,48
13,7,4,40,48
13,8,4,40,48
13,9,4,40,48
13,10,3,30,48
13,11,3,30,48
13,12,6,60,48
13,13,0,0,48
13,14,4,40,48
14,0,0,0,48
14,1,2,20,48
14,2,6,60,48
14,3,5,50,48
14,4,5,50,48
14,5,6,60,48
14,6,2,20,48
14,7,4,40,48
14,8,5,50,48
14,9,8,80,48
14,10,3,30,48
14,11,7,70,48
14,12,4,40,48
14,13,4,40,48
14,14,0,0,48
0,0,0,0,49
0,1,2,20,49
0,2,6,60,49
0,3,5,50,49
0,4,5,50,49
0,5,6,60,49
0,6,2,20,49
0,7,4,40,49
0,8,5,50,49
0,9,8,80,49
0,10,3,30,49
0,11,7,70,49
0,12,4,40,49
0,13,4,40,49
0,14,0,0,49
1,0,2,20,49
1,1,0,0,49
1,2,4,40,49
1,3,3,30,49
1,4,5,50,49
1,5,5,50,49
1,6,2,20,49
1,7,2,20,49
1,8,3,30,49
1,9,6,60,49
1,10,1,10,49
1,11,5,50,49
1,12,2,20,49
1,13,4,40,49
1,14,2,20,49
2,0,6,60,49
2,1,4,40,49
2,2,0,0,49
2,3,3,30,49
2,4,8,80,49
2,5,2,20,49
2,6,5,50,49
2,7,3,30,49
2,8,2,20,49
2,9,2,20,49
2,10,5,50,49
2,11,1,10,49
2,12,2,20,49
2,13,4,40,49
2,14,6,60,49
3,0,5,50,49
3,1,3,30,49
3,2,3,30,49
3,3,0,0,49
3,4,8,80,49
3,5,5,50,49
3,6,5,50,49
3,7,5,50,49
3,8,5,50,49
3,9,5,50,49
3,10,4,40,49
3,11,3,30,49
3,12,5,50,49
3,13,7,70,49
3,14,5,50,49
4,0,5,50,49
4,1,5,50,49
4,2,5,50,49
4,3,8,80,49
4,4,0,0,49
4,5,3,30,49
4,6,3,30,49
4,7,5,50,49
4,8,5,50,49
4,9,5,50,49
4,10,4,40,49
4,11,4,40,49
4,12,7,70,49
4,13,5,50,49
4,14,5,50,49
5,0,6,60,49
5,1,5,50,49
5,2,2,20,49
5,3,5,50,49
5,4,3,30,49
5,5,0,0,49
5,6,4,40,49
5,7,3,30,49
5,8,2,20,49
5,9,2,20,49
5,10,5,50,49
5,11,1,10,49
5,12,4,40,49
5,13,2,20,49
5,14,6,60,49
6,0,2,20,49
6,1,2,20,49
6,2,5,50,49
6,3,5,50,49
6,4,3,30,49
6,5,4,40,49
6,6,0,0,49
6,7,2,20,49
6,8,3,30,49
6,9,6,60,49
6,10,1,10,49
6,11,5,50,49
6,12,4,40,49
6,13,2,20,49
6,14,2,20,49
7,0,4,40,49
7,1,2,20,49
7,2,3,30,49
7,3,5,50,49
7,4,5,50,49
7,5,3,30,49
7,6,2,20,49
7,7,0,0,49
7,8,1,10,49
7,9,5,50,49
7,10,3,30,49
7,11,4,40,49
7,12,4,40,49
7,13,4,40,49
7,14,4,40,49
8,0,5,50,49
8,1,3,30,49
8,2,2,20,49
8,3,5,50,49
8,4,5,50,49
8,5,2,20,49
8,6,3,30,49
8,7,1,10,49
8,8,0,0,49
8,9,4,40,49
8,10,4,40,49
8,11,3,30,49
8,12,4,40,49
8,13,4,40,49
8,14,5,50,49
9,0,8,80,49
9,1,6,60,49
9,2,2,20,49
9,3,5,50,49
9,4,5,50,49
9,5,2,20,49
9,6,6,60,49
9,7,5,50,49
9,8,4,40,49
9,9,0,0,49
9,10,7,70,49
9,11,3,30,49
9,12,4,40,49
9,13,4,40,49
9,14,8,80,49
10,0,3,30,49
10,1,1,10,49
10,2,5,50,49
10,3,4,40,49
10,4,4,40,49
10,5,5,50,49
10,6,1,10,49
10,7,3,30,49
10,8,4,40,49
10,9,7,70,49
10,10,0,0,49
10,11,6,60,49
10,12,3,30,49
10,13,3,30,49
10,14,3,30,49
11,0,7,70,49
11,1,5,50,49
11,2,1,10,49
11,3,3,30,49
11,4,4,40,49
11,5,1,10,49
11,6,5,50,49
11,7,4,40,49
11,8,3,30,49
11,9,3,30,49
11,10,6,60,49
11,11,0,0,49
11,12,3,30,49
11,13,3,30,49
11,14,7,70,49
12,0,4,40,49
12,1,2,20,49
12,2,2,20,49
12,3,5,50,49
12,4,7,70,49
12,5,4,40,49
12,6,4,40,49
12,7,4,40,49
12,8,4,40,49
12,9,4,40,49
12,10,3,30,49
12,11,3,30,49
12,12,0,0,49
12,13,6,60,49
12,14,4,40,49
13,0,4,40,49
13,1,4,40,49
13,2,4,40,49
13,3,7,70,49
13,4,5,50,49
13,5,2,20,49
13,6,2,20,49
13,7,4,40,49
13,8,4,40,49
13,9,4,40,49
13,10,3,30,49
13,11,3,30,49
13,12,6,60,49
13,13,0,0,49
13,14,4,40,49
14,0,0,0,49
14,1,2,20,49
14,2,6,60,49
14,3,5,50,49
14,4,5,50,49
14,5,6,60,49
14,6,2,20,49
14,7,4,40,49
14,8,5,50,49
14,9,8,80,49
14,10,3,30,49
14,11,7,70,49
14,12,4,40,49
14,13,4,40,49
14,14,0,0,49
0,0,0,0,50
0,1,2,20,50
0,2,6,60,50
0,3,5,50,50
0,4,5,50,50
0,5,6,60,50
0,6,2,20,50
0,7,4,40,50
0,8,5,50,50
0,9,8,80,50
0,10,3,30,50
0,11,7,70,50
0,12,4,40,50
0,13,4,40,50
0,14,0,0,50
1,0,2,20,50
1,1,0,0,50
1,2,4,40,50
1,3,3,30,50
1,4,5,50,50
1,5,5,50,50
1,6,2,20,50
1,7,2,20,50
1,8,3,30,50
1,9,6,60,50
1,10,1,10,50
1,11,5,50,50
1,12,2,20,50
1,13,4,40,50
1,14,2,20,50
2,0,6,60,50
2,1,4,40,50
2,2,0,0,50
2,3,3,30,50
2,4,8,80,50
2,5,2,20,50
2,6,5,50,50
2,7,3,30,50
2,8,2,20,50
2,9,2,20,50
2,10,5,50,50
2,11,1,10,50
2,12,2,20,50
2,13,4,40,50
2,14,6,60,50
3,0,5,50,50
3,1,3,30,50
3,2,3,30,50
3,3,0,0,50
3,4,8,80,50
3,5,5,50,50
3,6,5,50,50
3,7,5,50,50
3,8,5,50,50
3,9,5,50,50
3,10,4,40,50
3,11,3,30,50
3,12,5,50,50
3,13,7,70,50
3,14,5,50,50
4,0,5,50,50
4,1,5,50,50
4,2,5,50,50
4,3,8,80,50
4,4,0,0,50
4,5,3,30,50
4,6,3,30,50
4,7,5,50,50
4,8,5,50,50
4,9,5,50,50
4,10,4,40,50
4,11,4,40,50
4,12,7,70,50
4,13,5,50,50
4,14,5,50,50
5,0,6,60,50
5,1,5,50,50
5,2,2,20,50
5,3,5,50,50
5,4,3,30,50
5,5,0,0,50
5,6,4,40,50
5,7,3,30,50
5,8,2,20,50
5,9,2,20,50
5,10,5,50,50
5,11,1,10,50
5,12,4,40,50
5,13,2,20,50
5,14,6,60,50
6,0,2,20,50
6,1,2,20,50
6,2,5,50,50
6,3,5,50,50
6,4,3,30,50
6,5,4,40,50
6,6,0,0,50
6,7,2,20,50
6,8,3,30,50
6,9,6,60,50
6,10,1,10,50
6,11,5,50,50
6,12,4,40,50
6,13,2,20,50
6,14,2,20,50
7,0,4,40,50
7,1,2,20,50
7,2,3,30,50
7,3,5,50,50
7,4,5,50,50
7,5,3,30,50
7,6,2,20,50
7,7,0,0,50
7,8,1,10,50
7,9,5,50,50
7,10,3,30,50
7,11,4,40,50
7,12,4,40,50
7,13,4,40,50
7,14,4,40,50
8,0,5,50,50
8,1,3,30,50
8,2,2,20,50
8,3,5,50,50
8,4,5,50,50
8,5,2,20,50
8,6,3,30,50
8,7,1,10,50
8,8,0,0,50
8,9,4,40,50
8,10,4,40,50
8,11,3,30,50
8,12,4,40,50
8,13,4,40,50
8,14,5,50,50
9,0,8,80,50
9,1,6,60,50
9,2,2,20,50
9,3,5,50,50
9,4,5,50,50
9,5,2,20,50
9,6,6,60,50
9,7,5,50,50
9,8,4,40,50
9,9,0,0,50
9,10,7,70,50
9,11,3,30,50
9,12,4,40,50
9,13,4,40,50
9,14,8,80,50
10,0,3,30,50
10,1,1,10,50
10,2,5,50,50
10,3,4,40,50
10,4,4,40,50
10,5,5,50,50
10,6,1,10,50
10,7,3,30,50
10,8,4,40,50
10,9,7,70,50
10,10,0,0,50
10,11,6,60,50
10,12,3,30,50
10,13,3,30,50
10,14,3,30,50
11,0,7,70,50
11,1,5,50,50
11,2,1,10,50
11,3,3,30,50
11,4,4,40,50
11,5,1,10,50
11,6,5,50,50
11,7,4,40,50
11,8,3,30,50
11,9,3,30,50
11,10,6,60,50
11,11,0,0,50
11,12,3,30,50
11,13,3,30,50
11,14,7,70,50
12,0,4,40,50
12,1,2,20,50
12,2,2,20,50
12,3,5,50,50
12,4,7,70,50
12,5,4,40,50
12,6,4,40,50
12,7,4,40,50
12,8,4,40,50
12,9,4,40,50
12,10,3,30,50
12,11,3,30,50
12,12,0,0,50
12,13,6,60,50
12,14,4,40,50
13,0,4,40,50
13,1,4,40,50
13,2,4,40,50
13,3,7,70,50
13,4,5,50,50
13,5,2,20,50
13,6,2,20,50
13,7,4,40,50
13,8,4,40,50
13,9,4,40,50
13,10,3,30,50
13,11,3,30,50
13,12,6,60,50
13,13,0,0,50
13,14,4,40,50
14,0,0,0,50
14,1,2,20,50
14,2,6,60,50
14,3,5,50,50
14,4,5,50,50
14,5,6,60,50
14,6,2,20,50
14,7,4,40,50
14,8,5,50,50
14,9,8,80,50
14,10,3,30,50
14,11,7,70,50
14,12,4,40,50
14,13,4,40,50
14,14,0,0,50
