from_space,to_space,from_time,to_time,from_state,to_state,cost,arc_type
12,4,0,7,0,0,7,0
12,4,1,8,0,0,7,0
12,4,2,9,0,0,7,0
12,4,3,10,0,0,7,0
12,4,4,11,0,0,7,0
12,4,5,12,0,0,7,0
12,4,6,13,0,0,7,0
12,4,7,14,0,0,7,0
12,4,8,15,0,0,7,0
12,4,9,16,0,0,7,0
12,4,10,17,0,0,7,0
12,4,11,18,0,0,7,0
12,4,12,19,0,0,7,0
12,4,13,20,0,0,7,0
12,4,14,21,0,0,7,0
12,4,15,22,0,0,7,0
12,4,16,23,0,0,7,0
12,4,17,24,0,0,7,0
12,4,18,25,0,0,7,0
12,4,19,26,0,0,7,0
12,4,20,27,0,0,7,0
12,4,21,28,0,0,7,0
12,4,22,29,0,0,7,0
12,4,23,30,0,0,7,0
12,4,24,31,0,0,7,0
12,4,25,32,0,0,7,0
12,4,26,33,0,0,7,0
12,4,27,34,0,0,7,0
12,4,28,35,0,0,7,0
12,4,29,36,0,0,7,0
12,4,30,37,0,0,7,0
12,4,31,38,0,0,7,0
12,4,32,39,0,0,7,0
12,4,33,40,0,0,7,0
12,4,34,41,0,0,7,0
12,4,35,42,0,0,7,0
12,4,36,43,0,0,7,0
12,4,37,44,0,0,7,0
12,4,38,45,0,0,7,0
12,4,39,46,0,0,7,0
12,4,40,47,0,0,7,0
12,4,41,48,0,0,7,0
12,4,42,49,0,0,7,0
12,4,43,50,0,0,7,0
4,0,0,5,0,0,5,0
4,0,1,6,0,0,5,0
4,0,2,7,0,0,5,0
4,0,3,8,0,0,5,0
4,0,4,9,0,0,5,0
4,0,5,10,0,0,5,0
4,0,6,11,0,0,5,0
4,0,7,12,0,0,5,0
4,0,8,13,0,0,5,0
4,0,9,14,0,0,5,0
4,0,10,15,0,0,5,0
4,0,11,16,0,0,5,0
4,0,12,17,0,0,5,0
4,0,13,18,0,0,5,0
4,0,14,19,0,0,5,0
4,0,15,20,0,0,5,0
4,0,16,21,0,0,5,0
4,0,17,22,0,0,5,0
4,0,18,23,0,0,5,0
4,0,19,24,0,0,5,0
4,0,20,25,0,0,5,0
4,0,21,26,0,0,5,0
4,0,22,27,0,0,5,0
4,0,23,28,0,0,5,0
4,0,24,29,0,0,5,0
4,0,25,30,0,0,5,0
4,0,26,31,0,0,5,0
4,0,27,32,0,0,5,0
4,0,28,33,0,0,5,0
4,0,29,34,0,0,5,0
4,0,30,35,0,0,5,0
4,0,31,36,0,0,5,0
4,0,32,37,0,0,5,0
4,0,33,38,0,0,5,0
4,0,34,39,0,0,5,0
4,0,35,40,0,0,5,0
4,0,36,41,0,0,5,0
4,0,37,42,0,0,5,0
4,0,38,43,0,0,5,0
4,0,39,44,0,0,5,0
4,0,40,45,0,0,5,0
4,0,41,46,0,0,5,0
4,0,42,47,0,0,5,0
4,0,43,48,0,0,5,0
4,0,44,49,0,0,5,0
4,0,45,50,0,0,5,0
4,9,0,5,0,0,5,0
4,9,1,6,0,0,5,0
4,9,2,7,0,0,5,0
4,9,3,8,0,0,5,0
4,9,4,9,0,0,5,0
4,9,5,10,0,0,5,0
4,9,6,11,0,0,5,0
4,9,7,12,0,0,5,0
4,9,8,13,0,0,5,0
4,9,9,14,0,0,5,0
4,9,10,15,0,0,5,0
4,9,11,16,0,0,5,0
4,9,12,17,0,0,5,0
4,9,13,18,0,0,5,0
4,9,14,19,0,0,5,0
4,9,15,20,0,0,5,0
4,9,16,21,0,0,5,0
4,9,17,22,0,0,5,0
4,9,18,23,0,0,5,0
4,9,19,24,0,0,5,0
4,9,20,25,0,0,5,0
4,9,21,26,0,0,5,0
4,9,22,27,0,0,5,0
4,9,23,28,0,0,5,0
4,9,24,29,0,0,5,0
4,9,25,30,0,0,5,0
4,9,26,31,0,0,5,0
4,9,27,32,0,0,5,0
4,9,28,33,0,0,5,0
4,9,29,34,0,0,5,0
4,9,30,35,0,0,5,0
4,9,31,36,0,0,5,0
4,9,32,37,0,0,5,0
4,9,33,38,0,0,5,0
4,9,34,39,0,0,5,0
4,9,35,40,0,0,5,0
4,9,36,41,0,0,5,0
4,9,37,42,0,0,5,0
4,9,38,43,0,0,5,0
4,9,39,44,0,0,5,0
4,9,40,45,0,0,5,0
4,9,41,46,0,0,5,0
4,9,42,47,0,0,5,0
4,9,43,48,0,0,5,0
4,9,44,49,0,0,5,0
4,9,45,50,0,0,5,0
5,1,0,5,0,0,5,0
5,1,1,6,0,0,5,0
5,1,2,7,0,0,5,0
5,1,3,8,0,0,5,0
5,1,4,9,0,0,5,0
5,1,5,10,0,0,5,0
5,1,6,11,0,0,5,0
5,1,7,12,0,0,5,0
5,1,8,13,0,0,5,0
5,1,9,14,0,0,5,0
5,1,10,15,0,0,5,0
5,1,11,16,0,0,5,0
5,1,12,17,0,0,5,0
5,1,13,18,0,0,5,0
5,1,14,19,0,0,5,0
5,1,15,20,0,0,5,0
5,1,16,21,0,0,5,0
5,1,17,22,0,0,5,0
5,1,18,23,0,0,5,0
5,1,19,24,0,0,5,0
5,1,20,25,0,0,5,0
5,1,21,26,0,0,5,0
5,1,22,27,0,0,5,0
5,1,23,28,0,0,5,0
5,1,24,29,0,0,5,0
5,1,25,30,0,0,5,0
5,1,26,31,0,0,5,0
5,1,27,32,0,0,5,0
5,1,28,33,0,0,5,0
5,1,29,34,0,0,5,0
5,1,30,35,0,0,5,0
5,1,31,36,0,0,5,0
5,1,32,37,0,0,5,0
5,1,33,38,0,0,5,0
5,1,34,39,0,0,5,0
5,1,35,40,0,0,5,0
5,1,36,41,0,0,5,0
5,1,37,42,0,0,5,0
5,1,38,43,0,0,5,0
5,1,39,44,0,0,5,0
5,1,40,45,0,0,5,0
5,1,41,46,0,0,5,0
5,1,42,47,0,0,5,0
5,1,43,48,0,0,5,0
5,1,44,49,0,0,5,0
5,1,45,50,0,0,5,0
8,0,0,5,0,0,5,0
8,0,1,6,0,0,5,0
8,0,2,7,0,0,5,0
8,0,3,8,0,0,5,0
8,0,4,9,0,0,5,0
8,0,5,10,0,0,5,0
8,0,6,11,0,0,5,0
8,0,7,12,0,0,5,0
8,0,8,13,0,0,5,0
8,0,9,14,0,0,5,0
8,0,10,15,0,0,5,0
8,0,11,16,0,0,5,0
8,0,12,17,0,0,5,0
8,0,13,18,0,0,5,0
8,0,14,19,0,0,5,0
8,0,15,20,0,0,5,0
8,0,16,21,0,0,5,0
8,0,17,22,0,0,5,0
8,0,18,23,0,0,5,0
8,0,19,24,0,0,5,0
8,0,20,25,0,0,5,0
8,0,21,26,0,0,5,0
8,0,22,27,0,0,5,0
8,0,23,28,0,0,5,0
8,0,24,29,0,0,5,0
8,0,25,30,0,0,5,0
8,0,26,31,0,0,5,0
8,0,27,32,0,0,5,0
8,0,28,33,0,0,5,0
8,0,29,34,0,0,5,0
8,0,30,35,0,0,5,0
8,0,31,36,0,0,5,0
8,0,32,37,0,0,5,0
8,0,33,38,0,0,5,0
8,0,34,39,0,0,5,0
8,0,35,40,0,0,5,0
8,0,36,41,0,0,5,0
8,0,37,42,0,0,5,0
8,0,38,43,0,0,5,0
8,0,39,44,0,0,5,0
8,0,40,45,0,0,5,0
8,0,41,46,0,0,5,0
8,0,42,47,0,0,5,0
8,0,43,48,0,0,5,0
8,0,44,49,0,0,5,0
8,0,45,50,0,0,5,0
3,13,0,7,0,0,7,0
3,13,1,8,0,0,7,0
3,13,2,9,0,0,7,0
3,13,3,10,0,0,7,0
3,13,4,11,0,0,7,0
3,13,5,12,0,0,7,0
3,13,6,13,0,0,7,0
3,13,7,14,0,0,7,0
3,13,8,15,0,0,7,0
3,13,9,16,0,0,7,0
3,13,10,17,0,0,7,0
3,13,11,18,0,0,7,0
3,13,12,19,0,0,7,0
3,13,13,20,0,0,7,0
3,13,14,21,0,0,7,0
3,13,15,22,0,0,7,0
3,13,16,23,0,0,7,0
3,13,17,24,0,0,7,0
3,13,18,25,0,0,7,0
3,13,19,26,0,0,7,0
3,13,20,27,0,0,7,0
3,13,21,28,0,0,7,0
3,13,22,29,0,0,7,0
3,13,23,30,0,0,7,0
3,13,24,31,0,0,7,0
3,13,25,32,0,0,7,0
3,13,26,33,0,0,7,0
3,13,27,34,0,0,7,0
3,13,28,35,0,0,7,0
3,13,29,36,0,0,7,0
3,13,30,37,0,0,7,0
3,13,31,38,0,0,7,0
3,13,32,39,0,0,7,0
3,13,33,40,0,0,7,0
3,13,34,41,0,0,7,0
3,13,35,42,0,0,7,0
3,13,36,43,0,0,7,0
3,13,37,44,0,0,7,0
3,13,38,45,0,0,7,0
3,13,39,46,0,0,7,0
3,13,40,47,0,0,7,0
3,13,41,48,0,0,7,0
3,13,42,49,0,0,7,0
3,13,43,50,0,0,7,0
5,10,0,5,0,0,5,0
5,10,1,6,0,0,5,0
5,10,2,7,0,0,5,0
5,10,3,8,0,0,5,0
5,10,4,9,0,0,5,0
5,10,5,10,0,0,5,0
5,10,6,11,0,0,5,0
5,10,7,12,0,0,5,0
5,10,8,13,0,0,5,0
5,10,9,14,0,0,5,0
5,10,10,15,0,0,5,0
5,10,11,16,0,0,5,0
5,10,12,17,0,0,5,0
5,10,13,18,0,0,5,0
5,10,14,19,0,0,5,0
5,10,15,20,0,0,5,0
5,10,16,21,0,0,5,0
5,10,17,22,0,0,5,0
5,10,18,23,0,0,5,0
5,10,19,24,0,0,5,0
5,10,20,25,0,0,5,0
5,10,21,26,0,0,5,0
5,10,22,27,0,0,5,0
5,10,23,28,0,0,5,0
5,10,24,29,0,0,5,0
5,10,25,30,0,0,5,0
5,10,26,31,0,0,5,0
5,10,27,32,0,0,5,0
5,10,28,33,0,0,5,0
5,10,29,34,0,0,5,0
5,10,30,35,0,0,5,0
5,10,31,36,0,0,5,0
5,10,32,37,0,0,5,0
5,10,33,38,0,0,5,0
5,10,34,39,0,0,5,0
5,10,35,40,0,0,5,0
5,10,36,41,0,0,5,0
5,10,37,42,0,0,5,0
5,10,38,43,0,0,5,0
5,10,39,44,0,0,5,0
5,10,40,45,0,0,5,0
5,10,41,46,0,0,5,0
5,10,42,47,0,0,5,0
5,10,43,48,0,0,5,0
5,10,44,49,0,0,5,0
5,10,45,50,0,0,5,0
8,9,0,4,0,0,4,0
8,9,1,5,0,0,4,0
8,9,2,6,0,0,4,0
8,9,3,7,0,0,4,0
8,9,4,8,0,0,4,0
8,9,5,9,0,0,4,0
8,9,6,10,0,0,4,0
8,9,7,11,0,0,4,0
8,9,8,12,0,0,4,0
8,9,9,13,0,0,4,0
8,9,10,14,0,0,4,0
8,9,11,15,0,0,4,0
8,9,12,16,0,0,4,0
8,9,13,17,0,0,4,0
8,9,14,18,0,0,4,0
8,9,15,19,0,0,4,0
8,9,16,20,0,0,4,0
8,9,17,21,0,0,4,0
8,9,18,22,0,0,4,0
8,9,19,23,0,0,4,0
8,9,20,24,0,0,4,0
8,9,21,25,0,0,4,0
8,9,22,26,0,0,4,0
8,9,23,27,0,0,4,0
8,9,24,28,0,0,4,0
8,9,25,29,0,0,4,0
8,9,26,30,0,0,4,0
8,9,27,31,0,0,4,0
8,9,28,32,0,0,4,0
8,9,29,33,0,0,4,0
8,9,30,34,0,0,4,0
8,9,31,35,0,0,4,0
8,9,32,36,0,0,4,0
8,9,33,37,0,0,4,0
8,9,34,38,0,0,4,0
8,9,35,39,0,0,4,0
8,9,36,40,0,0,4,0
8,9,37,41,0,0,4,0
8,9,38,42,0,0,4,0
8,9,39,43,0,0,4,0
8,9,40,44,0,0,4,0
8,9,41,45,0,0,4,0
8,9,42,46,0,0,4,0
8,9,43,47,0,0,4,0
8,9,44,48,0,0,4,0
8,9,45,49,0,0,4,0
8,9,46,50,0,0,4,0
10,6,0,1,0,0,1,0
10,6,1,2,0,0,1,0
10,6,2,3,0,0,1,0
10,6,3,4,0,0,1,0
10,6,4,5,0,0,1,0
10,6,5,6,0,0,1,0
10,6,6,7,0,0,1,0
10,6,7,8,0,0,1,0
10,6,8,9,0,0,1,0
10,6,9,10,0,0,1,0
10,6,10,11,0,0,1,0
10,6,11,12,0,0,1,0
10,6,12,13,0,0,1,0
10,6,13,14,0,0,1,0
10,6,14,15,0,0,1,0
10,6,15,16,0,0,1,0
10,6,16,17,0,0,1,0
10,6,17,18,0,0,1,0
10,6,18,19,0,0,1,0
10,6,19,20,0,0,1,0
10,6,20,21,0,0,1,0
10,6,21,22,0,0,1,0
10,6,22,23,0,0,1,0
10,6,23,24,0,0,1,0
10,6,24,25,0,0,1,0
10,6,25,26,0,0,1,0
10,6,26,27,0,0,1,0
10,6,27,28,0,0,1,0
10,6,28,29,0,0,1,0
10,6,29,30,0,0,1,0
10,6,30,31,0,0,1,0
10,6,31,32,0,0,1,0
10,6,32,33,0,0,1,0
10,6,33,34,0,0,1,0
10,6,34,35,0,0,1,0
10,6,35,36,0,0,1,0
10,6,36,37,0,0,1,0
10,6,37,38,0,0,1,0
10,6,38,39,0,0,1,0
10,6,39,40,0,0,1,0
10,6,40,41,0,0,1,0
10,6,41,42,0,0,1,0
10,6,42,43,0,0,1,0
10,6,43,44,0,0,1,0
10,6,44,45,0,0,1,0
10,6,45,46,0,0,1,0
10,6,46,47,0,0,1,0
10,6,47,48,0,0,1,0
10,6,48,49,0,0,1,0
10,6,49,50,0,0,1,0
9,8,0,4,0,0,4,0
9,8,1,5,0,0,4,0
9,8,2,6,0,0,4,0
9,8,3,7,0,0,4,0
9,8,4,8,0,0,4,0
9,8,5,9,0,0,4,0
9,8,6,10,0,0,4,0
9,8,7,11,0,0,4,0
9,8,8,12,0,0,4,0
9,8,9,13,0,0,4,0
9,8,10,14,0,0,4,0
9,8,11,15,0,0,4,0
9,8,12,16,0,0,4,0
9,8,13,17,0,0,4,0
9,8,14,18,0,0,4,0
9,8,15,19,0,0,4,0
9,8,16,20,0,0,4,0
9,8,17,21,0,0,4,0
9,8,18,22,0,0,4,0
9,8,19,23,0,0,4,0
9,8,20,24,0,0,4,0
9,8,21,25,0,0,4,0
9,8,22,26,0,0,4,0
9,8,23,27,0,0,4,0
9,8,24,28,0,0,4,0
9,8,25,29,0,0,4,0
9,8,26,30,0,0,4,0
9,8,27,31,0,0,4,0
9,8,28,32,0,0,4,0
9,8,29,33,0,0,4,0
9,8,30,34,0,0,4,0
9,8,31,35,0,0,4,0
9,8,32,36,0,0,4,0
9,8,33,37,0,0,4,0
9,8,34,38,0,0,4,0
9,8,35,39,0,0,4,0
9,8,36,40,0,0,4,0
9,8,37,41,0,0,4,0
9,8,38,42,0,0,4,0
9,8,39,43,0,0,4,0
9,8,40,44,0,0,4,0
9,8,41,45,0,0,4,0
9,8,42,46,0,0,4,0
9,8,43,47,0,0,4,0
9,8,44,48,0,0,4,0
9,8,45,49,0,0,4,0
9,8,46,50,0,0,4,0
0,5,0,6,0,0,6,0
0,5,1,7,0,0,6,0
0,5,2,8,0,0,6,0
0,5,3,9,0,0,6,0
0,5,4,10,0,0,6,0
0,5,5,11,0,0,6,0
0,5,6,12,0,0,6,0
0,5,7,13,0,0,6,0
0,5,8,14,0,0,6,0
0,5,9,15,0,0,6,0
0,5,10,16,0,0,6,0
0,5,11,17,0,0,6,0
0,5,12,18,0,0,6,0
0,5,13,19,0,0,6,0
0,5,14,20,0,0,6,0
0,5,15,21,0,0,6,0
0,5,16,22,0,0,6,0
0,5,17,23,0,0,6,0
0,5,18,24,0,0,6,0
0,5,19,25,0,0,6,0
0,5,20,26,0,0,6,0
0,5,21,27,0,0,6,0
0,5,22,28,0,0,6,0
0,5,23,29,0,0,6,0
0,5,24,30,0,0,6,0
0,5,25,31,0,0,6,0
0,5,26,32,0,0,6,0
0,5,27,33,0,0,6,0
0,5,28,34,0,0,6,0
0,5,29,35,0,0,6,0
0,5,30,36,0,0,6,0
0,5,31,37,0,0,6,0
0,5,32,38,0,0,6,0
0,5,33,39,0,0,6,0
0,5,34,40,0,0,6,0
0,5,35,41,0,0,6,0
0,5,36,42,0,0,6,0
0,5,37,43,0,0,6,0
0,5,38,44,0,0,6,0
0,5,39,45,0,0,6,0
0,5,40,46,0,0,6,0
0,5,41,47,0,0,6,0
0,5,42,48,0,0,6,0
0,5,43,49,0,0,6,0
0,5,44,50,0,0,6,0
11,5,0,1,0,0,1,0
11,5,1,2,0,0,1,0
11,5,2,3,0,0,1,0
11,5,3,4,0,0,1,0
11,5,4,5,0,0,1,0
11,5,5,6,0,0,1,0
11,5,6,7,0,0,1,0
11,5,7,8,0,0,1,0
11,5,8,9,0,0,1,0
11,5,9,10,0,0,1,0
11,5,10,11,0,0,1,0
11,5,11,12,0,0,1,0
11,5,12,13,0,0,1,0
11,5,13,14,0,0,1,0
11,5,14,15,0,0,1,0
11,5,15,16,0,0,1,0
11,5,16,17,0,0,1,0
11,5,17,18,0,0,1,0
11,5,18,19,0,0,1,0
11,5,19,20,0,0,1,0
11,5,20,21,0,0,1,0
11,5,21,22,0,0,1,0
11,5,22,23,0,0,1,0
11,5,23,24,0,0,1,0
11,5,24,25,0,0,1,0
11,5,25,26,0,0,1,0
11,5,26,27,0,0,1,0
11,5,27,28,0,0,1,0
11,5,28,29,0,0,1,0
11,5,29,30,0,0,1,0
11,5,30,31,0,0,1,0
11,5,31,32,0,0,1,0
11,5,32,33,0,0,1,0
11,5,33,34,0,0,1,0
11,5,34,35,0,0,1,0
11,5,35,36,0,0,1,0
11,5,36,37,0,0,1,0
11,5,37,38,0,0,1,0
11,5,38,39,0,0,1,0
11,5,39,40,0,0,1,0
11,5,40,41,0,0,1,0
11,5,41,42,0,0,1,0
11,5,42,43,0,0,1,0
11,5,43,44,0,0,1,0
11,5,44,45,0,0,1,0
11,5,45,46,0,0,1,0
11,5,46,47,0,0,1,0
11,5,47,48,0,0,1,0
11,5,48,49,0,0,1,0
11,5,49,50,0,0,1,0
14,13,0,5,0,0,5,0
14,13,1,6,0,0,5,0
14,13,2,7,0,0,5,0
14,13,3,8,0,0,5,0
14,13,4,9,0,0,5,0
14,13,5,10,0,0,5,0
14,13,6,11,0,0,5,0
14,13,7,12,0,0,5,0
14,13,8,13,0,0,5,0
14,13,9,14,0,0,5,0
14,13,10,15,0,0,5,0
14,13,11,16,0,0,5,0
14,13,12,17,0,0,5,0
14,13,13,18,0,0,5,0
14,13,14,19,0,0,5,0
14,13,15,20,0,0,5,0
14,13,16,21,0,0,5,0
14,13,17,22,0,0,5,0
14,13,18,23,0,0,5,0
14,13,19,24,0,0,5,0
14,13,20,25,0,0,5,0
14,13,21,26,0,0,5,0
14,13,22,27,0,0,5,0
14,13,23,28,0,0,5,0
14,13,24,29,0,0,5,0
14,13,25,30,0,0,5,0
14,13,26,31,0,0,5,0
14,13,27,32,0,0,5,0
14,13,28,33,0,0,5,0
14,13,29,34,0,0,5,0
14,13,30,35,0,0,5,0
14,13,31,36,0,0,5,0
14,13,32,37,0,0,5,0
14,13,33,38,0,0,5,0
14,13,34,39,0,0,5,0
14,13,35,40,0,0,5,0
14,13,36,41,0,0,5,0
14,13,37,42,0,0,5,0
14,13,38,43,0,0,5,0
14,13,39,44,0,0,5,0
14,13,40,45,0,0,5,0
14,13,41,46,0,0,5,0
14,13,42,47,0,0,5,0
14,13,43,48,0,0,5,0
14,13,44,49,0,0,5,0
14,13,45,50,0,0,5,0
0,14,0,3,0,0,3,0
0,14,1,4,0,0,3,0
0,14,2,5,0,0,3,0
0,14,3,6,0,0,3,0
0,14,4,7,0,0,3,0
0,14,5,8,0,0,3,0
0,14,6,9,0,0,3,0
0,14,7,10,0,0,3,0
0,14,8,11,0,0,3,0
0,14,9,12,0,0,3,0
0,14,10,13,0,0,3,0
0,14,11,14,0,0,3,0
0,14,12,15,0,0,3,0
0,14,13,16,0,0,3,0
0,14,14,17,0,0,3,0
0,14,15,18,0,0,3,0
0,14,16,19,0,0,3,0
0,14,17,20,0,0,3,0
0,14,18,21,0,0,3,0
0,14,19,22,0,0,3,0
0,14,20,23,0,0,3,0
0,14,21,24,0,0,3,0
0,14,22,25,0,0,3,0
0,14,23,26,0,0,3,0
0,14,24,27,0,0,3,0
0,14,25,28,0,0,3,0
0,14,26,29,0,0,3,0
0,14,27,30,0,0,3,0
0,14,28,31,0,0,3,0
0,14,29,32,0,0,3,0
0,14,30,33,0,0,3,0
0,14,31,34,0,0,3,0
0,14,32,35,0,0,3,0
0,14,33,36,0,0,3,0
0,14,34,37,0,0,3,0
0,14,35,38,0,0,3,0
0,14,36,39,0,0,3,0
0,14,37,40,0,0,3,0
0,14,38,41,0,0,3,0
0,14,39,42,0,0,3,0
0,14,40,43,0,0,3,0
0,14,41,44,0,0,3,0
0,14,42,45,0,0,3,0
0,14,43,46,0,0,3,0
0,14,44,47,0,0,3,0
0,14,45,48,0,0,3,0
0,14,46,49,0,0,3,0
0,14,47,50,0,0,3,0
2,11,0,1,0,0,1,0
2,11,1,2,0,0,1,0
2,11,2,3,0,0,1,0
2,11,3,4,0,0,1,0
2,11,4,5,0,0,1,0
2,11,5,6,0,0,1,0
2,11,6,7,0,0,1,0
2,11,7,8,0,0,1,0
2,11,8,9,0,0,1,0
2,11,9,10,0,0,1,0
2,11,10,11,0,0,1,0
2,11,11,12,0,0,1,0
2,11,12,13,0,0,1,0
2,11,13,14,0,0,1,0
2,11,14,15,0,0,1,0
2,11,15,16,0,0,1,0
2,11,16,17,0,0,1,0
2,11,17,18,0,0,1,0
2,11,18,19,0,0,1,0
2,11,19,20,0,0,1,0
2,11,20,21,0,0,1,0
2,11,21,22,0,0,1,0
2,11,22,23,0,0,1,0
2,11,23,24,0,0,1,0
2,11,24,25,0,0,1,0
2,11,25,26,0,0,1,0
2,11,26,27,0,0,1,0
2,11,27,28,0,0,1,0
2,11,28,29,0,0,1,0
2,11,29,30,0,0,1,0
2,11,30,31,0,0,1,0
2,11,31,32,0,0,1,0
2,11,32,33,0,0,1,0
2,11,33,34,0,0,1,0
2,11,34,35,0,0,1,0
2,11,35,36,0,0,1,0
2,11,36,37,0,0,1,0
2,11,37,38,0,0,1,0
2,11,38,39,0,0,1,0
2,11,39,40,0,0,1,0
2,11,40,41,0,0,1,0
2,11,41,42,0,0,1,0
2,11,42,43,0,0,1,0
2,11,43,44,0,0,1,0
2,11,44,45,0,0,1,0
2,11,45,46,0,0,1,0
2,11,46,47,0,0,1,0
2,11,47,48,0,0,1,0
2,11,48,49,0,0,1,0
2,11,49,50,0,0,1,0
11,14,0,6,0,0,6,0
11,14,1,7,0,0,6,0
11,14,2,8,0,0,6,0
11,14,3,9,0,0,6,0
11,14,4,10,0,0,6,0
11,14,5,11,0,0,6,0
11,14,6,12,0,0,6,0
11,14,7,13,0,0,6,0
11,14,8,14,0,0,6,0
11,14,9,15,0,0,6,0
11,14,10,16,0,0,6,0
11,14,11,17,0,0,6,0
11,14,12,18,0,0,6,0
11,14,13,19,0,0,6,0
11,14,14,20,0,0,6,0
11,14,15,21,0,0,6,0
11,14,16,22,0,0,6,0
11,14,17,23,0,0,6,0
11,14,18,24,0,0,6,0
11,14,19,25,0,0,6,0
11,14,20,26,0,0,6,0
11,14,21,27,0,0,6,0
11,14,22,28,0,0,6,0
11,14,23,29,0,0,6,0
11,14,24,30,0,0,6,0
11,14,25,31,0,0,6,0
11,14,26,32,0,0,6,0
11,14,27,33,0,0,6,0
11,14,28,34,0,0,6,0
11,14,29,35,0,0,6,0
11,14,30,36,0,0,6,0
11,14,31,37,0,0,6,0
11,14,32,38,0,0,6,0
11,14,33,39,0,0,6,0
11,14,34,40,0,0,6,0
11,14,35,41,0,0,6,0
11,14,36,42,0,0,6,0
11,14,37,43,0,0,6,0
11,14,38,44,0,0,6,0
11,14,39,45,0,0,6,0
11,14,40,46,0,0,6,0
11,14,41,47,0,0,6,0
11,14,42,48,0,0,6,0
11,14,43,49,0,0,6,0
11,14,44,50,0,0,6,0
13,8,0,4,0,0,4,0
13,8,1,5,0,0,4,0
13,8,2,6,0,0,4,0
13,8,3,7,0,0,4,0
13,8,4,8,0,0,4,0
13,8,5,9,0,0,4,0
13,8,6,10,0,0,4,0
13,8,7,11,0,0,4,0
13,8,8,12,0,0,4,0
13,8,9,13,0,0,4,0
13,8,10,14,0,0,4,0
13,8,11,15,0,0,4,0
13,8,12,16,0,0,4,0
13,8,13,17,0,0,4,0
13,8,14,18,0,0,4,0
13,8,15,19,0,0,4,0
13,8,16,20,0,0,4,0
13,8,17,21,0,0,4,0
13,8,18,22,0,0,4,0
13,8,19,23,0,0,4,0
13,8,20,24,0,0,4,0
13,8,21,25,0,0,4,0
13,8,22,26,0,0,4,0
13,8,23,27,0,0,4,0
13,8,24,28,0,0,4,0
13,8,25,29,0,0,4,0
13,8,26,30,0,0,4,0
13,8,27,31,0,0,4,0
13,8,28,32,0,0,4,0
13,8,29,33,0,0,4,0
13,8,30,34,0,0,4,0
13,8,31,35,0,0,4,0
13,8,32,36,0,0,4,0
13,8,33,37,0,0,4,0
13,8,34,38,0,0,4,0
13,8,35,39,0,0,4,0
13,8,36,40,0,0,4,0
13,8,37,41,0,0,4,0
13,8,38,42,0,0,4,0
13,8,39,43,0,0,4,0
13,8,40,44,0,0,4,0
13,8,41,45,0,0,4,0
13,8,42,46,0,0,4,0
13,8,43,47,0,0,4,0
13,8,44,48,0,0,4,0
13,8,45,49,0,0,4,0
13,8,46,50,0,0,4,0
6,2,0,5,0,0,5,0
6,2,1,6,0,0,5,0
6,2,2,7,0,0,5,0
6,2,3,8,0,0,5,0
6,2,4,9,0,0,5,0
6,2,5,10,0,0,5,0
6,2,6,11,0,0,5,0
6,2,7,12,0,0,5,0
6,2,8,13,0,0,5,0
6,2,9,14,0,0,5,0
6,2,10,15,0,0,5,0
6,2,11,16,0,0,5,0
6,2,12,17,0,0,5,0
6,2,13,18,0,0,5,0
6,2,14,19,0,0,5,0
6,2,15,20,0,0,5,0
6,2,16,21,0,0,5,0
6,2,17,22,0,0,5,0
6,2,18,23,0,0,5,0
6,2,19,24,0,0,5,0
6,2,20,25,0,0,5,0
6,2,21,26,0,0,5,0
6,2,22,27,0,0,5,0
6,2,23,28,0,0,5,0
6,2,24,29,0,0,5,0
6,2,25,30,0,0,5,0
6,2,26,31,0,0,5,0
6,2,27,32,0,0,5,0
6,2,28,33,0,0,5,0
6,2,29,34,0,0,5,0
6,2,30,35,0,0,5,0
6,2,31,36,0,0,5,0
6,2,32,37,0,0,5,0
6,2,33,38,0,0,5,0
6,2,34,39,0,0,5,0
6,2,35,40,0,0,5,0
6,2,36,41,0,0,5,0
6,2,37,42,0,0,5,0
6,2,38,43,0,0,5,0
6,2,39,44,0,0,5,0
6,2,40,45,0,0,5,0
6,2,41,46,0,0,5,0
6,2,42,47,0,0,5,0
6,2,43,48,0,0,5,0
6,2,44,49,0,0,5,0
6,2,45,50,0,0,5,0
7,1,0,2,0,0,2,0
7,1,1,3,0,0,2,0
7,1,2,4,0,0,2,0
7,1,3,5,0,0,2,0
7,1,4,6,0,0,2,0
7,1,5,7,0,0,2,0
7,1,6,8,0,0,2,0
7,1,7,9,0,0,2,0
7,1,8,10,0,0,2,0
7,1,9,11,0,0,2,0
7,1,10,12,0,0,2,0
7,1,11,13,0,0,2,0
7,1,12,14,0,0,2,0
7,1,13,15,0,0,2,0
7,1,14,16,0,0,2,0
7,1,15,17,0,0,2,0
7,1,16,18,0,0,2,0
7,1,17,19,0,0,2,0
7,1,18,20,0,0,2,0
7,1,19,21,0,0,2,0
7,1,20,22,0,0,2,0
7,1,21,23,0,0,2,0
7,1,22,24,0,0,2,0
7,1,23,25,0,0,2,0
7,1,24,26,0,0,2,0
7,1,25,27,0,0,2,0
7,1,26,28,0,0,2,0
7,1,27,29,0,0,2,0
7,1,28,30,0,0,2,0
7,1,29,31,0,0,2,0
7,1,30,32,0,0,2,0
7,1,31,33,0,0,2,0
7,1,32,34,0,0,2,0
7,1,33,35,0,0,2,0
7,1,34,36,0,0,2,0
7,1,35,37,0,0,2,0
7,1,36,38,0,0,2,0
7,1,37,39,0,0,2,0
7,1,38,40,0,0,2,0
7,1,39,41,0,0,2,0
7,1,40,42,0,0,2,0
7,1,41,43,0,0,2,0
7,1,42,44,0,0,2,0
7,1,43,45,0,0,2,0
7,1,44,46,0,0,2,0
7,1,45,47,0,0,2,0
7,1,46,48,0,0,2,0
7,1,47,49,0,0,2,0
7,1,48,50,0,0,2,0
1,15,0,2,0,0,2,0
1,15,1,3,0,0,2,0
1,15,2,4,0,0,2,0
1,15,3,5,0,0,2,0
1,15,4,6,0,0,2,0
1,15,5,7,0,0,2,0
1,15,6,8,0,0,2,0
1,15,7,9,0,0,2,0
1,15,8,10,0,0,2,0
1,15,9,11,0,0,2,0
1,15,10,12,0,0,2,0
1,15,11,13,0,0,2,0
1,15,12,14,0,0,2,0
1,15,13,15,0,0,2,0
1,15,14,16,0,0,2,0
1,15,15,17,0,0,2,0
1,15,16,18,0,0,2,0
1,15,17,19,0,0,2,0
1,15,18,20,0,0,2,0
1,15,19,21,0,0,2,0
1,15,20,22,0,0,2,0
1,15,21,23,0,0,2,0
1,15,22,24,0,0,2,0
1,15,23,25,0,0,2,0
1,15,24,26,0,0,2,0
1,15,25,27,0,0,2,0
1,15,26,28,0,0,2,0
1,15,27,29,0,0,2,0
1,15,28,30,0,0,2,0
1,15,29,31,0,0,2,0
1,15,30,32,0,0,2,0
1,15,31,33,0,0,2,0
1,15,32,34,0,0,2,0
1,15,33,35,0,0,2,0
1,15,34,36,0,0,2,0
1,15,35,37,0,0,2,0
1,15,36,38,0,0,2,0
1,15,37,39,0,0,2,0
1,15,38,40,0,0,2,0
1,15,39,41,0,0,2,0
1,15,40,42,0,0,2,0
1,15,41,43,0,0,2,0
1,15,42,44,0,0,2,0
1,15,43,45,0,0,2,0
1,15,44,46,0,0,2,0
1,15,45,47,0,0,2,0
1,15,46,48,0,0,2,0
1,15,47,49,0,0,2,0
1,15,48,50,0,0,2,0
6,11,0,5,0,0,5,0
6,11,1,6,0,0,5,0
6,11,2,7,0,0,5,0
6,11,3,8,0,0,5,0
6,11,4,9,0,0,5,0
6,11,5,10,0,0,5,0
6,11,6,11,0,0,5,0
6,11,7,12,0,0,5,0
6,11,8,13,0,0,5,0
6,11,9,14,0,0,5,0
6,11,10,15,0,0,5,0
6,11,11,16,0,0,5,0
6,11,12,17,0,0,5,0
6,11,13,18,0,0,5,0
6,11,14,19,0,0,5,0
6,11,15,20,0,0,5,0
6,11,16,21,0,0,5,0
6,11,17,22,0,0,5,0
6,11,18,23,0,0,5,0
6,11,19,24,0,0,5,0
6,11,20,25,0,0,5,0
6,11,21,26,0,0,5,0
6,11,22,27,0,0,5,0
6,11,23,28,0,0,5,0
6,11,24,29,0,0,5,0
6,11,25,30,0,0,5,0
6,11,26,31,0,0,5,0
6,11,27,32,0,0,5,0
6,11,28,33,0,0,5,0
6,11,29,34,0,0,5,0
6,11,30,35,0,0,5,0
6,11,31,36,0,0,5,0
6,11,32,37,0,0,5,0
6,11,33,38,0,0,5,0
6,11,34,39,0,0,5,0
6,11,35,40,0,0,5,0
6,11,36,41,0,0,5,0
6,11,37,42,0,0,5,0
6,11,38,43,0,0,5,0
6,11,39,44,0,0,5,0
6,11,40,45,0,0,5,0
6,11,41,46,0,0,5,0
6,11,42,47,0,0,5,0
6,11,43,48,0,0,5,0
6,11,44,49,0,0,5,0
6,11,45,50,0,0,5,0
7,10,0,3,0,0,3,0
7,10,1,4,0,0,3,0
7,10,2,5,0,0,3,0
7,10,3,6,0,0,3,0
7,10,4,7,0,0,3,0
7,10,5,8,0,0,3,0
7,10,6,9,0,0,3,0
7,10,7,10,0,0,3,0
7,10,8,11,0,0,3,0
7,10,9,12,0,0,3,0
7,10,10,13,0,0,3,0
7,10,11,14,0,0,3,0
7,10,12,15,0,0,3,0
7,10,13,16,0,0,3,0
7,10,14,17,0,0,3,0
7,10,15,18,0,0,3,0
7,10,16,19,0,0,3,0
7,10,17,20,0,0,3,0
7,10,18,21,0,0,3,0
7,10,19,22,0,0,3,0
7,10,20,23,0,0,3,0
7,10,21,24,0,0,3,0
7,10,22,25,0,0,3,0
7,10,23,26,0,0,3,0
7,10,24,27,0,0,3,0
7,10,25,28,0,0,3,0
7,10,26,29,0,0,3,0
7,10,27,30,0,0,3,0
7,10,28,31,0,0,3,0
7,10,29,32,0,0,3,0
7,10,30,33,0,0,3,0
7,10,31,34,0,0,3,0
7,10,32,35,0,0,3,0
7,10,33,36,0,0,3,0
7,10,34,37,0,0,3,0
7,10,35,38,0,0,3,0
7,10,36,39,0,0,3,0
7,10,37,40,0,0,3,0
7,10,38,41,0,0,3,0
7,10,39,42,0,0,3,0
7,10,40,43,0,0,3,0
7,10,41,44,0,0,3,0
7,10,42,45,0,0,3,0
7,10,43,46,0,0,3,0
7,10,44,47,0,0,3,0
7,10,45,48,0,0,3,0
7,10,46,49,0,0,3,0
7,10,47,50,0,0,3,0
4,2,0,5,0,0,5,0
4,2,1,6,0,0,5,0
4,2,2,7,0,0,5,0
4,2,3,8,0,0,5,0
4,2,4,9,0,0,5,0
4,2,5,10,0,0,5,0
4,2,6,11,0,0,5,0
4,2,7,12,0,0,5,0
4,2,8,13,0,0,5,0
4,2,9,14,0,0,5,0
4,2,10,15,0,0,5,0
4,2,11,16,0,0,5,0
4,2,12,17,0,0,5,0
4,2,13,18,0,0,5,0
4,2,14,19,0,0,5,0
4,2,15,20,0,0,5,0
4,2,16,21,0,0,5,0
4,2,17,22,0,0,5,0
4,2,18,23,0,0,5,0
4,2,19,24,0,0,5,0
4,2,20,25,0,0,5,0
4,2,21,26,0,0,5,0
4,2,22,27,0,0,5,0
4,2,23,28,0,0,5,0
4,2,24,29,0,0,5,0
4,2,25,30,0,0,5,0
4,2,26,31,0,0,5,0
4,2,27,32,0,0,5,0
4,2,28,33,0,0,5,0
4,2,29,34,0,0,5,0
4,2,30,35,0,0,5,0
4,2,31,36,0,0,5,0
4,2,32,37,0,0,5,0
4,2,33,38,0,0,5,0
4,2,34,39,0,0,5,0
4,2,35,40,0,0,5,0
4,2,36,41,0,0,5,0
4,2,37,42,0,0,5,0
4,2,38,43,0,0,5,0
4,2,39,44,0,0,5,0
4,2,40,45,0,0,5,0
4,2,41,46,0,0,5,0
4,2,42,47,0,0,5,0
4,2,43,48,0,0,5,0
4,2,44,49,0,0,5,0
4,2,45,50,0,0,5,0
3,6,0,5,0,0,5,0
3,6,1,6,0,0,5,0
3,6,2,7,0,0,5,0
3,6,3,8,0,0,5,0
3,6,4,9,0,0,5,0
3,6,5,10,0,0,5,0
3,6,6,11,0,0,5,0
3,6,7,12,0,0,5,0
3,6,8,13,0,0,5,0
3,6,9,14,0,0,5,0
3,6,10,15,0,0,5,0
3,6,11,16,0,0,5,0
3,6,12,17,0,0,5,0
3,6,13,18,0,0,5,0
3,6,14,19,0,0,5,0
3,6,15,20,0,0,5,0
3,6,16,21,0,0,5,0
3,6,17,22,0,0,5,0
3,6,18,23,0,0,5,0
3,6,19,24,0,0,5,0
3,6,20,25,0,0,5,0
3,6,21,26,0,0,5,0
3,6,22,27,0,0,5,0
3,6,23,28,0,0,5,0
3,6,24,29,0,0,5,0
3,6,25,30,0,0,5,0
3,6,26,31,0,0,5,0
3,6,27,32,0,0,5,0
3,6,28,33,0,0,5,0
3,6,29,34,0,0,5,0
3,6,30,35,0,0,5,0
3,6,31,36,0,0,5,0
3,6,32,37,0,0,5,0
3,6,33,38,0,0,5,0
3,6,34,39,0,0,5,0
3,6,35,40,0,0,5,0
3,6,36,41,0,0,5,0
3,6,37,42,0,0,5,0
3,6,38,43,0,0,5,0
3,6,39,44,0,0,5,0
3,6,40,45,0,0,5,0
3,6,41,46,0,0,5,0
3,6,42,47,0,0,5,0
3,6,43,48,0,0,5,0
3,6,44,49,0,0,5,0
3,6,45,50,0,0,5,0
5,3,0,5,0,0,5,0
5,3,1,6,0,0,5,0
5,3,2,7,0,0,5,0
5,3,3,8,0,0,5,0
5,3,4,9,0,0,5,0
5,3,5,10,0,0,5,0
5,3,6,11,0,0,5,0
5,3,7,12,0,0,5,0
5,3,8,13,0,0,5,0
5,3,9,14,0,0,5,0
5,3,10,15,0,0,5,0
5,3,11,16,0,0,5,0
5,3,12,17,0,0,5,0
5,3,13,18,0,0,5,0
5,3,14,19,0,0,5,0
5,3,15,20,0,0,5,0
5,3,16,21,0,0,5,0
5,3,17,22,0,0,5,0
5,3,18,23,0,0,5,0
5,3,19,24,0,0,5,0
5,3,20,25,0,0,5,0
5,3,21,26,0,0,5,0
5,3,22,27,0,0,5,0
5,3,23,28,0,0,5,0
5,3,24,29,0,0,5,0
5,3,25,30,0,0,5,0
5,3,26,31,0,0,5,0
5,3,27,32,0,0,5,0
5,3,28,33,0,0,5,0
5,3,29,34,0,0,5,0
5,3,30,35,0,0,5,0
5,3,31,36,0,0,5,0
5,3,32,37,0,0,5,0
5,3,33,38,0,0,5,0
5,3,34,39,0,0,5,0
5,3,35,40,0,0,5,0
5,3,36,41,0,0,5,0
5,3,37,42,0,0,5,0
5,3,38,43,0,0,5,0
5,3,39,44,0,0,5,0
5,3,40,45,0,0,5,0
5,3,41,46,0,0,5,0
5,3,42,47,0,0,5,0
5,3,43,48,0,0,5,0
5,3,44,49,0,0,5,0
5,3,45,50,0,0,5,0
8,2,0,2,0,0,2,0
8,2,1,3,0,0,2,0
8,2,2,4,0,0,2,0
8,2,3,5,0,0,2,0
8,2,4,6,0,0,2,0
8,2,5,7,0,0,2,0
8,2,6,8,0,0,2,0
8,2,7,9,0,0,2,0
8,2,8,10,0,0,2,0
8,2,9,11,0,0,2,0
8,2,10,12,0,0,2,0
8,2,11,13,0,0,2,0
8,2,12,14,0,0,2,0
8,2,13,15,0,0,2,0
8,2,14,16,0,0,2,0
8,2,15,17,0,0,2,0
8,2,16,18,0,0,2,0
8,2,17,19,0,0,2,0
8,2,18,20,0,0,2,0
8,2,19,21,0,0,2,0
8,2,20,22,0,0,2,0
8,2,21,23,0,0,2,0
8,2,22,24,0,0,2,0
8,2,23,25,0,0,2,0
8,2,24,26,0,0,2,0
8,2,25,27,0,0,2,0
8,2,26,28,0,0,2,0
8,2,27,29,0,0,2,0
8,2,28,30,0,0,2,0
8,2,29,31,0,0,2,0
8,2,30,32,0,0,2,0
8,2,31,33,0,0,2,0
8,2,32,34,0,0,2,0
8,2,33,35,0,0,2,0
8,2,34,36,0,0,2,0
8,2,35,37,0,0,2,0
8,2,36,38,0,0,2,0
8,2,37,39,0,0,2,0
8,2,38,40,0,0,2,0
8,2,39,41,0,0,2,0
8,2,40,42,0,0,2,0
8,2,41,43,0,0,2,0
8,2,42,44,0,0,2,0
8,2,43,45,0,0,2,0
8,2,44,46,0,0,2,0
8,2,45,47,0,0,2,0
8,2,46,48,0,0,2,0
8,2,47,49,0,0,2,0
8,2,48,50,0,0,2,0
9,1,0,6,0,0,6,0
9,1,1,7,0,0,6,0
9,1,2,8,0,0,6,0
9,1,3,9,0,0,6,0
9,1,4,10,0,0,6,0
9,1,5,11,0,0,6,0
9,1,6,12,0,0,6,0
9,1,7,13,0,0,6,0
9,1,8,14,0,0,6,0
9,1,9,15,0,0,6,0
9,1,10,16,0,0,6,0
9,1,11,17,0,0,6,0
9,1,12,18,0,0,6,0
9,1,13,19,0,0,6,0
9,1,14,20,0,0,6,0
9,1,15,21,0,0,6,0
9,1,16,22,0,0,6,0
9,1,17,23,0,0,6,0
9,1,18,24,0,0,6,0
9,1,19,25,0,0,6,0
9,1,20,26,0,0,6,0
9,1,21,27,0,0,6,0
9,1,22,28,0,0,6,0
9,1,23,29,0,0,6,0
9,1,24,30,0,0,6,0
9,1,25,31,0,0,6,0
9,1,26,32,0,0,6,0
9,1,27,33,0,0,6,0
9,1,28,34,0,0,6,0
9,1,29,35,0,0,6,0
9,1,30,36,0,0,6,0
9,1,31,37,0,0,6,0
9,1,32,38,0,0,6,0
9,1,33,39,0,0,6,0
9,1,34,40,0,0,6,0
9,1,35,41,0,0,6,0
9,1,36,42,0,0,6,0
9,1,37,43,0,0,6,0
9,1,38,44,0,0,6,0
9,1,39,45,0,0,6,0
9,1,40,46,0,0,6,0
9,1,41,47,0,0,6,0
9,1,42,48,0,0,6,0
9,1,43,49,0,0,6,0
9,1,44,50,0,0,6,0
3,15,0,5,0,0,5,0
3,15,1,6,0,0,5,0
3,15,2,7,0,0,5,0
3,15,3,8,0,0,5,0
3,15,4,9,0,0,5,0
3,15,5,10,0,0,5,0
3,15,6,11,0,0,5,0
3,15,7,12,0,0,5,0
3,15,8,13,0,0,5,0
3,15,9,14,0,0,5,0
3,15,10,15,0,0,5,0
3,15,11,16,0,0,5,0
3,15,12,17,0,0,5,0
3,15,13,18,0,0,5,0
3,15,14,19,0,0,5,0
3,15,15,20,0,0,5,0
3,15,16,21,0,0,5,0
3,15,17,22,0,0,5,0
3,15,18,23,0,0,5,0
3,15,19,24,0,0,5,0
3,15,20,25,0,0,5,0
3,15,21,26,0,0,5,0
3,15,22,27,0,0,5,0
3,15,23,28,0,0,5,0
3,15,24,29,0,0,5,0
3,15,25,30,0,0,5,0
3,15,26,31,0,0,5,0
3,15,27,32,0,0,5,0
3,15,28,33,0,0,5,0
3,15,29,34,0,0,5,0
3,15,30,35,0,0,5,0
3,15,31,36,0,0,5,0
3,15,32,37,0,0,5,0
3,15,33,38,0,0,5,0
3,15,34,39,0,0,5,0
3,15,35,40,0,0,5,0
3,15,36,41,0,0,5,0
3,15,37,42,0,0,5,0
3,15,38,43,0,0,5,0
3,15,39,44,0,0,5,0
3,15,40,45,0,0,5,0
3,15,41,46,0,0,5,0
3,15,42,47,0,0,5,0
3,15,43,48,0,0,5,0
3,15,44,49,0,0,5,0
3,15,45,50,0,0,5,0
5,12,0,4,0,0,4,0
5,12,1,5,0,0,4,0
5,12,2,6,0,0,4,0
5,12,3,7,0,0,4,0
5,12,4,8,0,0,4,0
5,12,5,9,0,0,4,0
5,12,6,10,0,0,4,0
5,12,7,11,0,0,4,0
5,12,8,12,0,0,4,0
5,12,9,13,0,0,4,0
5,12,10,14,0,0,4,0
5,12,11,15,0,0,4,0
5,12,12,16,0,0,4,0
5,12,13,17,0,0,4,0
5,12,14,18,0,0,4,0
5,12,15,19,0,0,4,0
5,12,16,20,0,0,4,0
5,12,17,21,0,0,4,0
5,12,18,22,0,0,4,0
5,12,19,23,0,0,4,0
5,12,20,24,0,0,4,0
5,12,21,25,0,0,4,0
5,12,22,26,0,0,4,0
5,12,23,27,0,0,4,0
5,12,24,28,0,0,4,0
5,12,25,29,0,0,4,0
5,12,26,30,0,0,4,0
5,12,27,31,0,0,4,0
5,12,28,32,0,0,4,0
5,12,29,33,0,0,4,0
5,12,30,34,0,0,4,0
5,12,31,35,0,0,4,0
5,12,32,36,0,0,4,0
5,12,33,37,0,0,4,0
5,12,34,38,0,0,4,0
5,12,35,39,0,0,4,0
5,12,36,40,0,0,4,0
5,12,37,41,0,0,4,0
5,12,38,42,0,0,4,0
5,12,39,43,0,0,4,0
5,12,40,44,0,0,4,0
5,12,41,45,0,0,4,0
5,12,42,46,0,0,4,0
5,12,43,47,0,0,4,0
5,12,44,48,0,0,4,0
5,12,45,49,0,0,4,0
5,12,46,50,0,0,4,0
8,11,0,3,0,0,3,0
8,11,1,4,0,0,3,0
8,11,2,5,0,0,3,0
8,11,3,6,0,0,3,0
8,11,4,7,0,0,3,0
8,11,5,8,0,0,3,0
8,11,6,9,0,0,3,0
8,11,7,10,0,0,3,0
8,11,8,11,0,0,3,0
8,11,9,12,0,0,3,0
8,11,10,13,0,0,3,0
8,11,11,14,0,0,3,0
8,11,12,15,0,0,3,0
8,11,13,16,0,0,3,0
8,11,14,17,0,0,3,0
8,11,15,18,0,0,3,0
8,11,16,19,0,0,3,0
8,11,17,20,0,0,3,0
8,11,18,21,0,0,3,0
8,11,19,22,0,0,3,0
8,11,20,23,0,0,3,0
8,11,21,24,0,0,3,0
8,11,22,25,0,0,3,0
8,11,23,26,0,0,3,0
8,11,24,27,0,0,3,0
8,11,25,28,0,0,3,0
8,11,26,29,0,0,3,0
8,11,27,30,0,0,3,0
8,11,28,31,0,0,3,0
8,11,29,32,0,0,3,0
8,11,30,33,0,0,3,0
8,11,31,34,0,0,3,0
8,11,32,35,0,0,3,0
8,11,33,36,0,0,3,0
8,11,34,37,0,0,3,0
8,11,35,38,0,0,3,0
8,11,36,39,0,0,3,0
8,11,37,40,0,0,3,0
8,11,38,41,0,0,3,0
8,11,39,42,0,0,3,0
8,11,40,43,0,0,3,0
8,11,41,44,0,0,3,0
8,11,42,45,0,0,3,0
8,11,43,46,0,0,3,0
8,11,44,47,0,0,3,0
8,11,45,48,0,0,3,0
8,11,46,49,0,0,3,0
8,11,47,50,0,0,3,0
14,15,0,3,0,0,3,0
14,15,1,4,0,0,3,0
14,15,2,5,0,0,3,0
14,15,3,6,0,0,3,0
14,15,4,7,0,0,3,0
14,15,5,8,0,0,3,0
14,15,6,9,0,0,3,0
14,15,7,10,0,0,3,0
14,15,8,11,0,0,3,0
14,15,9,12,0,0,3,0
14,15,10,13,0,0,3,0
14,15,11,14,0,0,3,0
14,15,12,15,0,0,3,0
14,15,13,16,0,0,3,0
14,15,14,17,0,0,3,0
14,15,15,18,0,0,3,0
14,15,16,19,0,0,3,0
14,15,17,20,0,0,3,0
14,15,18,21,0,0,3,0
14,15,19,22,0,0,3,0
14,15,20,23,0,0,3,0
14,15,21,24,0,0,3,0
14,15,22,25,0,0,3,0
14,15,23,26,0,0,3,0
14,15,24,27,0,0,3,0
14,15,25,28,0,0,3,0
14,15,26,29,0,0,3,0
14,15,27,30,0,0,3,0
14,15,28,31,0,0,3,0
14,15,29,32,0,0,3,0
14,15,30,33,0,0,3,0
14,15,31,34,0,0,3,0
14,15,32,35,0,0,3,0
14,15,33,36,0,0,3,0
14,15,34,37,0,0,3,0
14,15,35,38,0,0,3,0
14,15,36,39,0,0,3,0
14,15,37,40,0,0,3,0
14,15,38,41,0,0,3,0
14,15,39,42,0,0,3,0
14,15,40,43,0,0,3,0
14,15,41,44,0,0,3,0
14,15,42,45,0,0,3,0
14,15,43,46,0,0,3,0
14,15,44,47,0,0,3,0
14,15,45,48,0,0,3,0
14,15,46,49,0,0,3,0
14,15,47,50,0,0,3,0
9,10,0,7,0,0,7,0
9,10,1,8,0,0,7,0
9,10,2,9,0,0,7,0
9,10,3,10,0,0,7,0
9,10,4,11,0,0,7,0
9,10,5,12,0,0,7,0
9,10,6,13,0,0,7,0
9,10,7,14,0,0,7,0
9,10,8,15,0,0,7,0
9,10,9,16,0,0,7,0
9,10,10,17,0,0,7,0
9,10,11,18,0,0,7,0
9,10,12,19,0,0,7,0
9,10,13,20,0,0,7,0
9,10,14,21,0,0,7,0
9,10,15,22,0,0,7,0
9,10,16,23,0,0,7,0
9,10,17,24,0,0,7,0
9,10,18,25,0,0,7,0
9,10,19,26,0,0,7,0
9,10,20,27,0,0,7,0
9,10,21,28,0,0,7,0
9,10,22,29,0,0,7,0
9,10,23,30,0,0,7,0
9,10,24,31,0,0,7,0
9,10,25,32,0,0,7,0
9,10,26,33,0,0,7,0
9,10,27,34,0,0,7,0
9,10,28,35,0,0,7,0
9,10,29,36,0,0,7,0
9,10,30,37,0,0,7,0
9,10,31,38,0,0,7,0
9,10,32,39,0,0,7,0
9,10,33,40,0,0,7,0
9,10,34,41,0,0,7,0
9,10,35,42,0,0,7,0
9,10,36,43,0,0,7,0
9,10,37,44,0,0,7,0
9,10,38,45,0,0,7,0
9,10,39,46,0,0,7,0
9,10,40,47,0,0,7,0
9,10,41,48,0,0,7,0
9,10,42,49,0,0,7,0
9,10,43,50,0,0,7,0
0,7,0,4,0,0,4,0
0,7,1,5,0,0,4,0
0,7,2,6,0,0,4,0
0,7,3,7,0,0,4,0
0,7,4,8,0,0,4,0
0,7,5,9,0,0,4,0
0,7,6,10,0,0,4,0
0,7,7,11,0,0,4,0
0,7,8,12,0,0,4,0
0,7,9,13,0,0,4,0
0,7,10,14,0,0,4,0
0,7,11,15,0,0,4,0
0,7,12,16,0,0,4,0
0,7,13,17,0,0,4,0
0,7,14,18,0,0,4,0
0,7,15,19,0,0,4,0
0,7,16,20,0,0,4,0
0,7,17,21,0,0,4,0
0,7,18,22,0,0,4,0
0,7,19,23,0,0,4,0
0,7,20,24,0,0,4,0
0,7,21,25,0,0,4,0
0,7,22,26,0,0,4,0
0,7,23,27,0,0,4,0
0,7,24,28,0,0,4,0
0,7,25,29,0,0,4,0
0,7,26,30,0,0,4,0
0,7,27,31,0,0,4,0
0,7,28,32,0,0,4,0
0,7,29,33,0,0,4,0
0,7,30,34,0,0,4,0
0,7,31,35,0,0,4,0
0,7,32,36,0,0,4,0
0,7,33,37,0,0,4,0
0,7,34,38,0,0,4,0
0,7,35,39,0,0,4,0
0,7,36,40,0,0,4,0
0,7,37,41,0,0,4,0
0,7,38,42,0,0,4,0
0,7,39,43,0,0,4,0
0,7,40,44,0,0,4,0
0,7,41,45,0,0,4,0
0,7,42,46,0,0,4,0
0,7,43,47,0,0,4,0
0,7,44,48,0,0,4,0
0,7,45,49,0,0,4,0
0,7,46,50,0,0,4,0
2,4,0,8,0,0,8,0
2,4,1,9,0,0,8,0
2,4,2,10,0,0,8,0
2,4,3,11,0,0,8,0
2,4,4,12,0,0,8,0
2,4,5,13,0,0,8,0
2,4,6,14,0,0,8,0
2,4,7,15,0,0,8,0
2,4,8,16,0,0,8,0
2,4,9,17,0,0,8,0
2,4,10,18,0,0,8,0
2,4,11,19,0,0,8,0
2,4,12,20,0,0,8,0
2,4,13,21,0,0,8,0
2,4,14,22,0,0,8,0
2,4,15,23,0,0,8,0
2,4,16,24,0,0,8,0
2,4,17,25,0,0,8,0
2,4,18,26,0,0,8,0
2,4,19,27,0,0,8,0
2,4,20,28,0,0,8,0
2,4,21,29,0,0,8,0
2,4,22,30,0,0,8,0
2,4,23,31,0,0,8,0
2,4,24,32,0,0,8,0
2,4,25,33,0,0,8,0
2,4,26,34,0,0,8,0
2,4,27,35,0,0,8,0
2,4,28,36,0,0,8,0
2,4,29,37,0,0,8,0
2,4,30,38,0,0,8,0
2,4,31,39,0,0,8,0
2,4,32,40,0,0,8,0
2,4,33,41,0,0,8,0
2,4,34,42,0,0,8,0
2,4,35,43,0,0,8,0
2,4,36,44,0,0,8,0
2,4,37,45,0,0,8,0
2,4,38,46,0,0,8,0
2,4,39,47,0,0,8,0
2,4,40,48,0,0,8,0
2,4,41,49,0,0,8,0
2,4,42,50,0,0,8,0
11,7,0,4,0,0,4,0
11,7,1,5,0,0,4,0
11,7,2,6,0,0,4,0
11,7,3,7,0,0,4,0
11,7,4,8,0,0,4,0
11,7,5,9,0,0,4,0
11,7,6,10,0,0,4,0
11,7,7,11,0,0,4,0
11,7,8,12,0,0,4,0
11,7,9,13,0,0,4,0
11,7,10,14,0,0,4,0
11,7,11,15,0,0,4,0
11,7,12,16,0,0,4,0
11,7,13,17,0,0,4,0
11,7,14,18,0,0,4,0
11,7,15,19,0,0,4,0
11,7,16,20,0,0,4,0
11,7,17,21,0,0,4,0
11,7,18,22,0,0,4,0
11,7,19,23,0,0,4,0
11,7,20,24,0,0,4,0
11,7,21,25,0,0,4,0
11,7,22,26,0,0,4,0
11,7,23,27,0,0,4,0
11,7,24,28,0,0,4,0
11,7,25,29,0,0,4,0
11,7,26,30,0,0,4,0
11,7,27,31,0,0,4,0
11,7,28,32,0,0,4,0
11,7,29,33,0,0,4,0
11,7,30,34,0,0,4,0
11,7,31,35,0,0,4,0
11,7,32,36,0,0,4,0
11,7,33,37,0,0,4,0
11,7,34,38,0,0,4,0
11,7,35,39,0,0,4,0
11,7,36,40,0,0,4,0
11,7,37,41,0,0,4,0
11,7,38,42,0,0,4,0
11,7,39,43,0,0,4,0
11,7,40,44,0,0,4,0
11,7,41,45,0,0,4,0
11,7,42,46,0,0,4,0
11,7,43,47,0,0,4,0
11,7,44,48,0,0,4,0
11,7,45,49,0,0,4,0
11,7,46,50,0,0,4,0
13,1,0,4,0,0,4,0
13,1,1,5,0,0,4,0
13,1,2,6,0,0,4,0
13,1,3,7,0,0,4,0
13,1,4,8,0,0,4,0
13,1,5,9,0,0,4,0
13,1,6,10,0,0,4,0
13,1,7,11,0,0,4,0
13,1,8,12,0,0,4,0
13,1,9,13,0,0,4,0
13,1,10,14,0,0,4,0
13,1,11,15,0,0,4,0
13,1,12,16,0,0,4,0
13,1,13,17,0,0,4,0
13,1,14,18,0,0,4,0
13,1,15,19,0,0,4,0
13,1,16,20,0,0,4,0
13,1,17,21,0,0,4,0
13,1,18,22,0,0,4,0
13,1,19,23,0,0,4,0
13,1,20,24,0,0,4,0
13,1,21,25,0,0,4,0
13,1,22,26,0,0,4,0
13,1,23,27,0,0,4,0
13,1,24,28,0,0,4,0
13,1,25,29,0,0,4,0
13,1,26,30,0,0,4,0
13,1,27,31,0,0,4,0
13,1,28,32,0,0,4,0
13,1,29,33,0,0,4,0
13,1,30,34,0,0,4,0
13,1,31,35,0,0,4,0
13,1,32,36,0,0,4,0
13,1,33,37,0,0,4,0
13,1,34,38,0,0,4,0
13,1,35,39,0,0,4,0
13,1,36,40,0,0,4,0
13,1,37,41,0,0,4,0
13,1,38,42,0,0,4,0
13,1,39,43,0,0,4,0
13,1,40,44,0,0,4,0
13,1,41,45,0,0,4,0
13,1,42,46,0,0,4,0
13,1,43,47,0,0,4,0
13,1,44,48,0,0,4,0
13,1,45,49,0,0,4,0
13,1,46,50,0,0,4,0
1,8,0,3,0,0,3,0
1,8,1,4,0,0,3,0
1,8,2,5,0,0,3,0
1,8,3,6,0,0,3,0
1,8,4,7,0,0,3,0
1,8,5,8,0,0,3,0
1,8,6,9,0,0,3,0
1,8,7,10,0,0,3,0
1,8,8,11,0,0,3,0
1,8,9,12,0,0,3,0
1,8,10,13,0,0,3,0
1,8,11,14,0,0,3,0
1,8,12,15,0,0,3,0
1,8,13,16,0,0,3,0
1,8,14,17,0,0,3,0
1,8,15,18,0,0,3,0
1,8,16,19,0,0,3,0
1,8,17,20,0,0,3,0
1,8,18,21,0,0,3,0
1,8,19,22,0,0,3,0
1,8,20,23,0,0,3,0
1,8,21,24,0,0,3,0
1,8,22,25,0,0,3,0
1,8,23,26,0,0,3,0
1,8,24,27,0,0,3,0
1,8,25,28,0,0,3,0
1,8,26,29,0,0,3,0
1,8,27,30,0,0,3,0
1,8,28,31,0,0,3,0
1,8,29,32,0,0,3,0
1,8,30,33,0,0,3,0
1,8,31,34,0,0,3,0
1,8,32,35,0,0,3,0
1,8,33,36,0,0,3,0
1,8,34,37,0,0,3,0
1,8,35,38,0,0,3,0
1,8,36,39,0,0,3,0
1,8,37,40,0,0,3,0
1,8,38,41,0,0,3,0
1,8,39,42,0,0,3,0
1,8,40,43,0,0,3,0
1,8,41,44,0,0,3,0
1,8,42,45,0,0,3,0
1,8,43,46,0,0,3,0
1,8,44,47,0,0,3,0
1,8,45,48,0,0,3,0
1,8,46,49,0,0,3,0
1,8,47,50,0,0,3,0
13,10,0,3,0,0,3,0
13,10,1,4,0,0,3,0
13,10,2,5,0,0,3,0
13,10,3,6,0,0,3,0
13,10,4,7,0,0,3,0
13,10,5,8,0,0,3,0
13,10,6,9,0,0,3,0
13,10,7,10,0,0,3,0
13,10,8,11,0,0,3,0
13,10,9,12,0,0,3,0
13,10,10,13,0,0,3,0
13,10,11,14,0,0,3,0
13,10,12,15,0,0,3,0
13,10,13,16,0,0,3,0
13,10,14,17,0,0,3,0
13,10,15,18,0,0,3,0
13,10,16,19,0,0,3,0
13,10,17,20,0,0,3,0
13,10,18,21,0,0,3,0
13,10,19,22,0,0,3,0
13,10,20,23,0,0,3,0
13,10,21,24,0,0,3,0
13,10,22,25,0,0,3,0
13,10,23,26,0,0,3,0
13,10,24,27,0,0,3,0
13,10,25,28,0,0,3,0
13,10,26,29,0,0,3,0
13,10,27,30,0,0,3,0
13,10,28,31,0,0,3,0
13,10,29,32,0,0,3,0
13,10,30,33,0,0,3,0
13,10,31,34,0,0,3,0
13,10,32,35,0,0,3,0
13,10,33,36,0,0,3,0
13,10,34,37,0,0,3,0
13,10,35,38,0,0,3,0
13,10,36,39,0,0,3,0
13,10,37,40,0,0,3,0
13,10,38,41,0,0,3,0
13,10,39,42,0,0,3,0
13,10,40,43,0,0,3,0
13,10,41,44,0,0,3,0
13,10,42,45,0,0,3,0
13,10,43,46,0,0,3,0
13,10,44,47,0,0,3,0
13,10,45,48,0,0,3,0
13,10,46,49,0,0,3,0
13,10,47,50,0,0,3,0
6,4,0,3,0,0,3,0
6,4,1,4,0,0,3,0
6,4,2,5,0,0,3,0
6,4,3,6,0,0,3,0
6,4,4,7,0,0,3,0
6,4,5,8,0,0,3,0
6,4,6,9,0,0,3,0
6,4,7,10,0,0,3,0
6,4,8,11,0,0,3,0
6,4,9,12,0,0,3,0
6,4,10,13,0,0,3,0
6,4,11,14,0,0,3,0
6,4,12,15,0,0,3,0
6,4,13,16,0,0,3,0
6,4,14,17,0,0,3,0
6,4,15,18,0,0,3,0
6,4,16,19,0,0,3,0
6,4,17,20,0,0,3,0
6,4,18,21,0,0,3,0
6,4,19,22,0,0,3,0
6,4,20,23,0,0,3,0
6,4,21,24,0,0,3,0
6,4,22,25,0,0,3,0
6,4,23,26,0,0,3,0
6,4,24,27,0,0,3,0
6,4,25,28,0,0,3,0
6,4,26,29,0,0,3,0
6,4,27,30,0,0,3,0
6,4,28,31,0,0,3,0
6,4,29,32,0,0,3,0
6,4,30,33,0,0,3,0
6,4,31,34,0,0,3,0
6,4,32,35,0,0,3,0
6,4,33,36,0,0,3,0
6,4,34,37,0,0,3,0
6,4,35,38,0,0,3,0
6,4,36,39,0,0,3,0
6,4,37,40,0,0,3,0
6,4,38,41,0,0,3,0
6,4,39,42,0,0,3,0
6,4,40,43,0,0,3,0
6,4,41,44,0,0,3,0
6,4,42,45,0,0,3,0
6,4,43,46,0,0,3,0
6,4,44,47,0,0,3,0
6,4,45,48,0,0,3,0
6,4,46,49,0,0,3,0
6,4,47,50,0,0,3,0
7,3,0,5,0,0,5,0
7,3,1,6,0,0,5,0
7,3,2,7,0,0,5,0
7,3,3,8,0,0,5,0
7,3,4,9,0,0,5,0
7,3,5,10,0,0,5,0
7,3,6,11,0,0,5,0
7,3,7,12,0,0,5,0
7,3,8,13,0,0,5,0
7,3,9,14,0,0,5,0
7,3,10,15,0,0,5,0
7,3,11,16,0,0,5,0
7,3,12,17,0,0,5,0
7,3,13,18,0,0,5,0
7,3,14,19,0,0,5,0
7,3,15,20,0,0,5,0
7,3,16,21,0,0,5,0
7,3,17,22,0,0,5,0
7,3,18,23,0,0,5,0
7,3,19,24,0,0,5,0
7,3,20,25,0,0,5,0
7,3,21,26,0,0,5,0
7,3,22,27,0,0,5,0
7,3,23,28,0,0,5,0
7,3,24,29,0,0,5,0
7,3,25,30,0,0,5,0
7,3,26,31,0,0,5,0
7,3,27,32,0,0,5,0
7,3,28,33,0,0,5,0
7,3,29,34,0,0,5,0
7,3,30,35,0,0,5,0
7,3,31,36,0,0,5,0
7,3,32,37,0,0,5,0
7,3,33,38,0,0,5,0
7,3,34,39,0,0,5,0
7,3,35,40,0,0,5,0
7,3,36,41,0,0,5,0
7,3,37,42,0,0,5,0
7,3,38,43,0,0,5,0
7,3,39,44,0,0,5,0
7,3,40,45,0,0,5,0
7,3,41,46,0,0,5,0
7,3,42,47,0,0,5,0
7,3,43,48,0,0,5,0
7,3,44,49,0,0,5,0
7,3,45,50,0,0,5,0
6,13,0,2,0,0,2,0
6,13,1,3,0,0,2,0
6,13,2,4,0,0,2,0
6,13,3,5,0,0,2,0
6,13,4,6,0,0,2,0
6,13,5,7,0,0,2,0
6,13,6,8,0,0,2,0
6,13,7,9,0,0,2,0
6,13,8,10,0,0,2,0
6,13,9,11,0,0,2,0
6,13,10,12,0,0,2,0
6,13,11,13,0,0,2,0
6,13,12,14,0,0,2,0
6,13,13,15,0,0,2,0
6,13,14,16,0,0,2,0
6,13,15,17,0,0,2,0
6,13,16,18,0,0,2,0
6,13,17,19,0,0,2,0
6,13,18,20,0,0,2,0
6,13,19,21,0,0,2,0
6,13,20,22,0,0,2,0
6,13,21,23,0,0,2,0
6,13,22,24,0,0,2,0
6,13,23,25,0,0,2,0
6,13,24,26,0,0,2,0
6,13,25,27,0,0,2,0
6,13,26,28,0,0,2,0
6,13,27,29,0,0,2,0
6,13,28,30,0,0,2,0
6,13,29,31,0,0,2,0
6,13,30,32,0,0,2,0
6,13,31,33,0,0,2,0
6,13,32,34,0,0,2,0
6,13,33,35,0,0,2,0
6,13,34,36,0,0,2,0
6,13,35,37,0,0,2,0
6,13,36,38,0,0,2,0
6,13,37,39,0,0,2,0
6,13,38,40,0,0,2,0
6,13,39,41,0,0,2,0
6,13,40,42,0,0,2,0
6,13,41,43,0,0,2,0
6,13,42,44,0,0,2,0
6,13,43,45,0,0,2,0
6,13,44,46,0,0,2,0
6,13,45,47,0,0,2,0
6,13,46,48,0,0,2,0
6,13,47,49,0,0,2,0
6,13,48,50,0,0,2,0
7,12,0,4,0,0,4,0
7,12,1,5,0,0,4,0
7,12,2,6,0,0,4,0
7,12,3,7,0,0,4,0
7,12,4,8,0,0,4,0
7,12,5,9,0,0,4,0
7,12,6,10,0,0,4,0
7,12,7,11,0,0,4,0
7,12,8,12,0,0,4,0
7,12,9,13,0,0,4,0
7,12,10,14,0,0,4,0
7,12,11,15,0,0,4,0
7,12,12,16,0,0,4,0
7,12,13,17,0,0,4,0
7,12,14,18,0,0,4,0
7,12,15,19,0,0,4,0
7,12,16,20,0,0,4,0
7,12,17,21,0,0,4,0
7,12,18,22,0,0,4,0
7,12,19,23,0,0,4,0
7,12,20,24,0,0,4,0
7,12,21,25,0,0,4,0
7,12,22,26,0,0,4,0
7,12,23,27,0,0,4,0
7,12,24,28,0,0,4,0
7,12,25,29,0,0,4,0
7,12,26,30,0,0,4,0
7,12,27,31,0,0,4,0
7,12,28,32,0,0,4,0
7,12,29,33,0,0,4,0
7,12,30,34,0,0,4,0
7,12,31,35,0,0,4,0
7,12,32,36,0,0,4,0
7,12,33,37,0,0,4,0
7,12,34,38,0,0,4,0
7,12,35,39,0,0,4,0
7,12,36,40,0,0,4,0
7,12,37,41,0,0,4,0
7,12,38,42,0,0,4,0
7,12,39,43,0,0,4,0
7,12,40,44,0,0,4,0
7,12,41,45,0,0,4,0
7,12,42,46,0,0,4,0
7,12,43,47,0,0,4,0
7,12,44,48,0,0,4,0
7,12,45,49,0,0,4,0
7,12,46,50,0,0,4,0
3,8,0,5,0,0,5,0
3,8,1,6,0,0,5,0
3,8,2,7,0,0,5,0
3,8,3,8,0,0,5,0
3,8,4,9,0,0,5,0
3,8,5,10,0,0,5,0
3,8,6,11,0,0,5,0
3,8,7,12,0,0,5,0
3,8,8,13,0,0,5,0
3,8,9,14,0,0,5,0
3,8,10,15,0,0,5,0
3,8,11,16,0,0,5,0
3,8,12,17,0,0,5,0
3,8,13,18,0,0,5,0
3,8,14,19,0,0,5,0
3,8,15,20,0,0,5,0
3,8,16,21,0,0,5,0
3,8,17,22,0,0,5,0
3,8,18,23,0,0,5,0
3,8,19,24,0,0,5,0
3,8,20,25,0,0,5,0
3,8,21,26,0,0,5,0
3,8,22,27,0,0,5,0
3,8,23,28,0,0,5,0
3,8,24,29,0,0,5,0
3,8,25,30,0,0,5,0
3,8,26,31,0,0,5,0
3,8,27,32,0,0,5,0
3,8,28,33,0,0,5,0
3,8,29,34,0,0,5,0
3,8,30,35,0,0,5,0
3,8,31,36,0,0,5,0
3,8,32,37,0,0,5,0
3,8,33,38,0,0,5,0
3,8,34,39,0,0,5,0
3,8,35,40,0,0,5,0
3,8,36,41,0,0,5,0
3,8,37,42,0,0,5,0
3,8,38,43,0,0,5,0
3,8,39,44,0,0,5,0
3,8,40,45,0,0,5,0
3,8,41,46,0,0,5,0
3,8,42,47,0,0,5,0
3,8,43,48,0,0,5,0
3,8,44,49,0,0,5,0
3,8,45,50,0,0,5,0
8,4,0,5,0,0,5,0
8,4,1,6,0,0,5,0
8,4,2,7,0,0,5,0
8,4,3,8,0,0,5,0
8,4,4,9,0,0,5,0
8,4,5,10,0,0,5,0
8,4,6,11,0,0,5,0
8,4,7,12,0,0,5,0
8,4,8,13,0,0,5,0
8,4,9,14,0,0,5,0
8,4,10,15,0,0,5,0
8,4,11,16,0,0,5,0
8,4,12,17,0,0,5,0
8,4,13,18,0,0,5,0
8,4,14,19,0,0,5,0
8,4,15,20,0,0,5,0
8,4,16,21,0,0,5,0
8,4,17,22,0,0,5,0
8,4,18,23,0,0,5,0
8,4,19,24,0,0,5,0
8,4,20,25,0,0,5,0
8,4,21,26,0,0,5,0
8,4,22,27,0,0,5,0
8,4,23,28,0,0,5,0
8,4,24,29,0,0,5,0
8,4,25,30,0,0,5,0
8,4,26,31,0,0,5,0
8,4,27,32,0,0,5,0
8,4,28,33,0,0,5,0
8,4,29,34,0,0,5,0
8,4,30,35,0,0,5,0
8,4,31,36,0,0,5,0
8,4,32,37,0,0,5,0
8,4,33,38,0,0,5,0
8,4,34,39,0,0,5,0
8,4,35,40,0,0,5,0
8,4,36,41,0,0,5,0
8,4,37,42,0,0,5,0
8,4,38,43,0,0,5,0
8,4,39,44,0,0,5,0
8,4,40,45,0,0,5,0
8,4,41,46,0,0,5,0
8,4,42,47,0,0,5,0
8,4,43,48,0,0,5,0
8,4,44,49,0,0,5,0
8,4,45,50,0,0,5,0
14,8,0,4,0,0,4,0
14,8,1,5,0,0,4,0
14,8,2,6,0,0,4,0
14,8,3,7,0,0,4,0
14,8,4,8,0,0,4,0
14,8,5,9,0,0,4,0
14,8,6,10,0,0,4,0
14,8,7,11,0,0,4,0
14,8,8,12,0,0,4,0
14,8,9,13,0,0,4,0
14,8,10,14,0,0,4,0
14,8,11,15,0,0,4,0
14,8,12,16,0,0,4,0
14,8,13,17,0,0,4,0
14,8,14,18,0,0,4,0
14,8,15,19,0,0,4,0
14,8,16,20,0,0,4,0
14,8,17,21,0,0,4,0
14,8,18,22,0,0,4,0
14,8,19,23,0,0,4,0
14,8,20,24,0,0,4,0
14,8,21,25,0,0,4,0
14,8,22,26,0,0,4,0
14,8,23,27,0,0,4,0
14,8,24,28,0,0,4,0
14,8,25,29,0,0,4,0
14,8,26,30,0,0,4,0
14,8,27,31,0,0,4,0
14,8,28,32,0,0,4,0
14,8,29,33,0,0,4,0
14,8,30,34,0,0,4,0
14,8,31,35,0,0,4,0
14,8,32,36,0,0,4,0
14,8,33,37,0,0,4,0
14,8,34,38,0,0,4,0
14,8,35,39,0,0,4,0
14,8,36,40,0,0,4,0
14,8,37,41,0,0,4,0
14,8,38,42,0,0,4,0
14,8,39,43,0,0,4,0
14,8,40,44,0,0,4,0
14,8,41,45,0,0,4,0
14,8,42,46,0,0,4,0
14,8,43,47,0,0,4,0
14,8,44,48,0,0,4,0
14,8,45,49,0,0,4,0
14,8,46,50,0,0,4,0
9,3,0,5,0,0,5,0
9,3,1,6,0,0,5,0
9,3,2,7,0,0,5,0
9,3,3,8,0,0,5,0
9,3,4,9,0,0,5,0
9,3,5,10,0,0,5,0
9,3,6,11,0,0,5,0
9,3,7,12,0,0,5,0
9,3,8,13,0,0,5,0
9,3,9,14,0,0,5,0
9,3,10,15,0,0,5,0
9,3,11,16,0,0,5,0
9,3,12,17,0,0,5,0
9,3,13,18,0,0,5,0
9,3,14,19,0,0,5,0
9,3,15,20,0,0,5,0
9,3,16,21,0,0,5,0
9,3,17,22,0,0,5,0
9,3,18,23,0,0,5,0
9,3,19,24,0,0,5,0
9,3,20,25,0,0,5,0
9,3,21,26,0,0,5,0
9,3,22,27,0,0,5,0
9,3,23,28,0,0,5,0
9,3,24,29,0,0,5,0
9,3,25,30,0,0,5,0
9,3,26,31,0,0,5,0
9,3,27,32,0,0,5,0
9,3,28,33,0,0,5,0
9,3,29,34,0,0,5,0
9,3,30,35,0,0,5,0
9,3,31,36,0,0,5,0
9,3,32,37,0,0,5,0
9,3,33,38,0,0,5,0
9,3,34,39,0,0,5,0
9,3,35,40,0,0,5,0
9,3,36,41,0,0,5,0
9,3,37,42,0,0,5,0
9,3,38,43,0,0,5,0
9,3,39,44,0,0,5,0
9,3,40,45,0,0,5,0
9,3,41,46,0,0,5,0
9,3,42,47,0,0,5,0
9,3,43,48,0,0,5,0
9,3,44,49,0,0,5,0
9,3,45,50,0,0,5,0
5,14,0,6,0,0,6,0
5,14,1,7,0,0,6,0
5,14,2,8,0,0,6,0
5,14,3,9,0,0,6,0
5,14,4,10,0,0,6,0
5,14,5,11,0,0,6,0
5,14,6,12,0,0,6,0
5,14,7,13,0,0,6,0
5,14,8,14,0,0,6,0
5,14,9,15,0,0,6,0
5,14,10,16,0,0,6,0
5,14,11,17,0,0,6,0
5,14,12,18,0,0,6,0
5,14,13,19,0,0,6,0
5,14,14,20,0,0,6,0
5,14,15,21,0,0,6,0
5,14,16,22,0,0,6,0
5,14,17,23,0,0,6,0
5,14,18,24,0,0,6,0
5,14,19,25,0,0,6,0
5,14,20,26,0,0,6,0
5,14,21,27,0,0,6,0
5,14,22,28,0,0,6,0
5,14,23,29,0,0,6,0
5,14,24,30,0,0,6,0
5,14,25,31,0,0,6,0
5,14,26,32,0,0,6,0
5,14,27,33,0,0,6,0
5,14,28,34,0,0,6,0
5,14,29,35,0,0,6,0
5,14,30,36,0,0,6,0
5,14,31,37,0,0,6,0
5,14,32,38,0,0,6,0
5,14,33,39,0,0,6,0
5,14,34,40,0,0,6,0
5,14,35,41,0,0,6,0
5,14,36,42,0,0,6,0
5,14,37,43,0,0,6,0
5,14,38,44,0,0,6,0
5,14,39,45,0,0,6,0
5,14,40,46,0,0,6,0
5,14,41,47,0,0,6,0
5,14,42,48,0,0,6,0
5,14,43,49,0,0,6,0
5,14,44,50,0,0,6,0
11,0,0,7,0,0,7,0
11,0,1,8,0,0,7,0
11,0,2,9,0,0,7,0
11,0,3,10,0,0,7,0
11,0,4,11,0,0,7,0
11,0,5,12,0,0,7,0
11,0,6,13,0,0,7,0
11,0,7,14,0,0,7,0
11,0,8,15,0,0,7,0
11,0,9,16,0,0,7,0
11,0,10,17,0,0,7,0
11,0,11,18,0,0,7,0
11,0,12,19,0,0,7,0
11,0,13,20,0,0,7,0
11,0,14,21,0,0,7,0
11,0,15,22,0,0,7,0
11,0,16,23,0,0,7,0
11,0,17,24,0,0,7,0
11,0,18,25,0,0,7,0
11,0,19,26,0,0,7,0
11,0,20,27,0,0,7,0
11,0,21,28,0,0,7,0
11,0,22,29,0,0,7,0
11,0,23,30,0,0,7,0
11,0,24,31,0,0,7,0
11,0,25,32,0,0,7,0
11,0,26,33,0,0,7,0
11,0,27,34,0,0,7,0
11,0,28,35,0,0,7,0
11,0,29,36,0,0,7,0
11,0,30,37,0,0,7,0
11,0,31,38,0,0,7,0
11,0,32,39,0,0,7,0
11,0,33,40,0,0,7,0
11,0,34,41,0,0,7,0
11,0,35,42,0,0,7,0
11,0,36,43,0,0,7,0
11,0,37,44,0,0,7,0
11,0,38,45,0,0,7,0
11,0,39,46,0,0,7,0
11,0,40,47,0,0,7,0
11,0,41,48,0,0,7,0
11,0,42,49,0,0,7,0
11,0,43,50,0,0,7,0
9,12,0,4,0,0,4,0
9,12,1,5,0,0,4,0
9,12,2,6,0,0,4,0
9,12,3,7,0,0,4,0
9,12,4,8,0,0,4,0
9,12,5,9,0,0,4,0
9,12,6,10,0,0,4,0
9,12,7,11,0,0,4,0
9,12,8,12,0,0,4,0
9,12,9,13,0,0,4,0
9,12,10,14,0,0,4,0
9,12,11,15,0,0,4,0
9,12,12,16,0,0,4,0
9,12,13,17,0,0,4,0
9,12,14,18,0,0,4,0
9,12,15,19,0,0,4,0
9,12,16,20,0,0,4,0
9,12,17,21,0,0,4,0
9,12,18,22,0,0,4,0
9,12,19,23,0,0,4,0
9,12,20,24,0,0,4,0
9,12,21,25,0,0,4,0
9,12,22,26,0,0,4,0
9,12,23,27,0,0,4,0
9,12,24,28,0,0,4,0
9,12,25,29,0,0,4,0
9,12,26,30,0,0,4,0
9,12,27,31,0,0,4,0
9,12,28,32,0,0,4,0
9,12,29,33,0,0,4,0
9,12,30,34,0,0,4,0
9,12,31,35,0,0,4,0
9,12,32,36,0,0,4,0
9,12,33,37,0,0,4,0
9,12,34,38,0,0,4,0
9,12,35,39,0,0,4,0
9,12,36,40,0,0,4,0
9,12,37,41,0,0,4,0
9,12,38,42,0,0,4,0
9,12,39,43,0,0,4,0
9,12,40,44,0,0,4,0
9,12,41,45,0,0,4,0
9,12,42,46,0,0,4,0
9,12,43,47,0,0,4,0
9,12,44,48,0,0,4,0
9,12,45,49,0,0,4,0
9,12,46,50,0,0,4,0
0,9,0,8,0,0,8,0
0,9,1,9,0,0,8,0
0,9,2,10,0,0,8,0
0,9,3,11,0,0,8,0
0,9,4,12,0,0,8,0
0,9,5,13,0,0,8,0
0,9,6,14,0,0,8,0
0,9,7,15,0,0,8,0
0,9,8,16,0,0,8,0
0,9,9,17,0,0,8,0
0,9,10,18,0,0,8,0
0,9,11,19,0,0,8,0
0,9,12,20,0,0,8,0
0,9,13,21,0,0,8,0
0,9,14,22,0,0,8,0
0,9,15,23,0,0,8,0
0,9,16,24,0,0,8,0
0,9,17,25,0,0,8,0
0,9,18,26,0,0,8,0
0,9,19,27,0,0,8,0
0,9,20,28,0,0,8,0
0,9,21,29,0,0,8,0
0,9,22,30,0,0,8,0
0,9,23,31,0,0,8,0
0,9,24,32,0,0,8,0
0,9,25,33,0,0,8,0
0,9,26,34,0,0,8,0
0,9,27,35,0,0,8,0
0,9,28,36,0,0,8,0
0,9,29,37,0,0,8,0
0,9,30,38,0,0,8,0
0,9,31,39,0,0,8,0
0,9,32,40,0,0,8,0
0,9,33,41,0,0,8,0
0,9,34,42,0,0,8,0
0,9,35,43,0,0,8,0
0,9,36,44,0,0,8,0
0,9,37,45,0,0,8,0
0,9,38,46,0,0,8,0
0,9,39,47,0,0,8,0
0,9,40,48,0,0,8,0
0,9,41,49,0,0,8,0
0,9,42,50,0,0,8,0
11,9,0,3,0,0,3,0
11,9,1,4,0,0,3,0
11,9,2,5,0,0,3,0
11,9,3,6,0,0,3,0
11,9,4,7,0,0,3,0
11,9,5,8,0,0,3,0
11,9,6,9,0,0,3,0
11,9,7,10,0,0,3,0
11,9,8,11,0,0,3,0
11,9,9,12,0,0,3,0
11,9,10,13,0,0,3,0
11,9,11,14,0,0,3,0
11,9,12,15,0,0,3,0
11,9,13,16,0,0,3,0
11,9,14,17,0,0,3,0
11,9,15,18,0,0,3,0
11,9,16,19,0,0,3,0
11,9,17,20,0,0,3,0
11,9,18,21,0,0,3,0
11,9,19,22,0,0,3,0
11,9,20,23,0,0,3,0
11,9,21,24,0,0,3,0
11,9,22,25,0,0,3,0
11,9,23,26,0,0,3,0
11,9,24,27,0,0,3,0
11,9,25,28,0,0,3,0
11,9,26,29,0,0,3,0
11,9,27,30,0,0,3,0
11,9,28,31,0,0,3,0
11,9,29,32,0,0,3,0
11,9,30,33,0,0,3,0
11,9,31,34,0,0,3,0
11,9,32,35,0,0,3,0
11,9,33,36,0,0,3,0
11,9,34,37,0,0,3,0
11,9,35,38,0,0,3,0
11,9,36,39,0,0,3,0
11,9,37,40,0,0,3,0
11,9,38,41,0,0,3,0
11,9,39,42,0,0,3,0
11,9,40,43,0,0,3,0
11,9,41,44,0,0,3,0
11,9,42,45,0,0,3,0
11,9,43,46,0,0,3,0
11,9,44,47,0,0,3,0
11,9,45,48,0,0,3,0
11,9,46,49,0,0,3,0
11,9,47,50,0,0,3,0
13,3,0,7,0,0,7,0
13,3,1,8,0,0,7,0
13,3,2,9,0,0,7,0
13,3,3,10,0,0,7,0
13,3,4,11,0,0,7,0
13,3,5,12,0,0,7,0
13,3,6,13,0,0,7,0
13,3,7,14,0,0,7,0
13,3,8,15,0,0,7,0
13,3,9,16,0,0,7,0
13,3,10,17,0,0,7,0
13,3,11,18,0,0,7,0
13,3,12,19,0,0,7,0
13,3,13,20,0,0,7,0
13,3,14,21,0,0,7,0
13,3,15,22,0,0,7,0
13,3,16,23,0,0,7,0
13,3,17,24,0,0,7,0
13,3,18,25,0,0,7,0
13,3,19,26,0,0,7,0
13,3,20,27,0,0,7,0
13,3,21,28,0,0,7,0
13,3,22,29,0,0,7,0
13,3,23,30,0,0,7,0
13,3,24,31,0,0,7,0
13,3,25,32,0,0,7,0
13,3,26,33,0,0,7,0
13,3,27,34,0,0,7,0
13,3,28,35,0,0,7,0
13,3,29,36,0,0,7,0
13,3,30,37,0,0,7,0
13,3,31,38,0,0,7,0
13,3,32,39,0,0,7,0
13,3,33,40,0,0,7,0
13,3,34,41,0,0,7,0
13,3,35,42,0,0,7,0
13,3,36,43,0,0,7,0
13,3,37,44,0,0,7,0
13,3,38,45,0,0,7,0
13,3,39,46,0,0,7,0
13,3,40,47,0,0,7,0
13,3,41,48,0,0,7,0
13,3,42,49,0,0,7,0
13,3,43,50,0,0,7,0
1,10,0,1,0,0,1,0
1,10,1,2,0,0,1,0
1,10,2,3,0,0,1,0
1,10,3,4,0,0,1,0
1,10,4,5,0,0,1,0
1,10,5,6,0,0,1,0
1,10,6,7,0,0,1,0
1,10,7,8,0,0,1,0
1,10,8,9,0,0,1,0
1,10,9,10,0,0,1,0
1,10,10,11,0,0,1,0
1,10,11,12,0,0,1,0
1,10,12,13,0,0,1,0
1,10,13,14,0,0,1,0
1,10,14,15,0,0,1,0
1,10,15,16,0,0,1,0
1,10,16,17,0,0,1,0
1,10,17,18,0,0,1,0
1,10,18,19,0,0,1,0
1,10,19,20,0,0,1,0
1,10,20,21,0,0,1,0
1,10,21,22,0,0,1,0
1,10,22,23,0,0,1,0
1,10,23,24,0,0,1,0
1,10,24,25,0,0,1,0
1,10,25,26,0,0,1,0
1,10,26,27,0,0,1,0
1,10,27,28,0,0,1,0
1,10,28,29,0,0,1,0
1,10,29,30,0,0,1,0
1,10,30,31,0,0,1,0
1,10,31,32,0,0,1,0
1,10,32,33,0,0,1,0
1,10,33,34,0,0,1,0
1,10,34,35,0,0,1,0
1,10,35,36,0,0,1,0
1,10,36,37,0,0,1,0
1,10,37,38,0,0,1,0
1,10,38,39,0,0,1,0
1,10,39,40,0,0,1,0
1,10,40,41,0,0,1,0
1,10,41,42,0,0,1,0
1,10,42,43,0,0,1,0
1,10,43,44,0,0,1,0
1,10,44,45,0,0,1,0
1,10,45,46,0,0,1,0
1,10,46,47,0,0,1,0
1,10,47,48,0,0,1,0
1,10,48,49,0,0,1,0
1,10,49,50,0,0,1,0
13,12,0,6,0,0,6,0
13,12,1,7,0,0,6,0
13,12,2,8,0,0,6,0
13,12,3,9,0,0,6,0
13,12,4,10,0,0,6,0
13,12,5,11,0,0,6,0
13,12,6,12,0,0,6,0
13,12,7,13,0,0,6,0
13,12,8,14,0,0,6,0
13,12,9,15,0,0,6,0
13,12,10,16,0,0,6,0
13,12,11,17,0,0,6,0
13,12,12,18,0,0,6,0
13,12,13,19,0,0,6,0
13,12,14,20,0,0,6,0
13,12,15,21,0,0,6,0
13,12,16,22,0,0,6,0
13,12,17,23,0,0,6,0
13,12,18,24,0,0,6,0
13,12,19,25,0,0,6,0
13,12,20,26,0,0,6,0
13,12,21,27,0,0,6,0
13,12,22,28,0,0,6,0
13,12,23,29,0,0,6,0
13,12,24,30,0,0,6,0
13,12,25,31,0,0,6,0
13,12,26,32,0,0,6,0
13,12,27,33,0,0,6,0
13,12,28,34,0,0,6,0
13,12,29,35,0,0,6,0
13,12,30,36,0,0,6,0
13,12,31,37,0,0,6,0
13,12,32,38,0,0,6,0
13,12,33,39,0,0,6,0
13,12,34,40,0,0,6,0
13,12,35,41,0,0,6,0
13,12,36,42,0,0,6,0
13,12,37,43,0,0,6,0
13,12,38,44,0,0,6,0
13,12,39,45,0,0,6,0
13,12,40,46,0,0,6,0
13,12,41,47,0,0,6,0
13,12,42,48,0,0,6,0
13,12,43,49,0,0,6,0
13,12,44,50,0,0,6,0
7,5,0,3,0,0,3,0
7,5,1,4,0,0,3,0
7,5,2,5,0,0,3,0
7,5,3,6,0,0,3,0
7,5,4,7,0,0,3,0
7,5,5,8,0,0,3,0
7,5,6,9,0,0,3,0
7,5,7,10,0,0,3,0
7,5,8,11,0,0,3,0
7,5,9,12,0,0,3,0
7,5,10,13,0,0,3,0
7,5,11,14,0,0,3,0
7,5,12,15,0,0,3,0
7,5,13,16,0,0,3,0
7,5,14,17,0,0,3,0
7,5,15,18,0,0,3,0
7,5,16,19,0,0,3,0
7,5,17,20,0,0,3,0
7,5,18,21,0,0,3,0
7,5,19,22,0,0,3,0
7,5,20,23,0,0,3,0
7,5,21,24,0,0,3,0
7,5,22,25,0,0,3,0
7,5,23,26,0,0,3,0
7,5,24,27,0,0,3,0
7,5,25,28,0,0,3,0
7,5,26,29,0,0,3,0
7,5,27,30,0,0,3,0
7,5,28,31,0,0,3,0
7,5,29,32,0,0,3,0
7,5,30,33,0,0,3,0
7,5,31,34,0,0,3,0
7,5,32,35,0,0,3,0
7,5,33,36,0,0,3,0
7,5,34,37,0,0,3,0
7,5,35,38,0,0,3,0
7,5,36,39,0,0,3,0
7,5,37,40,0,0,3,0
7,5,38,41,0,0,3,0
7,5,39,42,0,0,3,0
7,5,40,43,0,0,3,0
7,5,41,44,0,0,3,0
7,5,42,45,0,0,3,0
7,5,43,46,0,0,3,0
7,5,44,47,0,0,3,0
7,5,45,48,0,0,3,0
7,5,46,49,0,0,3,0
7,5,47,50,0,0,3,0
7,14,0,3,0,0,3,0
7,14,1,4,0,0,3,0
7,14,2,5,0,0,3,0
7,14,3,6,0,0,3,0
7,14,4,7,0,0,3,0
7,14,5,8,0,0,3,0
7,14,6,9,0,0,3,0
7,14,7,10,0,0,3,0
7,14,8,11,0,0,3,0
7,14,9,12,0,0,3,0
7,14,10,13,0,0,3,0
7,14,11,14,0,0,3,0
7,14,12,15,0,0,3,0
7,14,13,16,0,0,3,0
7,14,14,17,0,0,3,0
7,14,15,18,0,0,3,0
7,14,16,19,0,0,3,0
7,14,17,20,0,0,3,0
7,14,18,21,0,0,3,0
7,14,19,22,0,0,3,0
7,14,20,23,0,0,3,0
7,14,21,24,0,0,3,0
7,14,22,25,0,0,3,0
7,14,23,26,0,0,3,0
7,14,24,27,0,0,3,0
7,14,25,28,0,0,3,0
7,14,26,29,0,0,3,0
7,14,27,30,0,0,3,0
7,14,28,31,0,0,3,0
7,14,29,32,0,0,3,0
7,14,30,33,0,0,3,0
7,14,31,34,0,0,3,0
7,14,32,35,0,0,3,0
7,14,33,36,0,0,3,0
7,14,34,37,0,0,3,0
7,14,35,38,0,0,3,0
7,14,36,39,0,0,3,0
7,14,37,40,0,0,3,0
7,14,38,41,0,0,3,0
7,14,39,42,0,0,3,0
7,14,40,43,0,0,3,0
7,14,41,44,0,0,3,0
7,14,42,45,0,0,3,0
7,14,43,46,0,0,3,0
7,14,44,47,0,0,3,0
7,14,45,48,0,0,3,0
7,14,46,49,0,0,3,0
7,14,47,50,0,0,3,0
3,1,0,3,0,0,3,0
3,1,1,4,0,0,3,0
3,1,2,5,0,0,3,0
3,1,3,6,0,0,3,0
3,1,4,7,0,0,3,0
3,1,5,8,0,0,3,0
3,1,6,9,0,0,3,0
3,1,7,10,0,0,3,0
3,1,8,11,0,0,3,0
3,1,9,12,0,0,3,0
3,1,10,13,0,0,3,0
3,1,11,14,0,0,3,0
3,1,12,15,0,0,3,0
3,1,13,16,0,0,3,0
3,1,14,17,0,0,3,0
3,1,15,18,0,0,3,0
3,1,16,19,0,0,3,0
3,1,17,20,0,0,3,0
3,1,18,21,0,0,3,0
3,1,19,22,0,0,3,0
3,1,20,23,0,0,3,0
3,1,21,24,0,0,3,0
3,1,22,25,0,0,3,0
3,1,23,26,0,0,3,0
3,1,24,27,0,0,3,0
3,1,25,28,0,0,3,0
3,1,26,29,0,0,3,0
3,1,27,30,0,0,3,0
3,1,28,31,0,0,3,0
3,1,29,32,0,0,3,0
3,1,30,33,0,0,3,0
3,1,31,34,0,0,3,0
3,1,32,35,0,0,3,0
3,1,33,36,0,0,3,0
3,1,34,37,0,0,3,0
3,1,35,38,0,0,3,0
3,1,36,39,0,0,3,0
3,1,37,40,0,0,3,0
3,1,38,41,0,0,3,0
3,1,39,42,0,0,3,0
3,1,40,43,0,0,3,0
3,1,41,44,0,0,3,0
3,1,42,45,0,0,3,0
3,1,43,46,0,0,3,0
3,1,44,47,0,0,3,0
3,1,45,48,0,0,3,0
3,1,46,49,0,0,3,0
3,1,47,50,0,0,3,0
14,1,0,1,0,0,1,0
14,1,1,2,0,0,1,0
14,1,2,3,0,0,1,0
14,1,3,4,0,0,1,0
14,1,4,5,0,0,1,0
14,1,5,6,0,0,1,0
14,1,6,7,0,0,1,0
14,1,7,8,0,0,1,0
14,1,8,9,0,0,1,0
14,1,9,10,0,0,1,0
14,1,10,11,0,0,1,0
14,1,11,12,0,0,1,0
14,1,12,13,0,0,1,0
14,1,13,14,0,0,1,0
14,1,14,15,0,0,1,0
14,1,15,16,0,0,1,0
14,1,16,17,0,0,1,0
14,1,17,18,0,0,1,0
14,1,18,19,0,0,1,0
14,1,19,20,0,0,1,0
14,1,20,21,0,0,1,0
14,1,21,22,0,0,1,0
14,1,22,23,0,0,1,0
14,1,23,24,0,0,1,0
14,1,24,25,0,0,1,0
14,1,25,26,0,0,1,0
14,1,26,27,0,0,1,0
14,1,27,28,0,0,1,0
14,1,28,29,0,0,1,0
14,1,29,30,0,0,1,0
14,1,30,31,0,0,1,0
14,1,31,32,0,0,1,0
14,1,32,33,0,0,1,0
14,1,33,34,0,0,1,0
14,1,34,35,0,0,1,0
14,1,35,36,0,0,1,0
14,1,36,37,0,0,1,0
14,1,37,38,0,0,1,0
14,1,38,39,0,0,1,0
14,1,39,40,0,0,1,0
14,1,40,41,0,0,1,0
14,1,41,42,0,0,1,0
14,1,42,43,0,0,1,0
14,1,43,44,0,0,1,0
14,1,44,45,0,0,1,0
14,1,45,46,0,0,1,0
14,1,46,47,0,0,1,0
14,1,47,48,0,0,1,0
14,1,48,49,0,0,1,0
14,1,49,50,0,0,1,0
12,13,0,6,0,0,6,0
12,13,1,7,0,0,6,0
12,13,2,8,0,0,6,0
12,13,3,9,0,0,6,0
12,13,4,10,0,0,6,0
12,13,5,11,0,0,6,0
12,13,6,12,0,0,6,0
12,13,7,13,0,0,6,0
12,13,8,14,0,0,6,0
12,13,9,15,0,0,6,0
12,13,10,16,0,0,6,0
12,13,11,17,0,0,6,0
12,13,12,18,0,0,6,0
12,13,13,19,0,0,6,0
12,13,14,20,0,0,6,0
12,13,15,21,0,0,6,0
12,13,16,22,0,0,6,0
12,13,17,23,0,0,6,0
12,13,18,24,0,0,6,0
12,13,19,25,0,0,6,0
12,13,20,26,0,0,6,0
12,13,21,27,0,0,6,0
12,13,22,28,0,0,6,0
12,13,23,29,0,0,6,0
12,13,24,30,0,0,6,0
12,13,25,31,0,0,6,0
12,13,26,32,0,0,6,0
12,13,27,33,0,0,6,0
12,13,28,34,0,0,6,0
12,13,29,35,0,0,6,0
12,13,30,36,0,0,6,0
12,13,31,37,0,0,6,0
12,13,32,38,0,0,6,0
12,13,33,39,0,0,6,0
12,13,34,40,0,0,6,0
12,13,35,41,0,0,6,0
12,13,36,42,0,0,6,0
12,13,37,43,0,0,6,0
12,13,38,44,0,0,6,0
12,13,39,45,0,0,6,0
12,13,40,46,0,0,6,0
12,13,41,47,0,0,6,0
12,13,42,48,0,0,6,0
12,13,43,49,0,0,6,0
12,13,44,50,0,0,6,0
3,10,0,4,0,0,4,0
3,10,1,5,0,0,4,0
3,10,2,6,0,0,4,0
3,10,3,7,0,0,4,0
3,10,4,8,0,0,4,0
3,10,5,9,0,0,4,0
3,10,6,10,0,0,4,0
3,10,7,11,0,0,4,0
3,10,8,12,0,0,4,0
3,10,9,13,0,0,4,0
3,10,10,14,0,0,4,0
3,10,11,15,0,0,4,0
3,10,12,16,0,0,4,0
3,10,13,17,0,0,4,0
3,10,14,18,0,0,4,0
3,10,15,19,0,0,4,0
3,10,16,20,0,0,4,0
3,10,17,21,0,0,4,0
3,10,18,22,0,0,4,0
3,10,19,23,0,0,4,0
3,10,20,24,0,0,4,0
3,10,21,25,0,0,4,0
3,10,22,26,0,0,4,0
3,10,23,27,0,0,4,0
3,10,24,28,0,0,4,0
3,10,25,29,0,0,4,0
3,10,26,30,0,0,4,0
3,10,27,31,0,0,4,0
3,10,28,32,0,0,4,0
3,10,29,33,0,0,4,0
3,10,30,34,0,0,4,0
3,10,31,35,0,0,4,0
3,10,32,36,0,0,4,0
3,10,33,37,0,0,4,0
3,10,34,38,0,0,4,0
3,10,35,39,0,0,4,0
3,10,36,40,0,0,4,0
3,10,37,41,0,0,4,0
3,10,38,42,0,0,4,0
3,10,39,43,0,0,4,0
3,10,40,44,0,0,4,0
3,10,41,45,0,0,4,0
3,10,42,46,0,0,4,0
3,10,43,47,0,0,4,0
3,10,44,48,0,0,4,0
3,10,45,49,0,0,4,0
3,10,46,50,0,0,4,0
5,7,0,3,0,0,3,0
5,7,1,4,0,0,3,0
5,7,2,5,0,0,3,0
5,7,3,6,0,0,3,0
5,7,4,7,0,0,3,0
5,7,5,8,0,0,3,0
5,7,6,9,0,0,3,0
5,7,7,10,0,0,3,0
5,7,8,11,0,0,3,0
5,7,9,12,0,0,3,0
5,7,10,13,0,0,3,0
5,7,11,14,0,0,3,0
5,7,12,15,0,0,3,0
5,7,13,16,0,0,3,0
5,7,14,17,0,0,3,0
5,7,15,18,0,0,3,0
5,7,16,19,0,0,3,0
5,7,17,20,0,0,3,0
5,7,18,21,0,0,3,0
5,7,19,22,0,0,3,0
5,7,20,23,0,0,3,0
5,7,21,24,0,0,3,0
5,7,22,25,0,0,3,0
5,7,23,26,0,0,3,0
5,7,24,27,0,0,3,0
5,7,25,28,0,0,3,0
5,7,26,29,0,0,3,0
5,7,27,30,0,0,3,0
5,7,28,31,0,0,3,0
5,7,29,32,0,0,3,0
5,7,30,33,0,0,3,0
5,7,31,34,0,0,3,0
5,7,32,35,0,0,3,0
5,7,33,36,0,0,3,0
5,7,34,37,0,0,3,0
5,7,35,38,0,0,3,0
5,7,36,39,0,0,3,0
5,7,37,40,0,0,3,0
5,7,38,41,0,0,3,0
5,7,39,42,0,0,3,0
5,7,40,43,0,0,3,0
5,7,41,44,0,0,3,0
5,7,42,45,0,0,3,0
5,7,43,46,0,0,3,0
5,7,44,47,0,0,3,0
5,7,45,48,0,0,3,0
5,7,46,49,0,0,3,0
5,7,47,50,0,0,3,0
14,10,0,2,0,0,2,0
14,10,1,3,0,0,2,0
14,10,2,4,0,0,2,0
14,10,3,5,0,0,2,0
14,10,4,6,0,0,2,0
14,10,5,7,0,0,2,0
14,10,6,8,0,0,2,0
14,10,7,9,0,0,2,0
14,10,8,10,0,0,2,0
14,10,9,11,0,0,2,0
14,10,10,12,0,0,2,0
14,10,11,13,0,0,2,0
14,10,12,14,0,0,2,0
14,10,13,15,0,0,2,0
14,10,14,16,0,0,2,0
14,10,15,17,0,0,2,0
14,10,16,18,0,0,2,0
14,10,17,19,0,0,2,0
14,10,18,20,0,0,2,0
14,10,19,21,0,0,2,0
14,10,20,22,0,0,2,0
14,10,21,23,0,0,2,0
14,10,22,24,0,0,2,0
14,10,23,25,0,0,2,0
14,10,24,26,0,0,2,0
14,10,25,27,0,0,2,0
14,10,26,28,0,0,2,0
14,10,27,29,0,0,2,0
14,10,28,30,0,0,2,0
14,10,29,31,0,0,2,0
14,10,30,32,0,0,2,0
14,10,31,33,0,0,2,0
14,10,32,34,0,0,2,0
14,10,33,35,0,0,2,0
14,10,34,36,0,0,2,0
14,10,35,37,0,0,2,0
14,10,36,38,0,0,2,0
14,10,37,39,0,0,2,0
14,10,38,40,0,0,2,0
14,10,39,41,0,0,2,0
14,10,40,42,0,0,2,0
14,10,41,43,0,0,2,0
14,10,42,44,0,0,2,0
14,10,43,45,0,0,2,0
14,10,44,46,0,0,2,0
14,10,45,47,0,0,2,0
14,10,46,48,0,0,2,0
14,10,47,49,0,0,2,0
14,10,48,50,0,0,2,0
9,5,0,2,0,0,2,0
9,5,1,3,0,0,2,0
9,5,2,4,0,0,2,0
9,5,3,5,0,0,2,0
9,5,4,6,0,0,2,0
9,5,5,7,0,0,2,0
9,5,6,8,0,0,2,0
9,5,7,9,0,0,2,0
9,5,8,10,0,0,2,0
9,5,9,11,0,0,2,0
9,5,10,12,0,0,2,0
9,5,11,13,0,0,2,0
9,5,12,14,0,0,2,0
9,5,13,15,0,0,2,0
9,5,14,16,0,0,2,0
9,5,15,17,0,0,2,0
9,5,16,18,0,0,2,0
9,5,17,19,0,0,2,0
9,5,18,20,0,0,2,0
9,5,19,21,0,0,2,0
9,5,20,22,0,0,2,0
9,5,21,23,0,0,2,0
9,5,22,24,0,0,2,0
9,5,23,25,0,0,2,0
9,5,24,26,0,0,2,0
9,5,25,27,0,0,2,0
9,5,26,28,0,0,2,0
9,5,27,29,0,0,2,0
9,5,28,30,0,0,2,0
9,5,29,31,0,0,2,0
9,5,30,32,0,0,2,0
9,5,31,33,0,0,2,0
9,5,32,34,0,0,2,0
9,5,33,35,0,0,2,0
9,5,34,36,0,0,2,0
9,5,35,37,0,0,2,0
9,5,36,38,0,0,2,0
9,5,37,39,0,0,2,0
9,5,38,40,0,0,2,0
9,5,39,41,0,0,2,0
9,5,40,42,0,0,2,0
9,5,41,43,0,0,2,0
9,5,42,44,0,0,2,0
9,5,43,45,0,0,2,0
9,5,44,46,0,0,2,0
9,5,45,47,0,0,2,0
9,5,46,48,0,0,2,0
9,5,47,49,0,0,2,0
9,5,48,50,0,0,2,0
0,2,0,6,0,0,6,0
0,2,1,7,0,0,6,0
0,2,2,8,0,0,6,0
0,2,3,9,0,0,6,0
0,2,4,10,0,0,6,0
0,2,5,11,0,0,6,0
0,2,6,12,0,0,6,0
0,2,7,13,0,0,6,0
0,2,8,14,0,0,6,0
0,2,9,15,0,0,6,0
0,2,10,16,0,0,6,0
0,2,11,17,0,0,6,0
0,2,12,18,0,0,6,0
0,2,13,19,0,0,6,0
0,2,14,20,0,0,6,0
0,2,15,21,0,0,6,0
0,2,16,22,0,0,6,0
0,2,17,23,0,0,6,0
0,2,18,24,0,0,6,0
0,2,19,25,0,0,6,0
0,2,20,26,0,0,6,0
0,2,21,27,0,0,6,0
0,2,22,28,0,0,6,0
0,2,23,29,0,0,6,0
0,2,24,30,0,0,6,0
0,2,25,31,0,0,6,0
0,2,26,32,0,0,6,0
0,2,27,33,0,0,6,0
0,2,28,34,0,0,6,0
0,2,29,35,0,0,6,0
0,2,30,36,0,0,6,0
0,2,31,37,0,0,6,0
0,2,32,38,0,0,6,0
0,2,33,39,0,0,6,0
0,2,34,40,0,0,6,0
0,2,35,41,0,0,6,0
0,2,36,42,0,0,6,0
0,2,37,43,0,0,6,0
0,2,38,44,0,0,6,0
0,2,39,45,0,0,6,0
0,2,40,46,0,0,6,0
0,2,41,47,0,0,6,0
0,2,42,48,0,0,6,0
0,2,43,49,0,0,6,0
0,2,44,50,0,0,6,0
11,2,0,1,0,0,1,0
11,2,1,2,0,0,1,0
11,2,2,3,0,0,1,0
11,2,3,4,0,0,1,0
11,2,4,5,0,0,1,0
11,2,5,6,0,0,1,0
11,2,6,7,0,0,1,0
11,2,7,8,0,0,1,0
11,2,8,9,0,0,1,0
11,2,9,10,0,0,1,0
11,2,10,11,0,0,1,0
11,2,11,12,0,0,1,0
11,2,12,13,0,0,1,0
11,2,13,14,0,0,1,0
11,2,14,15,0,0,1,0
11,2,15,16,0,0,1,0
11,2,16,17,0,0,1,0
11,2,17,18,0,0,1,0
11,2,18,19,0,0,1,0
11,2,19,20,0,0,1,0
11,2,20,21,0,0,1,0
11,2,21,22,0,0,1,0
11,2,22,23,0,0,1,0
11,2,23,24,0,0,1,0
11,2,24,25,0,0,1,0
11,2,25,26,0,0,1,0
11,2,26,27,0,0,1,0
11,2,27,28,0,0,1,0
11,2,28,29,0,0,1,0
11,2,29,30,0,0,1,0
11,2,30,31,0,0,1,0
11,2,31,32,0,0,1,0
11,2,32,33,0,0,1,0
11,2,33,34,0,0,1,0
11,2,34,35,0,0,1,0
11,2,35,36,0,0,1,0
11,2,36,37,0,0,1,0
11,2,37,38,0,0,1,0
11,2,38,39,0,0,1,0
11,2,39,40,0,0,1,0
11,2,40,41,0,0,1,0
11,2,41,42,0,0,1,0
11,2,42,43,0,0,1,0
11,2,43,44,0,0,1,0
11,2,44,45,0,0,1,0
11,2,45,46,0,0,1,0
11,2,46,47,0,0,1,0
11,2,47,48,0,0,1,0
11,2,48,49,0,0,1,0
11,2,49,50,0,0,1,0
9,14,0,8,0,0,8,0
9,14,1,9,0,0,8,0
9,14,2,10,0,0,8,0
9,14,3,11,0,0,8,0
9,14,4,12,0,0,8,0
9,14,5,13,0,0,8,0
9,14,6,14,0,0,8,0
9,14,7,15,0,0,8,0
9,14,8,16,0,0,8,0
9,14,9,17,0,0,8,0
9,14,10,18,0,0,8,0
9,14,11,19,0,0,8,0
9,14,12,20,0,0,8,0
9,14,13,21,0,0,8,0
9,14,14,22,0,0,8,0
9,14,15,23,0,0,8,0
9,14,16,24,0,0,8,0
9,14,17,25,0,0,8,0
9,14,18,26,0,0,8,0
9,14,19,27,0,0,8,0
9,14,20,28,0,0,8,0
9,14,21,29,0,0,8,0
9,14,22,30,0,0,8,0
9,14,23,31,0,0,8,0
9,14,24,32,0,0,8,0
9,14,25,33,0,0,8,0
9,14,26,34,0,0,8,0
9,14,27,35,0,0,8,0
9,14,28,36,0,0,8,0
9,14,29,37,0,0,8,0
9,14,30,38,0,0,8,0
9,14,31,39,0,0,8,0
9,14,32,40,0,0,8,0
9,14,33,41,0,0,8,0
9,14,34,42,0,0,8,0
9,14,35,43,0,0,8,0
9,14,36,44,0,0,8,0
9,14,37,45,0,0,8,0
9,14,38,46,0,0,8,0
9,14,39,47,0,0,8,0
9,14,40,48,0,0,8,0
9,14,41,49,0,0,8,0
9,14,42,50,0,0,8,0
1,3,0,3,0,0,3,0
1,3,1,4,0,0,3,0
1,3,2,5,0,0,3,0
1,3,3,6,0,0,3,0
1,3,4,7,0,0,3,0
1,3,5,8,0,0,3,0
1,3,6,9,0,0,3,0
1,3,7,10,0,0,3,0
1,3,8,11,0,0,3,0
1,3,9,12,0,0,3,0
1,3,10,13,0,0,3,0
1,3,11,14,0,0,3,0
1,3,12,15,0,0,3,0
1,3,13,16,0,0,3,0
1,3,14,17,0,0,3,0
1,3,15,18,0,0,3,0
1,3,16,19,0,0,3,0
1,3,17,20,0,0,3,0
1,3,18,21,0,0,3,0
1,3,19,22,0,0,3,0
1,3,20,23,0,0,3,0
1,3,21,24,0,0,3,0
1,3,22,25,0,0,3,0
1,3,23,26,0,0,3,0
1,3,24,27,0,0,3,0
1,3,25,28,0,0,3,0
1,3,26,29,0,0,3,0
1,3,27,30,0,0,3,0
1,3,28,31,0,0,3,0
1,3,29,32,0,0,3,0
1,3,30,33,0,0,3,0
1,3,31,34,0,0,3,0
1,3,32,35,0,0,3,0
1,3,33,36,0,0,3,0
1,3,34,37,0,0,3,0
1,3,35,38,0,0,3,0
1,3,36,39,0,0,3,0
1,3,37,40,0,0,3,0
1,3,38,41,0,0,3,0
1,3,39,42,0,0,3,0
1,3,40,43,0,0,3,0
1,3,41,44,0,0,3,0
1,3,42,45,0,0,3,0
1,3,43,46,0,0,3,0
1,3,44,47,0,0,3,0
1,3,45,48,0,0,3,0
1,3,46,49,0,0,3,0
1,3,47,50,0,0,3,0
13,5,0,2,0,0,2,0
13,5,1,3,0,0,2,0
13,5,2,4,0,0,2,0
13,5,3,5,0,0,2,0
13,5,4,6,0,0,2,0
13,5,5,7,0,0,2,0
13,5,6,8,0,0,2,0
13,5,7,9,0,0,2,0
13,5,8,10,0,0,2,0
13,5,9,11,0,0,2,0
13,5,10,12,0,0,2,0
13,5,11,13,0,0,2,0
13,5,12,14,0,0,2,0
13,5,13,15,0,0,2,0
13,5,14,16,0,0,2,0
13,5,15,17,0,0,2,0
13,5,16,18,0,0,2,0
13,5,17,19,0,0,2,0
13,5,18,20,0,0,2,0
13,5,19,21,0,0,2,0
13,5,20,22,0,0,2,0
13,5,21,23,0,0,2,0
13,5,22,24,0,0,2,0
13,5,23,25,0,0,2,0
13,5,24,26,0,0,2,0
13,5,25,27,0,0,2,0
13,5,26,28,0,0,2,0
13,5,27,29,0,0,2,0
13,5,28,30,0,0,2,0
13,5,29,31,0,0,2,0
13,5,30,32,0,0,2,0
13,5,31,33,0,0,2,0
13,5,32,34,0,0,2,0
13,5,33,35,0,0,2,0
13,5,34,36,0,0,2,0
13,5,35,37,0,0,2,0
13,5,36,38,0,0,2,0
13,5,37,39,0,0,2,0
13,5,38,40,0,0,2,0
13,5,39,41,0,0,2,0
13,5,40,42,0,0,2,0
13,5,41,43,0,0,2,0
13,5,42,44,0,0,2,0
13,5,43,45,0,0,2,0
13,5,44,46,0,0,2,0
13,5,45,47,0,0,2,0
13,5,46,48,0,0,2,0
13,5,47,49,0,0,2,0
13,5,48,50,0,0,2,0
10,15,0,3,0,0,3,0
10,15,1,4,0,0,3,0
10,15,2,5,0,0,3,0
10,15,3,6,0,0,3,0
10,15,4,7,0,0,3,0
10,15,5,8,0,0,3,0
10,15,6,9,0,0,3,0
10,15,7,10,0,0,3,0
10,15,8,11,0,0,3,0
10,15,9,12,0,0,3,0
10,15,10,13,0,0,3,0
10,15,11,14,0,0,3,0
10,15,12,15,0,0,3,0
10,15,13,16,0,0,3,0
10,15,14,17,0,0,3,0
10,15,15,18,0,0,3,0
10,15,16,19,0,0,3,0
10,15,17,20,0,0,3,0
10,15,18,21,0,0,3,0
10,15,19,22,0,0,3,0
10,15,20,23,0,0,3,0
10,15,21,24,0,0,3,0
10,15,22,25,0,0,3,0
10,15,23,26,0,0,3,0
10,15,24,27,0,0,3,0
10,15,25,28,0,0,3,0
10,15,26,29,0,0,3,0
10,15,27,30,0,0,3,0
10,15,28,31,0,0,3,0
10,15,29,32,0,0,3,0
10,15,30,33,0,0,3,0
10,15,31,34,0,0,3,0
10,15,32,35,0,0,3,0
10,15,33,36,0,0,3,0
10,15,34,37,0,0,3,0
10,15,35,38,0,0,3,0
10,15,36,39,0,0,3,0
10,15,37,40,0,0,3,0
10,15,38,41,0,0,3,0
10,15,39,42,0,0,3,0
10,15,40,43,0,0,3,0
10,15,41,44,0,0,3,0
10,15,42,45,0,0,3,0
10,15,43,46,0,0,3,0
10,15,44,47,0,0,3,0
10,15,45,48,0,0,3,0
10,15,46,49,0,0,3,0
10,15,47,50,0,0,3,0
1,12,0,2,0,0,2,0
1,12,1,3,0,0,2,0
1,12,2,4,0,0,2,0
1,12,3,5,0,0,2,0
1,12,4,6,0,0,2,0
1,12,5,7,0,0,2,0
1,12,6,8,0,0,2,0
1,12,7,9,0,0,2,0
1,12,8,10,0,0,2,0
1,12,9,11,0,0,2,0
1,12,10,12,0,0,2,0
1,12,11,13,0,0,2,0
1,12,12,14,0,0,2,0
1,12,13,15,0,0,2,0
1,12,14,16,0,0,2,0
1,12,15,17,0,0,2,0
1,12,16,18,0,0,2,0
1,12,17,19,0,0,2,0
1,12,18,20,0,0,2,0
1,12,19,21,0,0,2,0
1,12,20,22,0,0,2,0
1,12,21,23,0,0,2,0
1,12,22,24,0,0,2,0
1,12,23,25,0,0,2,0
1,12,24,26,0,0,2,0
1,12,25,27,0,0,2,0
1,12,26,28,0,0,2,0
1,12,27,29,0,0,2,0
1,12,28,30,0,0,2,0
1,12,29,31,0,0,2,0
1,12,30,32,0,0,2,0
1,12,31,33,0,0,2,0
1,12,32,34,0,0,2,0
1,12,33,35,0,0,2,0
1,12,34,36,0,0,2,0
1,12,35,37,0,0,2,0
1,12,36,38,0,0,2,0
1,12,37,39,0,0,2,0
1,12,38,40,0,0,2,0
1,12,39,41,0,0,2,0
1,12,40,42,0,0,2,0
1,12,41,43,0,0,2,0
1,12,42,44,0,0,2,0
1,12,43,45,0,0,2,0
1,12,44,46,0,0,2,0
1,12,45,47,0,0,2,0
1,12,46,48,0,0,2,0
1,12,47,49,0,0,2,0
1,12,48,50,0,0,2,0
13,14,0,5,0,0,5,0
13,14,1,6,0,0,5,0
13,14,2,7,0,0,5,0
13,14,3,8,0,0,5,0
13,14,4,9,0,0,5,0
13,14,5,10,0,0,5,0
13,14,6,11,0,0,5,0
13,14,7,12,0,0,5,0
13,14,8,13,0,0,5,0
13,14,9,14,0,0,5,0
13,14,10,15,0,0,5,0
13,14,11,16,0,0,5,0
13,14,12,17,0,0,5,0
13,14,13,18,0,0,5,0
13,14,14,19,0,0,5,0
13,14,15,20,0,0,5,0
13,14,16,21,0,0,5,0
13,14,17,22,0,0,5,0
13,14,18,23,0,0,5,0
13,14,19,24,0,0,5,0
13,14,20,25,0,0,5,0
13,14,21,26,0,0,5,0
13,14,22,27,0,0,5,0
13,14,23,28,0,0,5,0
13,14,24,29,0,0,5,0
13,14,25,30,0,0,5,0
13,14,26,31,0,0,5,0
13,14,27,32,0,0,5,0
13,14,28,33,0,0,5,0
13,14,29,34,0,0,5,0
13,14,30,35,0,0,5,0
13,14,31,36,0,0,5,0
13,14,32,37,0,0,5,0
13,14,33,38,0,0,5,0
13,14,34,39,0,0,5,0
13,14,35,40,0,0,5,0
13,14,36,41,0,0,5,0
13,14,37,42,0,0,5,0
13,14,38,43,0,0,5,0
13,14,39,44,0,0,5,0
13,14,40,45,0,0,5,0
13,14,41,46,0,0,5,0
13,14,42,47,0,0,5,0
13,14,43,48,0,0,5,0
13,14,44,49,0,0,5,0
13,14,45,50,0,0,5,0
12,6,0,4,0,0,4,0
12,6,1,5,0,0,4,0
12,6,2,6,0,0,4,0
12,6,3,7,0,0,4,0
12,6,4,8,0,0,4,0
12,6,5,9,0,0,4,0
12,6,6,10,0,0,4,0
12,6,7,11,0,0,4,0
12,6,8,12,0,0,4,0
12,6,9,13,0,0,4,0
12,6,10,14,0,0,4,0
12,6,11,15,0,0,4,0
12,6,12,16,0,0,4,0
12,6,13,17,0,0,4,0
12,6,14,18,0,0,4,0
12,6,15,19,0,0,4,0
12,6,16,20,0,0,4,0
12,6,17,21,0,0,4,0
12,6,18,22,0,0,4,0
12,6,19,23,0,0,4,0
12,6,20,24,0,0,4,0
12,6,21,25,0,0,4,0
12,6,22,26,0,0,4,0
12,6,23,27,0,0,4,0
12,6,24,28,0,0,4,0
12,6,25,29,0,0,4,0
12,6,26,30,0,0,4,0
12,6,27,31,0,0,4,0
12,6,28,32,0,0,4,0
12,6,29,33,0,0,4,0
12,6,30,34,0,0,4,0
12,6,31,35,0,0,4,0
12,6,32,36,0,0,4,0
12,6,33,37,0,0,4,0
12,6,34,38,0,0,4,0
12,6,35,39,0,0,4,0
12,6,36,40,0,0,4,0
12,6,37,41,0,0,4,0
12,6,38,42,0,0,4,0
12,6,39,43,0,0,4,0
12,6,40,44,0,0,4,0
12,6,41,45,0,0,4,0
12,6,42,46,0,0,4,0
12,6,43,47,0,0,4,0
12,6,44,48,0,0,4,0
12,6,45,49,0,0,4,0
12,6,46,50,0,0,4,0
5,0,0,6,0,0,6,0
5,0,1,7,0,0,6,0
5,0,2,8,0,0,6,0
5,0,3,9,0,0,6,0
5,0,4,10,0,0,6,0
5,0,5,11,0,0,6,0
5,0,6,12,0,0,6,0
5,0,7,13,0,0,6,0
5,0,8,14,0,0,6,0
5,0,9,15,0,0,6,0
5,0,10,16,0,0,6,0
5,0,11,17,0,0,6,0
5,0,12,18,0,0,6,0
5,0,13,19,0,0,6,0
5,0,14,20,0,0,6,0
5,0,15,21,0,0,6,0
5,0,16,22,0,0,6,0
5,0,17,23,0,0,6,0
5,0,18,24,0,0,6,0
5,0,19,25,0,0,6,0
5,0,20,26,0,0,6,0
5,0,21,27,0,0,6,0
5,0,22,28,0,0,6,0
5,0,23,29,0,0,6,0
5,0,24,30,0,0,6,0
5,0,25,31,0,0,6,0
5,0,26,32,0,0,6,0
5,0,27,33,0,0,6,0
5,0,28,34,0,0,6,0
5,0,29,35,0,0,6,0
5,0,30,36,0,0,6,0
5,0,31,37,0,0,6,0
5,0,32,38,0,0,6,0
5,0,33,39,0,0,6,0
5,0,34,40,0,0,6,0
5,0,35,41,0,0,6,0
5,0,36,42,0,0,6,0
5,0,37,43,0,0,6,0
5,0,38,44,0,0,6,0
5,0,39,45,0,0,6,0
5,0,40,46,0,0,6,0
5,0,41,47,0,0,6,0
5,0,42,48,0,0,6,0
5,0,43,49,0,0,6,0
5,0,44,50,0,0,6,0
14,3,0,4,0,0,4,0
14,3,1,5,0,0,4,0
14,3,2,6,0,0,4,0
14,3,3,7,0,0,4,0
14,3,4,8,0,0,4,0
14,3,5,9,0,0,4,0
14,3,6,10,0,0,4,0
14,3,7,11,0,0,4,0
14,3,8,12,0,0,4,0
14,3,9,13,0,0,4,0
14,3,10,14,0,0,4,0
14,3,11,15,0,0,4,0
14,3,12,16,0,0,4,0
14,3,13,17,0,0,4,0
14,3,14,18,0,0,4,0
14,3,15,19,0,0,4,0
14,3,16,20,0,0,4,0
14,3,17,21,0,0,4,0
14,3,18,22,0,0,4,0
14,3,19,23,0,0,4,0
14,3,20,24,0,0,4,0
14,3,21,25,0,0,4,0
14,3,22,26,0,0,4,0
14,3,23,27,0,0,4,0
14,3,24,28,0,0,4,0
14,3,25,29,0,0,4,0
14,3,26,30,0,0,4,0
14,3,27,31,0,0,4,0
14,3,28,32,0,0,4,0
14,3,29,33,0,0,4,0
14,3,30,34,0,0,4,0
14,3,31,35,0,0,4,0
14,3,32,36,0,0,4,0
14,3,33,37,0,0,4,0
14,3,34,38,0,0,4,0
14,3,35,39,0,0,4,0
14,3,36,40,0,0,4,0
14,3,37,41,0,0,4,0
14,3,38,42,0,0,4,0
14,3,39,43,0,0,4,0
14,3,40,44,0,0,4,0
14,3,41,45,0,0,4,0
14,3,42,46,0,0,4,0
14,3,43,47,0,0,4,0
14,3,44,48,0,0,4,0
14,3,45,49,0,0,4,0
14,3,46,50,0,0,4,0
12,15,0,4,0,0,4,0
12,15,1,5,0,0,4,0
12,15,2,6,0,0,4,0
12,15,3,7,0,0,4,0
12,15,4,8,0,0,4,0
12,15,5,9,0,0,4,0
12,15,6,10,0,0,4,0
12,15,7,11,0,0,4,0
12,15,8,12,0,0,4,0
12,15,9,13,0,0,4,0
12,15,10,14,0,0,4,0
12,15,11,15,0,0,4,0
12,15,12,16,0,0,4,0
12,15,13,17,0,0,4,0
12,15,14,18,0,0,4,0
12,15,15,19,0,0,4,0
12,15,16,20,0,0,4,0
12,15,17,21,0,0,4,0
12,15,18,22,0,0,4,0
12,15,19,23,0,0,4,0
12,15,20,24,0,0,4,0
12,15,21,25,0,0,4,0
12,15,22,26,0,0,4,0
12,15,23,27,0,0,4,0
12,15,24,28,0,0,4,0
12,15,25,29,0,0,4,0
12,15,26,30,0,0,4,0
12,15,27,31,0,0,4,0
12,15,28,32,0,0,4,0
12,15,29,33,0,0,4,0
12,15,30,34,0,0,4,0
12,15,31,35,0,0,4,0
12,15,32,36,0,0,4,0
12,15,33,37,0,0,4,0
12,15,34,38,0,0,4,0
12,15,35,39,0,0,4,0
12,15,36,40,0,0,4,0
12,15,37,41,0,0,4,0
12,15,38,42,0,0,4,0
12,15,39,43,0,0,4,0
12,15,40,44,0,0,4,0
12,15,41,45,0,0,4,0
12,15,42,46,0,0,4,0
12,15,43,47,0,0,4,0
12,15,44,48,0,0,4,0
12,15,45,49,0,0,4,0
12,15,46,50,0,0,4,0
3,12,0,5,0,0,5,0
3,12,1,6,0,0,5,0
3,12,2,7,0,0,5,0
3,12,3,8,0,0,5,0
3,12,4,9,0,0,5,0
3,12,5,10,0,0,5,0
3,12,6,11,0,0,5,0
3,12,7,12,0,0,5,0
3,12,8,13,0,0,5,0
3,12,9,14,0,0,5,0
3,12,10,15,0,0,5,0
3,12,11,16,0,0,5,0
3,12,12,17,0,0,5,0
3,12,13,18,0,0,5,0
3,12,14,19,0,0,5,0
3,12,15,20,0,0,5,0
3,12,16,21,0,0,5,0
3,12,17,22,0,0,5,0
3,12,18,23,0,0,5,0
3,12,19,24,0,0,5,0
3,12,20,25,0,0,5,0
3,12,21,26,0,0,5,0
3,12,22,27,0,0,5,0
3,12,23,28,0,0,5,0
3,12,24,29,0,0,5,0
3,12,25,30,0,0,5,0
3,12,26,31,0,0,5,0
3,12,27,32,0,0,5,0
3,12,28,33,0,0,5,0
3,12,29,34,0,0,5,0
3,12,30,35,0,0,5,0
3,12,31,36,0,0,5,0
3,12,32,37,0,0,5,0
3,12,33,38,0,0,5,0
3,12,34,39,0,0,5,0
3,12,35,40,0,0,5,0
3,12,36,41,0,0,5,0
3,12,37,42,0,0,5,0
3,12,38,43,0,0,5,0
3,12,39,44,0,0,5,0
3,12,40,45,0,0,5,0
3,12,41,46,0,0,5,0
3,12,42,47,0,0,5,0
3,12,43,48,0,0,5,0
3,12,44,49,0,0,5,0
3,12,45,50,0,0,5,0
5,9,0,2,0,0,2,0
5,9,1,3,0,0,2,0
5,9,2,4,0,0,2,0
5,9,3,5,0,0,2,0
5,9,4,6,0,0,2,0
5,9,5,7,0,0,2,0
5,9,6,8,0,0,2,0
5,9,7,9,0,0,2,0
5,9,8,10,0,0,2,0
5,9,9,11,0,0,2,0
5,9,10,12,0,0,2,0
5,9,11,13,0,0,2,0
5,9,12,14,0,0,2,0
5,9,13,15,0,0,2,0
5,9,14,16,0,0,2,0
5,9,15,17,0,0,2,0
5,9,16,18,0,0,2,0
5,9,17,19,0,0,2,0
5,9,18,20,0,0,2,0
5,9,19,21,0,0,2,0
5,9,20,22,0,0,2,0
5,9,21,23,0,0,2,0
5,9,22,24,0,0,2,0
5,9,23,25,0,0,2,0
5,9,24,26,0,0,2,0
5,9,25,27,0,0,2,0
5,9,26,28,0,0,2,0
5,9,27,29,0,0,2,0
5,9,28,30,0,0,2,0
5,9,29,31,0,0,2,0
5,9,30,32,0,0,2,0
5,9,31,33,0,0,2,0
5,9,32,34,0,0,2,0
5,9,33,35,0,0,2,0
5,9,34,36,0,0,2,0
5,9,35,37,0,0,2,0
5,9,36,38,0,0,2,0
5,9,37,39,0,0,2,0
5,9,38,40,0,0,2,0
5,9,39,41,0,0,2,0
5,9,40,42,0,0,2,0
5,9,41,43,0,0,2,0
5,9,42,44,0,0,2,0
5,9,43,45,0,0,2,0
5,9,44,46,0,0,2,0
5,9,45,47,0,0,2,0
5,9,46,48,0,0,2,0
5,9,47,49,0,0,2,0
5,9,48,50,0,0,2,0
4,11,0,4,0,0,4,0
4,11,1,5,0,0,4,0
4,11,2,6,0,0,4,0
4,11,3,7,0,0,4,0
4,11,4,8,0,0,4,0
4,11,5,9,0,0,4,0
4,11,6,10,0,0,4,0
4,11,7,11,0,0,4,0
4,11,8,12,0,0,4,0
4,11,9,13,0,0,4,0
4,11,10,14,0,0,4,0
4,11,11,15,0,0,4,0
4,11,12,16,0,0,4,0
4,11,13,17,0,0,4,0
4,11,14,18,0,0,4,0
4,11,15,19,0,0,4,0
4,11,16,20,0,0,4,0
4,11,17,21,0,0,4,0
4,11,18,22,0,0,4,0
4,11,19,23,0,0,4,0
4,11,20,24,0,0,4,0
4,11,21,25,0,0,4,0
4,11,22,26,0,0,4,0
4,11,23,27,0,0,4,0
4,11,24,28,0,0,4,0
4,11,25,29,0,0,4,0
4,11,26,30,0,0,4,0
4,11,27,31,0,0,4,0
4,11,28,32,0,0,4,0
4,11,29,33,0,0,4,0
4,11,30,34,0,0,4,0
4,11,31,35,0,0,4,0
4,11,32,36,0,0,4,0
4,11,33,37,0,0,4,0
4,11,34,38,0,0,4,0
4,11,35,39,0,0,4,0
4,11,36,40,0,0,4,0
4,11,37,41,0,0,4,0
4,11,38,42,0,0,4,0
4,11,39,43,0,0,4,0
4,11,40,44,0,0,4,0
4,11,41,45,0,0,4,0
4,11,42,46,0,0,4,0
4,11,43,47,0,0,4,0
4,11,44,48,0,0,4,0
4,11,45,49,0,0,4,0
4,11,46,50,0,0,4,0
14,12,0,3,0,0,3,0
14,12,1,4,0,0,3,0
14,12,2,5,0,0,3,0
14,12,3,6,0,0,3,0
14,12,4,7,0,0,3,0
14,12,5,8,0,0,3,0
14,12,6,9,0,0,3,0
14,12,7,10,0,0,3,0
14,12,8,11,0,0,3,0
14,12,9,12,0,0,3,0
14,12,10,13,0,0,3,0
14,12,11,14,0,0,3,0
14,12,12,15,0,0,3,0
14,12,13,16,0,0,3,0
14,12,14,17,0,0,3,0
14,12,15,18,0,0,3,0
14,12,16,19,0,0,3,0
14,12,17,20,0,0,3,0
14,12,18,21,0,0,3,0
14,12,19,22,0,0,3,0
14,12,20,23,0,0,3,0
14,12,21,24,0,0,3,0
14,12,22,25,0,0,3,0
14,12,23,26,0,0,3,0
14,12,24,27,0,0,3,0
14,12,25,28,0,0,3,0
14,12,26,29,0,0,3,0
14,12,27,30,0,0,3,0
14,12,28,31,0,0,3,0
14,12,29,32,0,0,3,0
14,12,30,33,0,0,3,0
14,12,31,34,0,0,3,0
14,12,32,35,0,0,3,0
14,12,33,36,0,0,3,0
14,12,34,37,0,0,3,0
14,12,35,38,0,0,3,0
14,12,36,39,0,0,3,0
14,12,37,40,0,0,3,0
14,12,38,41,0,0,3,0
14,12,39,42,0,0,3,0
14,12,40,43,0,0,3,0
14,12,41,44,0,0,3,0
14,12,42,45,0,0,3,0
14,12,43,46,0,0,3,0
14,12,44,47,0,0,3,0
14,12,45,48,0,0,3,0
14,12,46,49,0,0,3,0
14,12,47,50,0,0,3,0
9,7,0,5,0,0,5,0
9,7,1,6,0,0,5,0
9,7,2,7,0,0,5,0
9,7,3,8,0,0,5,0
9,7,4,9,0,0,5,0
9,7,5,10,0,0,5,0
9,7,6,11,0,0,5,0
9,7,7,12,0,0,5,0
9,7,8,13,0,0,5,0
9,7,9,14,0,0,5,0
9,7,10,15,0,0,5,0
9,7,11,16,0,0,5,0
9,7,12,17,0,0,5,0
9,7,13,18,0,0,5,0
9,7,14,19,0,0,5,0
9,7,15,20,0,0,5,0
9,7,16,21,0,0,5,0
9,7,17,22,0,0,5,0
9,7,18,23,0,0,5,0
9,7,19,24,0,0,5,0
9,7,20,25,0,0,5,0
9,7,21,26,0,0,5,0
9,7,22,27,0,0,5,0
9,7,23,28,0,0,5,0
9,7,24,29,0,0,5,0
9,7,25,30,0,0,5,0
9,7,26,31,0,0,5,0
9,7,27,32,0,0,5,0
9,7,28,33,0,0,5,0
9,7,29,34,0,0,5,0
9,7,30,35,0,0,5,0
9,7,31,36,0,0,5,0
9,7,32,37,0,0,5,0
9,7,33,38,0,0,5,0
9,7,34,39,0,0,5,0
9,7,35,40,0,0,5,0
9,7,36,41,0,0,5,0
9,7,37,42,0,0,5,0
9,7,38,43,0,0,5,0
9,7,39,44,0,0,5,0
9,7,40,45,0,0,5,0
9,7,41,46,0,0,5,0
9,7,42,47,0,0,5,0
9,7,43,48,0,0,5,0
9,7,44,49,0,0,5,0
9,7,45,50,0,0,5,0
11,4,0,4,0,0,4,0
11,4,1,5,0,0,4,0
11,4,2,6,0,0,4,0
11,4,3,7,0,0,4,0
11,4,4,8,0,0,4,0
11,4,5,9,0,0,4,0
11,4,6,10,0,0,4,0
11,4,7,11,0,0,4,0
11,4,8,12,0,0,4,0
11,4,9,13,0,0,4,0
11,4,10,14,0,0,4,0
11,4,11,15,0,0,4,0
11,4,12,16,0,0,4,0
11,4,13,17,0,0,4,0
11,4,14,18,0,0,4,0
11,4,15,19,0,0,4,0
11,4,16,20,0,0,4,0
11,4,17,21,0,0,4,0
11,4,18,22,0,0,4,0
11,4,19,23,0,0,4,0
11,4,20,24,0,0,4,0
11,4,21,25,0,0,4,0
11,4,22,26,0,0,4,0
11,4,23,27,0,0,4,0
11,4,24,28,0,0,4,0
11,4,25,29,0,0,4,0
11,4,26,30,0,0,4,0
11,4,27,31,0,0,4,0
11,4,28,32,0,0,4,0
11,4,29,33,0,0,4,0
11,4,30,34,0,0,4,0
11,4,31,35,0,0,4,0
11,4,32,36,0,0,4,0
11,4,33,37,0,0,4,0
11,4,34,38,0,0,4,0
11,4,35,39,0,0,4,0
11,4,36,40,0,0,4,0
11,4,37,41,0,0,4,0
11,4,38,42,0,0,4,0
11,4,39,43,0,0,4,0
11,4,40,44,0,0,4,0
11,4,41,45,0,0,4,0
11,4,42,46,0,0,4,0
11,4,43,47,0,0,4,0
11,4,44,48,0,0,4,0
11,4,45,49,0,0,4,0
11,4,46,50,0,0,4,0
10,8,0,4,0,0,4,0
10,8,1,5,0,0,4,0
10,8,2,6,0,0,4,0
10,8,3,7,0,0,4,0
10,8,4,8,0,0,4,0
10,8,5,9,0,0,4,0
10,8,6,10,0,0,4,0
10,8,7,11,0,0,4,0
10,8,8,12,0,0,4,0
10,8,9,13,0,0,4,0
10,8,10,14,0,0,4,0
10,8,11,15,0,0,4,0
10,8,12,16,0,0,4,0
10,8,13,17,0,0,4,0
10,8,14,18,0,0,4,0
10,8,15,19,0,0,4,0
10,8,16,20,0,0,4,0
10,8,17,21,0,0,4,0
10,8,18,22,0,0,4,0
10,8,19,23,0,0,4,0
10,8,20,24,0,0,4,0
10,8,21,25,0,0,4,0
10,8,22,26,0,0,4,0
10,8,23,27,0,0,4,0
10,8,24,28,0,0,4,0
10,8,25,29,0,0,4,0
10,8,26,30,0,0,4,0
10,8,27,31,0,0,4,0
10,8,28,32,0,0,4,0
10,8,29,33,0,0,4,0
10,8,30,34,0,0,4,0
10,8,31,35,0,0,4,0
10,8,32,36,0,0,4,0
10,8,33,37,0,0,4,0
10,8,34,38,0,0,4,0
10,8,35,39,0,0,4,0
10,8,36,40,0,0,4,0
10,8,37,41,0,0,4,0
10,8,38,42,0,0,4,0
10,8,39,43,0,0,4,0
10,8,40,44,0,0,4,0
10,8,41,45,0,0,4,0
10,8,42,46,0,0,4,0
10,8,43,47,0,0,4,0
10,8,44,48,0,0,4,0
10,8,45,49,0,0,4,0
10,8,46,50,0,0,4,0
1,5,0,5,0,0,5,0
1,5,1,6,0,0,5,0
1,5,2,7,0,0,5,0
1,5,3,8,0,0,5,0
1,5,4,9,0,0,5,0
1,5,5,10,0,0,5,0
1,5,6,11,0,0,5,0
1,5,7,12,0,0,5,0
1,5,8,13,0,0,5,0
1,5,9,14,0,0,5,0
1,5,10,15,0,0,5,0
1,5,11,16,0,0,5,0
1,5,12,17,0,0,5,0
1,5,13,18,0,0,5,0
1,5,14,19,0,0,5,0
1,5,15,20,0,0,5,0
1,5,16,21,0,0,5,0
1,5,17,22,0,0,5,0
1,5,18,23,0,0,5,0
1,5,19,24,0,0,5,0
1,5,20,25,0,0,5,0
1,5,21,26,0,0,5,0
1,5,22,27,0,0,5,0
1,5,23,28,0,0,5,0
1,5,24,29,0,0,5,0
1,5,25,30,0,0,5,0
1,5,26,31,0,0,5,0
1,5,27,32,0,0,5,0
1,5,28,33,0,0,5,0
1,5,29,34,0,0,5,0
1,5,30,35,0,0,5,0
1,5,31,36,0,0,5,0
1,5,32,37,0,0,5,0
1,5,33,38,0,0,5,0
1,5,34,39,0,0,5,0
1,5,35,40,0,0,5,0
1,5,36,41,0,0,5,0
1,5,37,42,0,0,5,0
1,5,38,43,0,0,5,0
1,5,39,44,0,0,5,0
1,5,40,45,0,0,5,0
1,5,41,46,0,0,5,0
1,5,42,47,0,0,5,0
1,5,43,48,0,0,5,0
1,5,44,49,0,0,5,0
1,5,45,50,0,0,5,0
13,7,0,4,0,0,4,0
13,7,1,5,0,0,4,0
13,7,2,6,0,0,4,0
13,7,3,7,0,0,4,0
13,7,4,8,0,0,4,0
13,7,5,9,0,0,4,0
13,7,6,10,0,0,4,0
13,7,7,11,0,0,4,0
13,7,8,12,0,0,4,0
13,7,9,13,0,0,4,0
13,7,10,14,0,0,4,0
13,7,11,15,0,0,4,0
13,7,12,16,0,0,4,0
13,7,13,17,0,0,4,0
13,7,14,18,0,0,4,0
13,7,15,19,0,0,4,0
13,7,16,20,0,0,4,0
13,7,17,21,0,0,4,0
13,7,18,22,0,0,4,0
13,7,19,23,0,0,4,0
13,7,20,24,0,0,4,0
13,7,21,25,0,0,4,0
13,7,22,26,0,0,4,0
13,7,23,27,0,0,4,0
13,7,24,28,0,0,4,0
13,7,25,29,0,0,4,0
13,7,26,30,0,0,4,0
13,7,27,31,0,0,4,0
13,7,28,32,0,0,4,0
13,7,29,33,0,0,4,0
13,7,30,34,0,0,4,0
13,7,31,35,0,0,4,0
13,7,32,36,0,0,4,0
13,7,33,37,0,0,4,0
13,7,34,38,0,0,4,0
13,7,35,39,0,0,4,0
13,7,36,40,0,0,4,0
13,7,37,41,0,0,4,0
13,7,38,42,0,0,4,0
13,7,39,43,0,0,4,0
13,7,40,44,0,0,4,0
13,7,41,45,0,0,4,0
13,7,42,46,0,0,4,0
13,7,43,47,0,0,4,0
13,7,44,48,0,0,4,0
13,7,45,49,0,0,4,0
13,7,46,50,0,0,4,0
6,1,0,2,0,0,2,0
6,1,1,3,0,0,2,0
6,1,2,4,0,0,2,0
6,1,3,5,0,0,2,0
6,1,4,6,0,0,2,0
6,1,5,7,0,0,2,0
6,1,6,8,0,0,2,0
6,1,7,9,0,0,2,0
6,1,8,10,0,0,2,0
6,1,9,11,0,0,2,0
6,1,10,12,0,0,2,0
6,1,11,13,0,0,2,0
6,1,12,14,0,0,2,0
6,1,13,15,0,0,2,0
6,1,14,16,0,0,2,0
6,1,15,17,0,0,2,0
6,1,16,18,0,0,2,0
6,1,17,19,0,0,2,0
6,1,18,20,0,0,2,0
6,1,19,21,0,0,2,0
6,1,20,22,0,0,2,0
6,1,21,23,0,0,2,0
6,1,22,24,0,0,2,0
6,1,23,25,0,0,2,0
6,1,24,26,0,0,2,0
6,1,25,27,0,0,2,0
6,1,26,28,0,0,2,0
6,1,27,29,0,0,2,0
6,1,28,30,0,0,2,0
6,1,29,31,0,0,2,0
6,1,30,32,0,0,2,0
6,1,31,33,0,0,2,0
6,1,32,34,0,0,2,0
6,1,33,35,0,0,2,0
6,1,34,36,0,0,2,0
6,1,35,37,0,0,2,0
6,1,36,38,0,0,2,0
6,1,37,39,0,0,2,0
6,1,38,40,0,0,2,0
6,1,39,41,0,0,2,0
6,1,40,42,0,0,2,0
6,1,41,43,0,0,2,0
6,1,42,44,0,0,2,0
6,1,43,45,0,0,2,0
6,1,44,46,0,0,2,0
6,1,45,47,0,0,2,0
6,1,46,48,0,0,2,0
6,1,47,49,0,0,2,0
6,1,48,50,0,0,2,0
7,0,0,4,0,0,4,0
7,0,1,5,0,0,4,0
7,0,2,6,0,0,4,0
7,0,3,7,0,0,4,0
7,0,4,8,0,0,4,0
7,0,5,9,0,0,4,0
7,0,6,10,0,0,4,0
7,0,7,11,0,0,4,0
7,0,8,12,0,0,4,0
7,0,9,13,0,0,4,0
7,0,10,14,0,0,4,0
7,0,11,15,0,0,4,0
7,0,12,16,0,0,4,0
7,0,13,17,0,0,4,0
7,0,14,18,0,0,4,0
7,0,15,19,0,0,4,0
7,0,16,20,0,0,4,0
7,0,17,21,0,0,4,0
7,0,18,22,0,0,4,0
7,0,19,23,0,0,4,0
7,0,20,24,0,0,4,0
7,0,21,25,0,0,4,0
7,0,22,26,0,0,4,0
7,0,23,27,0,0,4,0
7,0,24,28,0,0,4,0
7,0,25,29,0,0,4,0
7,0,26,30,0,0,4,0
7,0,27,31,0,0,4,0
7,0,28,32,0,0,4,0
7,0,29,33,0,0,4,0
7,0,30,34,0,0,4,0
7,0,31,35,0,0,4,0
7,0,32,36,0,0,4,0
7,0,33,37,0,0,4,0
7,0,34,38,0,0,4,0
7,0,35,39,0,0,4,0
7,0,36,40,0,0,4,0
7,0,37,41,0,0,4,0
7,0,38,42,0,0,4,0
7,0,39,43,0,0,4,0
7,0,40,44,0,0,4,0
7,0,41,45,0,0,4,0
7,0,42,46,0,0,4,0
7,0,43,47,0,0,4,0
7,0,44,48,0,0,4,0
7,0,45,49,0,0,4,0
7,0,46,50,0,0,4,0
1,14,0,1,0,0,1,0
1,14,1,2,0,0,1,0
1,14,2,3,0,0,1,0
1,14,3,4,0,0,1,0
1,14,4,5,0,0,1,0
1,14,5,6,0,0,1,0
1,14,6,7,0,0,1,0
1,14,7,8,0,0,1,0
1,14,8,9,0,0,1,0
1,14,9,10,0,0,1,0
1,14,10,11,0,0,1,0
1,14,11,12,0,0,1,0
1,14,12,13,0,0,1,0
1,14,13,14,0,0,1,0
1,14,14,15,0,0,1,0
1,14,15,16,0,0,1,0
1,14,16,17,0,0,1,0
1,14,17,18,0,0,1,0
1,14,18,19,0,0,1,0
1,14,19,20,0,0,1,0
1,14,20,21,0,0,1,0
1,14,21,22,0,0,1,0
1,14,22,23,0,0,1,0
1,14,23,24,0,0,1,0
1,14,24,25,0,0,1,0
1,14,25,26,0,0,1,0
1,14,26,27,0,0,1,0
1,14,27,28,0,0,1,0
1,14,28,29,0,0,1,0
1,14,29,30,0,0,1,0
1,14,30,31,0,0,1,0
1,14,31,32,0,0,1,0
1,14,32,33,0,0,1,0
1,14,33,34,0,0,1,0
1,14,34,35,0,0,1,0
1,14,35,36,0,0,1,0
1,14,36,37,0,0,1,0
1,14,37,38,0,0,1,0
1,14,38,39,0,0,1,0
1,14,39,40,0,0,1,0
1,14,40,41,0,0,1,0
1,14,41,42,0,0,1,0
1,14,42,43,0,0,1,0
1,14,43,44,0,0,1,0
1,14,44,45,0,0,1,0
1,14,45,46,0,0,1,0
1,14,46,47,0,0,1,0
1,14,47,48,0,0,1,0
1,14,48,49,0,0,1,0
1,14,49,50,0,0,1,0
2,13,0,4,0,0,4,0
2,13,1,5,0,0,4,0
2,13,2,6,0,0,4,0
2,13,3,7,0,0,4,0
2,13,4,8,0,0,4,0
2,13,5,9,0,0,4,0
2,13,6,10,0,0,4,0
2,13,7,11,0,0,4,0
2,13,8,12,0,0,4,0
2,13,9,13,0,0,4,0
2,13,10,14,0,0,4,0
2,13,11,15,0,0,4,0
2,13,12,16,0,0,4,0
2,13,13,17,0,0,4,0
2,13,14,18,0,0,4,0
2,13,15,19,0,0,4,0
2,13,16,20,0,0,4,0
2,13,17,21,0,0,4,0
2,13,18,22,0,0,4,0
2,13,19,23,0,0,4,0
2,13,20,24,0,0,4,0
2,13,21,25,0,0,4,0
2,13,22,26,0,0,4,0
2,13,23,27,0,0,4,0
2,13,24,28,0,0,4,0
2,13,25,29,0,0,4,0
2,13,26,30,0,0,4,0
2,13,27,31,0,0,4,0
2,13,28,32,0,0,4,0
2,13,29,33,0,0,4,0
2,13,30,34,0,0,4,0
2,13,31,35,0,0,4,0
2,13,32,36,0,0,4,0
2,13,33,37,0,0,4,0
2,13,34,38,0,0,4,0
2,13,35,39,0,0,4,0
2,13,36,40,0,0,4,0
2,13,37,41,0,0,4,0
2,13,38,42,0,0,4,0
2,13,39,43,0,0,4,0
2,13,40,44,0,0,4,0
2,13,41,45,0,0,4,0
2,13,42,46,0,0,4,0
2,13,43,47,0,0,4,0
2,13,44,48,0,0,4,0
2,13,45,49,0,0,4,0
2,13,46,50,0,0,4,0
7,9,0,5,0,0,5,0
7,9,1,6,0,0,5,0
7,9,2,7,0,0,5,0
7,9,3,8,0,0,5,0
7,9,4,9,0,0,5,0
7,9,5,10,0,0,5,0
7,9,6,11,0,0,5,0
7,9,7,12,0,0,5,0
7,9,8,13,0,0,5,0
7,9,9,14,0,0,5,0
7,9,10,15,0,0,5,0
7,9,11,16,0,0,5,0
7,9,12,17,0,0,5,0
7,9,13,18,0,0,5,0
7,9,14,19,0,0,5,0
7,9,15,20,0,0,5,0
7,9,16,21,0,0,5,0
7,9,17,22,0,0,5,0
7,9,18,23,0,0,5,0
7,9,19,24,0,0,5,0
7,9,20,25,0,0,5,0
7,9,21,26,0,0,5,0
7,9,22,27,0,0,5,0
7,9,23,28,0,0,5,0
7,9,24,29,0,0,5,0
7,9,25,30,0,0,5,0
7,9,26,31,0,0,5,0
7,9,27,32,0,0,5,0
7,9,28,33,0,0,5,0
7,9,29,34,0,0,5,0
7,9,30,35,0,0,5,0
7,9,31,36,0,0,5,0
7,9,32,37,0,0,5,0
7,9,33,38,0,0,5,0
7,9,34,39,0,0,5,0
7,9,35,40,0,0,5,0
7,9,36,41,0,0,5,0
7,9,37,42,0,0,5,0
7,9,38,43,0,0,5,0
7,9,39,44,0,0,5,0
7,9,40,45,0,0,5,0
7,9,41,46,0,0,5,0
7,9,42,47,0,0,5,0
7,9,43,48,0,0,5,0
7,9,44,49,0,0,5,0
7,9,45,50,0,0,5,0
12,8,0,4,0,0,4,0
12,8,1,5,0,0,4,0
12,8,2,6,0,0,4,0
12,8,3,7,0,0,4,0
12,8,4,8,0,0,4,0
12,8,5,9,0,0,4,0
12,8,6,10,0,0,4,0
12,8,7,11,0,0,4,0
12,8,8,12,0,0,4,0
12,8,9,13,0,0,4,0
12,8,10,14,0,0,4,0
12,8,11,15,0,0,4,0
12,8,12,16,0,0,4,0
12,8,13,17,0,0,4,0
12,8,14,18,0,0,4,0
12,8,15,19,0,0,4,0
12,8,16,20,0,0,4,0
12,8,17,21,0,0,4,0
12,8,18,22,0,0,4,0
12,8,19,23,0,0,4,0
12,8,20,24,0,0,4,0
12,8,21,25,0,0,4,0
12,8,22,26,0,0,4,0
12,8,23,27,0,0,4,0
12,8,24,28,0,0,4,0
12,8,25,29,0,0,4,0
12,8,26,30,0,0,4,0
12,8,27,31,0,0,4,0
12,8,28,32,0,0,4,0
12,8,29,33,0,0,4,0
12,8,30,34,0,0,4,0
12,8,31,35,0,0,4,0
12,8,32,36,0,0,4,0
12,8,33,37,0,0,4,0
12,8,34,38,0,0,4,0
12,8,35,39,0,0,4,0
12,8,36,40,0,0,4,0
12,8,37,41,0,0,4,0
12,8,38,42,0,0,4,0
12,8,39,43,0,0,4,0
12,8,40,44,0,0,4,0
12,8,41,45,0,0,4,0
12,8,42,46,0,0,4,0
12,8,43,47,0,0,4,0
12,8,44,48,0,0,4,0
12,8,45,49,0,0,4,0
12,8,46,50,0,0,4,0
3,5,0,5,0,0,5,0
3,5,1,6,0,0,5,0
3,5,2,7,0,0,5,0
3,5,3,8,0,0,5,0
3,5,4,9,0,0,5,0
3,5,5,10,0,0,5,0
3,5,6,11,0,0,5,0
3,5,7,12,0,0,5,0
3,5,8,13,0,0,5,0
3,5,9,14,0,0,5,0
3,5,10,15,0,0,5,0
3,5,11,16,0,0,5,0
3,5,12,17,0,0,5,0
3,5,13,18,0,0,5,0
3,5,14,19,0,0,5,0
3,5,15,20,0,0,5,0
3,5,16,21,0,0,5,0
3,5,17,22,0,0,5,0
3,5,18,23,0,0,5,0
3,5,19,24,0,0,5,0
3,5,20,25,0,0,5,0
3,5,21,26,0,0,5,0
3,5,22,27,0,0,5,0
3,5,23,28,0,0,5,0
3,5,24,29,0,0,5,0
3,5,25,30,0,0,5,0
3,5,26,31,0,0,5,0
3,5,27,32,0,0,5,0
3,5,28,33,0,0,5,0
3,5,29,34,0,0,5,0
3,5,30,35,0,0,5,0
3,5,31,36,0,0,5,0
3,5,32,37,0,0,5,0
3,5,33,38,0,0,5,0
3,5,34,39,0,0,5,0
3,5,35,40,0,0,5,0
3,5,36,41,0,0,5,0
3,5,37,42,0,0,5,0
3,5,38,43,0,0,5,0
3,5,39,44,0,0,5,0
3,5,40,45,0,0,5,0
3,5,41,46,0,0,5,0
3,5,42,47,0,0,5,0
3,5,43,48,0,0,5,0
3,5,44,49,0,0,5,0
3,5,45,50,0,0,5,0
5,2,0,2,0,0,2,0
5,2,1,3,0,0,2,0
5,2,2,4,0,0,2,0
5,2,3,5,0,0,2,0
5,2,4,6,0,0,2,0
5,2,5,7,0,0,2,0
5,2,6,8,0,0,2,0
5,2,7,9,0,0,2,0
5,2,8,10,0,0,2,0
5,2,9,11,0,0,2,0
5,2,10,12,0,0,2,0
5,2,11,13,0,0,2,0
5,2,12,14,0,0,2,0
5,2,13,15,0,0,2,0
5,2,14,16,0,0,2,0
5,2,15,17,0,0,2,0
5,2,16,18,0,0,2,0
5,2,17,19,0,0,2,0
5,2,18,20,0,0,2,0
5,2,19,21,0,0,2,0
5,2,20,22,0,0,2,0
5,2,21,23,0,0,2,0
5,2,22,24,0,0,2,0
5,2,23,25,0,0,2,0
5,2,24,26,0,0,2,0
5,2,25,27,0,0,2,0
5,2,26,28,0,0,2,0
5,2,27,29,0,0,2,0
5,2,28,30,0,0,2,0
5,2,29,31,0,0,2,0
5,2,30,32,0,0,2,0
5,2,31,33,0,0,2,0
5,2,32,34,0,0,2,0
5,2,33,35,0,0,2,0
5,2,34,36,0,0,2,0
5,2,35,37,0,0,2,0
5,2,36,38,0,0,2,0
5,2,37,39,0,0,2,0
5,2,38,40,0,0,2,0
5,2,39,41,0,0,2,0
5,2,40,42,0,0,2,0
5,2,41,43,0,0,2,0
5,2,42,44,0,0,2,0
5,2,43,45,0,0,2,0
5,2,44,46,0,0,2,0
5,2,45,47,0,0,2,0
5,2,46,48,0,0,2,0
5,2,47,49,0,0,2,0
5,2,48,50,0,0,2,0
14,5,0,6,0,0,6,0
14,5,1,7,0,0,6,0
14,5,2,8,0,0,6,0
14,5,3,9,0,0,6,0
14,5,4,10,0,0,6,0
14,5,5,11,0,0,6,0
14,5,6,12,0,0,6,0
14,5,7,13,0,0,6,0
14,5,8,14,0,0,6,0
14,5,9,15,0,0,6,0
14,5,10,16,0,0,6,0
14,5,11,17,0,0,6,0
14,5,12,18,0,0,6,0
14,5,13,19,0,0,6,0
14,5,14,20,0,0,6,0
14,5,15,21,0,0,6,0
14,5,16,22,0,0,6,0
14,5,17,23,0,0,6,0
14,5,18,24,0,0,6,0
14,5,19,25,0,0,6,0
14,5,20,26,0,0,6,0
14,5,21,27,0,0,6,0
14,5,22,28,0,0,6,0
14,5,23,29,0,0,6,0
14,5,24,30,0,0,6,0
14,5,25,31,0,0,6,0
14,5,26,32,0,0,6,0
14,5,27,33,0,0,6,0
14,5,28,34,0,0,6,0
14,5,29,35,0,0,6,0
14,5,30,36,0,0,6,0
14,5,31,37,0,0,6,0
14,5,32,38,0,0,6,0
14,5,33,39,0,0,6,0
14,5,34,40,0,0,6,0
14,5,35,41,0,0,6,0
14,5,36,42,0,0,6,0
14,5,37,43,0,0,6,0
14,5,38,44,0,0,6,0
14,5,39,45,0,0,6,0
14,5,40,46,0,0,6,0
14,5,41,47,0,0,6,0
14,5,42,48,0,0,6,0
14,5,43,49,0,0,6,0
14,5,44,50,0,0,6,0
9,0,0,8,0,0,8,0
9,0,1,9,0,0,8,0
9,0,2,10,0,0,8,0
9,0,3,11,0,0,8,0
9,0,4,12,0,0,8,0
9,0,5,13,0,0,8,0
9,0,6,14,0,0,8,0
9,0,7,15,0,0,8,0
9,0,8,16,0,0,8,0
9,0,9,17,0,0,8,0
9,0,10,18,0,0,8,0
9,0,11,19,0,0,8,0
9,0,12,20,0,0,8,0
9,0,13,21,0,0,8,0
9,0,14,22,0,0,8,0
9,0,15,23,0,0,8,0
9,0,16,24,0,0,8,0
9,0,17,25,0,0,8,0
9,0,18,26,0,0,8,0
9,0,19,27,0,0,8,0
9,0,20,28,0,0,8,0
9,0,21,29,0,0,8,0
9,0,22,30,0,0,8,0
9,0,23,31,0,0,8,0
9,0,24,32,0,0,8,0
9,0,25,33,0,0,8,0
9,0,26,34,0,0,8,0
9,0,27,35,0,0,8,0
9,0,28,36,0,0,8,0
9,0,29,37,0,0,8,0
9,0,30,38,0,0,8,0
9,0,31,39,0,0,8,0
9,0,32,40,0,0,8,0
9,0,33,41,0,0,8,0
9,0,34,42,0,0,8,0
9,0,35,43,0,0,8,0
9,0,36,44,0,0,8,0
9,0,37,45,0,0,8,0
9,0,38,46,0,0,8,0
9,0,39,47,0,0,8,0
9,0,40,48,0,0,8,0
9,0,41,49,0,0,8,0
9,0,42,50,0,0,8,0
3,14,0,4,0,0,4,0
3,14,1,5,0,0,4,0
3,14,2,6,0,0,4,0
3,14,3,7,0,0,4,0
3,14,4,8,0,0,4,0
3,14,5,9,0,0,4,0
3,14,6,10,0,0,4,0
3,14,7,11,0,0,4,0
3,14,8,12,0,0,4,0
3,14,9,13,0,0,4,0
3,14,10,14,0,0,4,0
3,14,11,15,0,0,4,0
3,14,12,16,0,0,4,0
3,14,13,17,0,0,4,0
3,14,14,18,0,0,4,0
3,14,15,19,0,0,4,0
3,14,16,20,0,0,4,0
3,14,17,21,0,0,4,0
3,14,18,22,0,0,4,0
3,14,19,23,0,0,4,0
3,14,20,24,0,0,4,0
3,14,21,25,0,0,4,0
3,14,22,26,0,0,4,0
3,14,23,27,0,0,4,0
3,14,24,28,0,0,4,0
3,14,25,29,0,0,4,0
3,14,26,30,0,0,4,0
3,14,27,31,0,0,4,0
3,14,28,32,0,0,4,0
3,14,29,33,0,0,4,0
3,14,30,34,0,0,4,0
3,14,31,35,0,0,4,0
3,14,32,36,0,0,4,0
3,14,33,37,0,0,4,0
3,14,34,38,0,0,4,0
3,14,35,39,0,0,4,0
3,14,36,40,0,0,4,0
3,14,37,41,0,0,4,0
3,14,38,42,0,0,4,0
3,14,39,43,0,0,4,0
3,14,40,44,0,0,4,0
3,14,41,45,0,0,4,0
3,14,42,46,0,0,4,0
3,14,43,47,0,0,4,0
3,14,44,48,0,0,4,0
3,14,45,49,0,0,4,0
3,14,46,50,0,0,4,0
5,11,0,1,0,0,1,0
5,11,1,2,0,0,1,0
5,11,2,3,0,0,1,0
5,11,3,4,0,0,1,0
5,11,4,5,0,0,1,0
5,11,5,6,0,0,1,0
5,11,6,7,0,0,1,0
5,11,7,8,0,0,1,0
5,11,8,9,0,0,1,0
5,11,9,10,0,0,1,0
5,11,10,11,0,0,1,0
5,11,11,12,0,0,1,0
5,11,12,13,0,0,1,0
5,11,13,14,0,0,1,0
5,11,14,15,0,0,1,0
5,11,15,16,0,0,1,0
5,11,16,17,0,0,1,0
5,11,17,18,0,0,1,0
5,11,18,19,0,0,1,0
5,11,19,20,0,0,1,0
5,11,20,21,0,0,1,0
5,11,21,22,0,0,1,0
5,11,22,23,0,0,1,0
5,11,23,24,0,0,1,0
5,11,24,25,0,0,1,0
5,11,25,26,0,0,1,0
5,11,26,27,0,0,1,0
5,11,27,28,0,0,1,0
5,11,28,29,0,0,1,0
5,11,29,30,0,0,1,0
5,11,30,31,0,0,1,0
5,11,31,32,0,0,1,0
5,11,32,33,0,0,1,0
5,11,33,34,0,0,1,0
5,11,34,35,0,0,1,0
5,11,35,36,0,0,1,0
5,11,36,37,0,0,1,0
5,11,37,38,0,0,1,0
5,11,38,39,0,0,1,0
5,11,39,40,0,0,1,0
5,11,40,41,0,0,1,0
5,11,41,42,0,0,1,0
5,11,42,43,0,0,1,0
5,11,43,44,0,0,1,0
5,11,44,45,0,0,1,0
5,11,45,46,0,0,1,0
5,11,46,47,0,0,1,0
5,11,47,48,0,0,1,0
5,11,48,49,0,0,1,0
5,11,49,50,0,0,1,0
4,13,0,5,0,0,5,0
4,13,1,6,0,0,5,0
4,13,2,7,0,0,5,0
4,13,3,8,0,0,5,0
4,13,4,9,0,0,5,0
4,13,5,10,0,0,5,0
4,13,6,11,0,0,5,0
4,13,7,12,0,0,5,0
4,13,8,13,0,0,5,0
4,13,9,14,0,0,5,0
4,13,10,15,0,0,5,0
4,13,11,16,0,0,5,0
4,13,12,17,0,0,5,0
4,13,13,18,0,0,5,0
4,13,14,19,0,0,5,0
4,13,15,20,0,0,5,0
4,13,16,21,0,0,5,0
4,13,17,22,0,0,5,0
4,13,18,23,0,0,5,0
4,13,19,24,0,0,5,0
4,13,20,25,0,0,5,0
4,13,21,26,0,0,5,0
4,13,22,27,0,0,5,0
4,13,23,28,0,0,5,0
4,13,24,29,0,0,5,0
4,13,25,30,0,0,5,0
4,13,26,31,0,0,5,0
4,13,27,32,0,0,5,0
4,13,28,33,0,0,5,0
4,13,29,34,0,0,5,0
4,13,30,35,0,0,5,0
4,13,31,36,0,0,5,0
4,13,32,37,0,0,5,0
4,13,33,38,0,0,5,0
4,13,34,39,0,0,5,0
4,13,35,40,0,0,5,0
4,13,36,41,0,0,5,0
4,13,37,42,0,0,5,0
4,13,38,43,0,0,5,0
4,13,39,44,0,0,5,0
4,13,40,45,0,0,5,0
4,13,41,46,0,0,5,0
4,13,42,47,0,0,5,0
4,13,43,48,0,0,5,0
4,13,44,49,0,0,5,0
4,13,45,50,0,0,5,0
10,1,0,1,0,0,1,0
10,1,1,2,0,0,1,0
10,1,2,3,0,0,1,0
10,1,3,4,0,0,1,0
10,1,4,5,0,0,1,0
10,1,5,6,0,0,1,0
10,1,6,7,0,0,1,0
10,1,7,8,0,0,1,0
10,1,8,9,0,0,1,0
10,1,9,10,0,0,1,0
10,1,10,11,0,0,1,0
10,1,11,12,0,0,1,0
10,1,12,13,0,0,1,0
10,1,13,14,0,0,1,0
10,1,14,15,0,0,1,0
10,1,15,16,0,0,1,0
10,1,16,17,0,0,1,0
10,1,17,18,0,0,1,0
10,1,18,19,0,0,1,0
10,1,19,20,0,0,1,0
10,1,20,21,0,0,1,0
10,1,21,22,0,0,1,0
10,1,22,23,0,0,1,0
10,1,23,24,0,0,1,0
10,1,24,25,0,0,1,0
10,1,25,26,0,0,1,0
10,1,26,27,0,0,1,0
10,1,27,28,0,0,1,0
10,1,28,29,0,0,1,0
10,1,29,30,0,0,1,0
10,1,30,31,0,0,1,0
10,1,31,32,0,0,1,0
10,1,32,33,0,0,1,0
10,1,33,34,0,0,1,0
10,1,34,35,0,0,1,0
10,1,35,36,0,0,1,0
10,1,36,37,0,0,1,0
10,1,37,38,0,0,1,0
10,1,38,39,0,0,1,0
10,1,39,40,0,0,1,0
10,1,40,41,0,0,1,0
10,1,41,42,0,0,1,0
10,1,42,43,0,0,1,0
10,1,43,44,0,0,1,0
10,1,44,45,0,0,1,0
10,1,45,46,0,0,1,0
10,1,46,47,0,0,1,0
10,1,47,48,0,0,1,0
10,1,48,49,0,0,1,0
10,1,49,50,0,0,1,0
13,0,0,4,0,0,4,0
13,0,1,5,0,0,4,0
13,0,2,6,0,0,4,0
13,0,3,7,0,0,4,0
13,0,4,8,0,0,4,0
13,0,5,9,0,0,4,0
13,0,6,10,0,0,4,0
13,0,7,11,0,0,4,0
13,0,8,12,0,0,4,0
13,0,9,13,0,0,4,0
13,0,10,14,0,0,4,0
13,0,11,15,0,0,4,0
13,0,12,16,0,0,4,0
13,0,13,17,0,0,4,0
13,0,14,18,0,0,4,0
13,0,15,19,0,0,4,0
13,0,16,20,0,0,4,0
13,0,17,21,0,0,4,0
13,0,18,22,0,0,4,0
13,0,19,23,0,0,4,0
13,0,20,24,0,0,4,0
13,0,21,25,0,0,4,0
13,0,22,26,0,0,4,0
13,0,23,27,0,0,4,0
13,0,24,28,0,0,4,0
13,0,25,29,0,0,4,0
13,0,26,30,0,0,4,0
13,0,27,31,0,0,4,0
13,0,28,32,0,0,4,0
13,0,29,33,0,0,4,0
13,0,30,34,0,0,4,0
13,0,31,35,0,0,4,0
13,0,32,36,0,0,4,0
13,0,33,37,0,0,4,0
13,0,34,38,0,0,4,0
13,0,35,39,0,0,4,0
13,0,36,40,0,0,4,0
13,0,37,41,0,0,4,0
13,0,38,42,0,0,4,0
13,0,39,43,0,0,4,0
13,0,40,44,0,0,4,0
13,0,41,45,0,0,4,0
13,0,42,46,0,0,4,0
13,0,43,47,0,0,4,0
13,0,44,48,0,0,4,0
13,0,45,49,0,0,4,0
13,0,46,50,0,0,4,0
8,13,0,4,0,0,4,0
8,13,1,5,0,0,4,0
8,13,2,6,0,0,4,0
8,13,3,7,0,0,4,0
8,13,4,8,0,0,4,0
8,13,5,9,0,0,4,0
8,13,6,10,0,0,4,0
8,13,7,11,0,0,4,0
8,13,8,12,0,0,4,0
8,13,9,13,0,0,4,0
8,13,10,14,0,0,4,0
8,13,11,15,0,0,4,0
8,13,12,16,0,0,4,0
8,13,13,17,0,0,4,0
8,13,14,18,0,0,4,0
8,13,15,19,0,0,4,0
8,13,16,20,0,0,4,0
8,13,17,21,0,0,4,0
8,13,18,22,0,0,4,0
8,13,19,23,0,0,4,0
8,13,20,24,0,0,4,0
8,13,21,25,0,0,4,0
8,13,22,26,0,0,4,0
8,13,23,27,0,0,4,0
8,13,24,28,0,0,4,0
8,13,25,29,0,0,4,0
8,13,26,30,0,0,4,0
8,13,27,31,0,0,4,0
8,13,28,32,0,0,4,0
8,13,29,33,0,0,4,0
8,13,30,34,0,0,4,0
8,13,31,35,0,0,4,0
8,13,32,36,0,0,4,0
8,13,33,37,0,0,4,0
8,13,34,38,0,0,4,0
8,13,35,39,0,0,4,0
8,13,36,40,0,0,4,0
8,13,37,41,0,0,4,0
8,13,38,42,0,0,4,0
8,13,39,43,0,0,4,0
8,13,40,44,0,0,4,0
8,13,41,45,0,0,4,0
8,13,42,46,0,0,4,0
8,13,43,47,0,0,4,0
8,13,44,48,0,0,4,0
8,13,45,49,0,0,4,0
8,13,46,50,0,0,4,0
1,7,0,2,0,0,2,0
1,7,1,3,0,0,2,0
1,7,2,4,0,0,2,0
1,7,3,5,0,0,2,0
1,7,4,6,0,0,2,0
1,7,5,7,0,0,2,0
1,7,6,8,0,0,2,0
1,7,7,9,0,0,2,0
1,7,8,10,0,0,2,0
1,7,9,11,0,0,2,0
1,7,10,12,0,0,2,0
1,7,11,13,0,0,2,0
1,7,12,14,0,0,2,0
1,7,13,15,0,0,2,0
1,7,14,16,0,0,2,0
1,7,15,17,0,0,2,0
1,7,16,18,0,0,2,0
1,7,17,19,0,0,2,0
1,7,18,20,0,0,2,0
1,7,19,21,0,0,2,0
1,7,20,22,0,0,2,0
1,7,21,23,0,0,2,0
1,7,22,24,0,0,2,0
1,7,23,25,0,0,2,0
1,7,24,26,0,0,2,0
1,7,25,27,0,0,2,0
1,7,26,28,0,0,2,0
1,7,27,29,0,0,2,0
1,7,28,30,0,0,2,0
1,7,29,31,0,0,2,0
1,7,30,32,0,0,2,0
1,7,31,33,0,0,2,0
1,7,32,34,0,0,2,0
1,7,33,35,0,0,2,0
1,7,34,36,0,0,2,0
1,7,35,37,0,0,2,0
1,7,36,38,0,0,2,0
1,7,37,39,0,0,2,0
1,7,38,40,0,0,2,0
1,7,39,41,0,0,2,0
1,7,40,42,0,0,2,0
1,7,41,43,0,0,2,0
1,7,42,44,0,0,2,0
1,7,43,45,0,0,2,0
1,7,44,46,0,0,2,0
1,7,45,47,0,0,2,0
1,7,46,48,0,0,2,0
1,7,47,49,0,0,2,0
1,7,48,50,0,0,2,0
13,9,0,4,0,0,4,0
13,9,1,5,0,0,4,0
13,9,2,6,0,0,4,0
13,9,3,7,0,0,4,0
13,9,4,8,0,0,4,0
13,9,5,9,0,0,4,0
13,9,6,10,0,0,4,0
13,9,7,11,0,0,4,0
13,9,8,12,0,0,4,0
13,9,9,13,0,0,4,0
13,9,10,14,0,0,4,0
13,9,11,15,0,0,4,0
13,9,12,16,0,0,4,0
13,9,13,17,0,0,4,0
13,9,14,18,0,0,4,0
13,9,15,19,0,0,4,0
13,9,16,20,0,0,4,0
13,9,17,21,0,0,4,0
13,9,18,22,0,0,4,0
13,9,19,23,0,0,4,0
13,9,20,24,0,0,4,0
13,9,21,25,0,0,4,0
13,9,22,26,0,0,4,0
13,9,23,27,0,0,4,0
13,9,24,28,0,0,4,0
13,9,25,29,0,0,4,0
13,9,26,30,0,0,4,0
13,9,27,31,0,0,4,0
13,9,28,32,0,0,4,0
13,9,29,33,0,0,4,0
13,9,30,34,0,0,4,0
13,9,31,35,0,0,4,0
13,9,32,36,0,0,4,0
13,9,33,37,0,0,4,0
13,9,34,38,0,0,4,0
13,9,35,39,0,0,4,0
13,9,36,40,0,0,4,0
13,9,37,41,0,0,4,0
13,9,38,42,0,0,4,0
13,9,39,43,0,0,4,0
13,9,40,44,0,0,4,0
13,9,41,45,0,0,4,0
13,9,42,46,0,0,4,0
13,9,43,47,0,0,4,0
13,9,44,48,0,0,4,0
13,9,45,49,0,0,4,0
13,9,46,50,0,0,4,0
2,6,0,5,0,0,5,0
2,6,1,6,0,0,5,0
2,6,2,7,0,0,5,0
2,6,3,8,0,0,5,0
2,6,4,9,0,0,5,0
2,6,5,10,0,0,5,0
2,6,6,11,0,0,5,0
2,6,7,12,0,0,5,0
2,6,8,13,0,0,5,0
2,6,9,14,0,0,5,0
2,6,10,15,0,0,5,0
2,6,11,16,0,0,5,0
2,6,12,17,0,0,5,0
2,6,13,18,0,0,5,0
2,6,14,19,0,0,5,0
2,6,15,20,0,0,5,0
2,6,16,21,0,0,5,0
2,6,17,22,0,0,5,0
2,6,18,23,0,0,5,0
2,6,19,24,0,0,5,0
2,6,20,25,0,0,5,0
2,6,21,26,0,0,5,0
2,6,22,27,0,0,5,0
2,6,23,28,0,0,5,0
2,6,24,29,0,0,5,0
2,6,25,30,0,0,5,0
2,6,26,31,0,0,5,0
2,6,27,32,0,0,5,0
2,6,28,33,0,0,5,0
2,6,29,34,0,0,5,0
2,6,30,35,0,0,5,0
2,6,31,36,0,0,5,0
2,6,32,37,0,0,5,0
2,6,33,38,0,0,5,0
2,6,34,39,0,0,5,0
2,6,35,40,0,0,5,0
2,6,36,41,0,0,5,0
2,6,37,42,0,0,5,0
2,6,38,43,0,0,5,0
2,6,39,44,0,0,5,0
2,6,40,45,0,0,5,0
2,6,41,46,0,0,5,0
2,6,42,47,0,0,5,0
2,6,43,48,0,0,5,0
2,6,44,49,0,0,5,0
2,6,45,50,0,0,5,0
7,2,0,3,0,0,3,0
7,2,1,4,0,0,3,0
7,2,2,5,0,0,3,0
7,2,3,6,0,0,3,0
7,2,4,7,0,0,3,0
7,2,5,8,0,0,3,0
7,2,6,9,0,0,3,0
7,2,7,10,0,0,3,0
7,2,8,11,0,0,3,0
7,2,9,12,0,0,3,0
7,2,10,13,0,0,3,0
7,2,11,14,0,0,3,0
7,2,12,15,0,0,3,0
7,2,13,16,0,0,3,0
7,2,14,17,0,0,3,0
7,2,15,18,0,0,3,0
7,2,16,19,0,0,3,0
7,2,17,20,0,0,3,0
7,2,18,21,0,0,3,0
7,2,19,22,0,0,3,0
7,2,20,23,0,0,3,0
7,2,21,24,0,0,3,0
7,2,22,25,0,0,3,0
7,2,23,26,0,0,3,0
7,2,24,27,0,0,3,0
7,2,25,28,0,0,3,0
7,2,26,29,0,0,3,0
7,2,27,30,0,0,3,0
7,2,28,31,0,0,3,0
7,2,29,32,0,0,3,0
7,2,30,33,0,0,3,0
7,2,31,34,0,0,3,0
7,2,32,35,0,0,3,0
7,2,33,36,0,0,3,0
7,2,34,37,0,0,3,0
7,2,35,38,0,0,3,0
7,2,36,39,0,0,3,0
7,2,37,40,0,0,3,0
7,2,38,41,0,0,3,0
7,2,39,42,0,0,3,0
7,2,40,43,0,0,3,0
7,2,41,44,0,0,3,0
7,2,42,45,0,0,3,0
7,2,43,46,0,0,3,0
7,2,44,47,0,0,3,0
7,2,45,48,0,0,3,0
7,2,46,49,0,0,3,0
7,2,47,50,0,0,3,0
2,15,0,6,0,0,6,0
2,15,1,7,0,0,6,0
2,15,2,8,0,0,6,0
2,15,3,9,0,0,6,0
2,15,4,10,0,0,6,0
2,15,5,11,0,0,6,0
2,15,6,12,0,0,6,0
2,15,7,13,0,0,6,0
2,15,8,14,0,0,6,0
2,15,9,15,0,0,6,0
2,15,10,16,0,0,6,0
2,15,11,17,0,0,6,0
2,15,12,18,0,0,6,0
2,15,13,19,0,0,6,0
2,15,14,20,0,0,6,0
2,15,15,21,0,0,6,0
2,15,16,22,0,0,6,0
2,15,17,23,0,0,6,0
2,15,18,24,0,0,6,0
2,15,19,25,0,0,6,0
2,15,20,26,0,0,6,0
2,15,21,27,0,0,6,0
2,15,22,28,0,0,6,0
2,15,23,29,0,0,6,0
2,15,24,30,0,0,6,0
2,15,25,31,0,0,6,0
2,15,26,32,0,0,6,0
2,15,27,33,0,0,6,0
2,15,28,34,0,0,6,0
2,15,29,35,0,0,6,0
2,15,30,36,0,0,6,0
2,15,31,37,0,0,6,0
2,15,32,38,0,0,6,0
2,15,33,39,0,0,6,0
2,15,34,40,0,0,6,0
2,15,35,41,0,0,6,0
2,15,36,42,0,0,6,0
2,15,37,43,0,0,6,0
2,15,38,44,0,0,6,0
2,15,39,45,0,0,6,0
2,15,40,46,0,0,6,0
2,15,41,47,0,0,6,0
2,15,42,48,0,0,6,0
2,15,43,49,0,0,6,0
2,15,44,50,0,0,6,0
7,11,0,4,0,0,4,0
7,11,1,5,0,0,4,0
7,11,2,6,0,0,4,0
7,11,3,7,0,0,4,0
7,11,4,8,0,0,4,0
7,11,5,9,0,0,4,0
7,11,6,10,0,0,4,0
7,11,7,11,0,0,4,0
7,11,8,12,0,0,4,0
7,11,9,13,0,0,4,0
7,11,10,14,0,0,4,0
7,11,11,15,0,0,4,0
7,11,12,16,0,0,4,0
7,11,13,17,0,0,4,0
7,11,14,18,0,0,4,0
7,11,15,19,0,0,4,0
7,11,16,20,0,0,4,0
7,11,17,21,0,0,4,0
7,11,18,22,0,0,4,0
7,11,19,23,0,0,4,0
7,11,20,24,0,0,4,0
7,11,21,25,0,0,4,0
7,11,22,26,0,0,4,0
7,11,23,27,0,0,4,0
7,11,24,28,0,0,4,0
7,11,25,29,0,0,4,0
7,11,26,30,0,0,4,0
7,11,27,31,0,0,4,0
7,11,28,32,0,0,4,0
7,11,29,33,0,0,4,0
7,11,30,34,0,0,4,0
7,11,31,35,0,0,4,0
7,11,32,36,0,0,4,0
7,11,33,37,0,0,4,0
7,11,34,38,0,0,4,0
7,11,35,39,0,0,4,0
7,11,36,40,0,0,4,0
7,11,37,41,0,0,4,0
7,11,38,42,0,0,4,0
7,11,39,43,0,0,4,0
7,11,40,44,0,0,4,0
7,11,41,45,0,0,4,0
7,11,42,46,0,0,4,0
7,11,43,47,0,0,4,0
7,11,44,48,0,0,4,0
7,11,45,49,0,0,4,0
7,11,46,50,0,0,4,0
12,1,0,2,0,0,2,0
12,1,1,3,0,0,2,0
12,1,2,4,0,0,2,0
12,1,3,5,0,0,2,0
12,1,4,6,0,0,2,0
12,1,5,7,0,0,2,0
12,1,6,8,0,0,2,0
12,1,7,9,0,0,2,0
12,1,8,10,0,0,2,0
12,1,9,11,0,0,2,0
12,1,10,12,0,0,2,0
12,1,11,13,0,0,2,0
12,1,12,14,0,0,2,0
12,1,13,15,0,0,2,0
12,1,14,16,0,0,2,0
12,1,15,17,0,0,2,0
12,1,16,18,0,0,2,0
12,1,17,19,0,0,2,0
12,1,18,20,0,0,2,0
12,1,19,21,0,0,2,0
12,1,20,22,0,0,2,0
12,1,21,23,0,0,2,0
12,1,22,24,0,0,2,0
12,1,23,25,0,0,2,0
12,1,24,26,0,0,2,0
12,1,25,27,0,0,2,0
12,1,26,28,0,0,2,0
12,1,27,29,0,0,2,0
12,1,28,30,0,0,2,0
12,1,29,31,0,0,2,0
12,1,30,32,0,0,2,0
12,1,31,33,0,0,2,0
12,1,32,34,0,0,2,0
12,1,33,35,0,0,2,0
12,1,34,36,0,0,2,0
12,1,35,37,0,0,2,0
12,1,36,38,0,0,2,0
12,1,37,39,0,0,2,0
12,1,38,40,0,0,2,0
12,1,39,41,0,0,2,0
12,1,40,42,0,0,2,0
12,1,41,43,0,0,2,0
12,1,42,44,0,0,2,0
12,1,43,45,0,0,2,0
12,1,44,46,0,0,2,0
12,1,45,47,0,0,2,0
12,1,46,48,0,0,2,0
12,1,47,49,0,0,2,0
12,1,48,50,0,0,2,0
6,15,0,2,0,0,2,0
6,15,1,3,0,0,2,0
6,15,2,4,0,0,2,0
6,15,3,5,0,0,2,0
6,15,4,6,0,0,2,0
6,15,5,7,0,0,2,0
6,15,6,8,0,0,2,0
6,15,7,9,0,0,2,0
6,15,8,10,0,0,2,0
6,15,9,11,0,0,2,0
6,15,10,12,0,0,2,0
6,15,11,13,0,0,2,0
6,15,12,14,0,0,2,0
6,15,13,15,0,0,2,0
6,15,14,16,0,0,2,0
6,15,15,17,0,0,2,0
6,15,16,18,0,0,2,0
6,15,17,19,0,0,2,0
6,15,18,20,0,0,2,0
6,15,19,21,0,0,2,0
6,15,20,22,0,0,2,0
6,15,21,23,0,0,2,0
6,15,22,24,0,0,2,0
6,15,23,25,0,0,2,0
6,15,24,26,0,0,2,0
6,15,25,27,0,0,2,0
6,15,26,28,0,0,2,0
6,15,27,29,0,0,2,0
6,15,28,30,0,0,2,0
6,15,29,31,0,0,2,0
6,15,30,32,0,0,2,0
6,15,31,33,0,0,2,0
6,15,32,34,0,0,2,0
6,15,33,35,0,0,2,0
6,15,34,36,0,0,2,0
6,15,35,37,0,0,2,0
6,15,36,38,0,0,2,0
6,15,37,39,0,0,2,0
6,15,38,40,0,0,2,0
6,15,39,41,0,0,2,0
6,15,40,42,0,0,2,0
6,15,41,43,0,0,2,0
6,15,42,44,0,0,2,0
6,15,43,45,0,0,2,0
6,15,44,46,0,0,2,0
6,15,45,47,0,0,2,0
6,15,46,48,0,0,2,0
6,15,47,49,0,0,2,0
6,15,48,50,0,0,2,0
12,10,0,3,0,0,3,0
12,10,1,4,0,0,3,0
12,10,2,5,0,0,3,0
12,10,3,6,0,0,3,0
12,10,4,7,0,0,3,0
12,10,5,8,0,0,3,0
12,10,6,9,0,0,3,0
12,10,7,10,0,0,3,0
12,10,8,11,0,0,3,0
12,10,9,12,0,0,3,0
12,10,10,13,0,0,3,0
12,10,11,14,0,0,3,0
12,10,12,15,0,0,3,0
12,10,13,16,0,0,3,0
12,10,14,17,0,0,3,0
12,10,15,18,0,0,3,0
12,10,16,19,0,0,3,0
12,10,17,20,0,0,3,0
12,10,18,21,0,0,3,0
12,10,19,22,0,0,3,0
12,10,20,23,0,0,3,0
12,10,21,24,0,0,3,0
12,10,22,25,0,0,3,0
12,10,23,26,0,0,3,0
12,10,24,27,0,0,3,0
12,10,25,28,0,0,3,0
12,10,26,29,0,0,3,0
12,10,27,30,0,0,3,0
12,10,28,31,0,0,3,0
12,10,29,32,0,0,3,0
12,10,30,33,0,0,3,0
12,10,31,34,0,0,3,0
12,10,32,35,0,0,3,0
12,10,33,36,0,0,3,0
12,10,34,37,0,0,3,0
12,10,35,38,0,0,3,0
12,10,36,39,0,0,3,0
12,10,37,40,0,0,3,0
12,10,38,41,0,0,3,0
12,10,39,42,0,0,3,0
12,10,40,43,0,0,3,0
12,10,41,44,0,0,3,0
12,10,42,45,0,0,3,0
12,10,43,46,0,0,3,0
12,10,44,47,0,0,3,0
12,10,45,48,0,0,3,0
12,10,46,49,0,0,3,0
12,10,47,50,0,0,3,0
3,7,0,5,0,0,5,0
3,7,1,6,0,0,5,0
3,7,2,7,0,0,5,0
3,7,3,8,0,0,5,0
3,7,4,9,0,0,5,0
3,7,5,10,0,0,5,0
3,7,6,11,0,0,5,0
3,7,7,12,0,0,5,0
3,7,8,13,0,0,5,0
3,7,9,14,0,0,5,0
3,7,10,15,0,0,5,0
3,7,11,16,0,0,5,0
3,7,12,17,0,0,5,0
3,7,13,18,0,0,5,0
3,7,14,19,0,0,5,0
3,7,15,20,0,0,5,0
3,7,16,21,0,0,5,0
3,7,17,22,0,0,5,0
3,7,18,23,0,0,5,0
3,7,19,24,0,0,5,0
3,7,20,25,0,0,5,0
3,7,21,26,0,0,5,0
3,7,22,27,0,0,5,0
3,7,23,28,0,0,5,0
3,7,24,29,0,0,5,0
3,7,25,30,0,0,5,0
3,7,26,31,0,0,5,0
3,7,27,32,0,0,5,0
3,7,28,33,0,0,5,0
3,7,29,34,0,0,5,0
3,7,30,35,0,0,5,0
3,7,31,36,0,0,5,0
3,7,32,37,0,0,5,0
3,7,33,38,0,0,5,0
3,7,34,39,0,0,5,0
3,7,35,40,0,0,5,0
3,7,36,41,0,0,5,0
3,7,37,42,0,0,5,0
3,7,38,43,0,0,5,0
3,7,39,44,0,0,5,0
3,7,40,45,0,0,5,0
3,7,41,46,0,0,5,0
3,7,42,47,0,0,5,0
3,7,43,48,0,0,5,0
3,7,44,49,0,0,5,0
3,7,45,50,0,0,5,0
5,4,0,3,0,0,3,0
5,4,1,4,0,0,3,0
5,4,2,5,0,0,3,0
5,4,3,6,0,0,3,0
5,4,4,7,0,0,3,0
5,4,5,8,0,0,3,0
5,4,6,9,0,0,3,0
5,4,7,10,0,0,3,0
5,4,8,11,0,0,3,0
5,4,9,12,0,0,3,0
5,4,10,13,0,0,3,0
5,4,11,14,0,0,3,0
5,4,12,15,0,0,3,0
5,4,13,16,0,0,3,0
5,4,14,17,0,0,3,0
5,4,15,18,0,0,3,0
5,4,16,19,0,0,3,0
5,4,17,20,0,0,3,0
5,4,18,21,0,0,3,0
5,4,19,22,0,0,3,0
5,4,20,23,0,0,3,0
5,4,21,24,0,0,3,0
5,4,22,25,0,0,3,0
5,4,23,26,0,0,3,0
5,4,24,27,0,0,3,0
5,4,25,28,0,0,3,0
5,4,26,29,0,0,3,0
5,4,27,30,0,0,3,0
5,4,28,31,0,0,3,0
5,4,29,32,0,0,3,0
5,4,30,33,0,0,3,0
5,4,31,34,0,0,3,0
5,4,32,35,0,0,3,0
5,4,33,36,0,0,3,0
5,4,34,37,0,0,3,0
5,4,35,38,0,0,3,0
5,4,36,39,0,0,3,0
5,4,37,40,0,0,3,0
5,4,38,41,0,0,3,0
5,4,39,42,0,0,3,0
5,4,40,43,0,0,3,0
5,4,41,44,0,0,3,0
5,4,42,45,0,0,3,0
5,4,43,46,0,0,3,0
5,4,44,47,0,0,3,0
5,4,45,48,0,0,3,0
5,4,46,49,0,0,3,0
5,4,47,50,0,0,3,0
4,6,0,3,0,0,3,0
4,6,1,4,0,0,3,0
4,6,2,5,0,0,3,0
4,6,3,6,0,0,3,0
4,6,4,7,0,0,3,0
4,6,5,8,0,0,3,0
4,6,6,9,0,0,3,0
4,6,7,10,0,0,3,0
4,6,8,11,0,0,3,0
4,6,9,12,0,0,3,0
4,6,10,13,0,0,3,0
4,6,11,14,0,0,3,0
4,6,12,15,0,0,3,0
4,6,13,16,0,0,3,0
4,6,14,17,0,0,3,0
4,6,15,18,0,0,3,0
4,6,16,19,0,0,3,0
4,6,17,20,0,0,3,0
4,6,18,21,0,0,3,0
4,6,19,22,0,0,3,0
4,6,20,23,0,0,3,0
4,6,21,24,0,0,3,0
4,6,22,25,0,0,3,0
4,6,23,26,0,0,3,0
4,6,24,27,0,0,3,0
4,6,25,28,0,0,3,0
4,6,26,29,0,0,3,0
4,6,27,30,0,0,3,0
4,6,28,31,0,0,3,0
4,6,29,32,0,0,3,0
4,6,30,33,0,0,3,0
4,6,31,34,0,0,3,0
4,6,32,35,0,0,3,0
4,6,33,36,0,0,3,0
4,6,34,37,0,0,3,0
4,6,35,38,0,0,3,0
4,6,36,39,0,0,3,0
4,6,37,40,0,0,3,0
4,6,38,41,0,0,3,0
4,6,39,42,0,0,3,0
4,6,40,43,0,0,3,0
4,6,41,44,0,0,3,0
4,6,42,45,0,0,3,0
4,6,43,46,0,0,3,0
4,6,44,47,0,0,3,0
4,6,45,48,0,0,3,0
4,6,46,49,0,0,3,0
4,6,47,50,0,0,3,0
14,7,0,3,0,0,3,0
14,7,1,4,0,0,3,0
14,7,2,5,0,0,3,0
14,7,3,6,0,0,3,0
14,7,4,7,0,0,3,0
14,7,5,8,0,0,3,0
14,7,6,9,0,0,3,0
14,7,7,10,0,0,3,0
14,7,8,11,0,0,3,0
14,7,9,12,0,0,3,0
14,7,10,13,0,0,3,0
14,7,11,14,0,0,3,0
14,7,12,15,0,0,3,0
14,7,13,16,0,0,3,0
14,7,14,17,0,0,3,0
14,7,15,18,0,0,3,0
14,7,16,19,0,0,3,0
14,7,17,20,0,0,3,0
14,7,18,21,0,0,3,0
14,7,19,22,0,0,3,0
14,7,20,23,0,0,3,0
14,7,21,24,0,0,3,0
14,7,22,25,0,0,3,0
14,7,23,26,0,0,3,0
14,7,24,27,0,0,3,0
14,7,25,28,0,0,3,0
14,7,26,29,0,0,3,0
14,7,27,30,0,0,3,0
14,7,28,31,0,0,3,0
14,7,29,32,0,0,3,0
14,7,30,33,0,0,3,0
14,7,31,34,0,0,3,0
14,7,32,35,0,0,3,0
14,7,33,36,0,0,3,0
14,7,34,37,0,0,3,0
14,7,35,38,0,0,3,0
14,7,36,39,0,0,3,0
14,7,37,40,0,0,3,0
14,7,38,41,0,0,3,0
14,7,39,42,0,0,3,0
14,7,40,43,0,0,3,0
14,7,41,44,0,0,3,0
14,7,42,45,0,0,3,0
14,7,43,46,0,0,3,0
14,7,44,47,0,0,3,0
14,7,45,48,0,0,3,0
14,7,46,49,0,0,3,0
14,7,47,50,0,0,3,0
9,2,0,2,0,0,2,0
9,2,1,3,0,0,2,0
9,2,2,4,0,0,2,0
9,2,3,5,0,0,2,0
9,2,4,6,0,0,2,0
9,2,5,7,0,0,2,0
9,2,6,8,0,0,2,0
9,2,7,9,0,0,2,0
9,2,8,10,0,0,2,0
9,2,9,11,0,0,2,0
9,2,10,12,0,0,2,0
9,2,11,13,0,0,2,0
9,2,12,14,0,0,2,0
9,2,13,15,0,0,2,0
9,2,14,16,0,0,2,0
9,2,15,17,0,0,2,0
9,2,16,18,0,0,2,0
9,2,17,19,0,0,2,0
9,2,18,20,0,0,2,0
9,2,19,21,0,0,2,0
9,2,20,22,0,0,2,0
9,2,21,23,0,0,2,0
9,2,22,24,0,0,2,0
9,2,23,25,0,0,2,0
9,2,24,26,0,0,2,0
9,2,25,27,0,0,2,0
9,2,26,28,0,0,2,0
9,2,27,29,0,0,2,0
9,2,28,30,0,0,2,0
9,2,29,31,0,0,2,0
9,2,30,32,0,0,2,0
9,2,31,33,0,0,2,0
9,2,32,34,0,0,2,0
9,2,33,35,0,0,2,0
9,2,34,36,0,0,2,0
9,2,35,37,0,0,2,0
9,2,36,38,0,0,2,0
9,2,37,39,0,0,2,0
9,2,38,40,0,0,2,0
9,2,39,41,0,0,2,0
9,2,40,42,0,0,2,0
9,2,41,43,0,0,2,0
9,2,42,44,0,0,2,0
9,2,43,45,0,0,2,0
9,2,44,46,0,0,2,0
9,2,45,47,0,0,2,0
9,2,46,48,0,0,2,0
9,2,47,49,0,0,2,0
9,2,48,50,0,0,2,0
5,13,0,2,0,0,2,0
5,13,1,3,0,0,2,0
5,13,2,4,0,0,2,0
5,13,3,5,0,0,2,0
5,13,4,6,0,0,2,0
5,13,5,7,0,0,2,0
5,13,6,8,0,0,2,0
5,13,7,9,0,0,2,0
5,13,8,10,0,0,2,0
5,13,9,11,0,0,2,0
5,13,10,12,0,0,2,0
5,13,11,13,0,0,2,0
5,13,12,14,0,0,2,0
5,13,13,15,0,0,2,0
5,13,14,16,0,0,2,0
5,13,15,17,0,0,2,0
5,13,16,18,0,0,2,0
5,13,17,19,0,0,2,0
5,13,18,20,0,0,2,0
5,13,19,21,0,0,2,0
5,13,20,22,0,0,2,0
5,13,21,23,0,0,2,0
5,13,22,24,0,0,2,0
5,13,23,25,0,0,2,0
5,13,24,26,0,0,2,0
5,13,25,27,0,0,2,0
5,13,26,28,0,0,2,0
5,13,27,29,0,0,2,0
5,13,28,30,0,0,2,0
5,13,29,31,0,0,2,0
5,13,30,32,0,0,2,0
5,13,31,33,0,0,2,0
5,13,32,34,0,0,2,0
5,13,33,35,0,0,2,0
5,13,34,36,0,0,2,0
5,13,35,37,0,0,2,0
5,13,36,38,0,0,2,0
5,13,37,39,0,0,2,0
5,13,38,40,0,0,2,0
5,13,39,41,0,0,2,0
5,13,40,42,0,0,2,0
5,13,41,43,0,0,2,0
5,13,42,44,0,0,2,0
5,13,43,45,0,0,2,0
5,13,44,46,0,0,2,0
5,13,45,47,0,0,2,0
5,13,46,48,0,0,2,0
5,13,47,49,0,0,2,0
5,13,48,50,0,0,2,0
4,15,0,5,0,0,5,0
4,15,1,6,0,0,5,0
4,15,2,7,0,0,5,0
4,15,3,8,0,0,5,0
4,15,4,9,0,0,5,0
4,15,5,10,0,0,5,0
4,15,6,11,0,0,5,0
4,15,7,12,0,0,5,0
4,15,8,13,0,0,5,0
4,15,9,14,0,0,5,0
4,15,10,15,0,0,5,0
4,15,11,16,0,0,5,0
4,15,12,17,0,0,5,0
4,15,13,18,0,0,5,0
4,15,14,19,0,0,5,0
4,15,15,20,0,0,5,0
4,15,16,21,0,0,5,0
4,15,17,22,0,0,5,0
4,15,18,23,0,0,5,0
4,15,19,24,0,0,5,0
4,15,20,25,0,0,5,0
4,15,21,26,0,0,5,0
4,15,22,27,0,0,5,0
4,15,23,28,0,0,5,0
4,15,24,29,0,0,5,0
4,15,25,30,0,0,5,0
4,15,26,31,0,0,5,0
4,15,27,32,0,0,5,0
4,15,28,33,0,0,5,0
4,15,29,34,0,0,5,0
4,15,30,35,0,0,5,0
4,15,31,36,0,0,5,0
4,15,32,37,0,0,5,0
4,15,33,38,0,0,5,0
4,15,34,39,0,0,5,0
4,15,35,40,0,0,5,0
4,15,36,41,0,0,5,0
4,15,37,42,0,0,5,0
4,15,38,43,0,0,5,0
4,15,39,44,0,0,5,0
4,15,40,45,0,0,5,0
4,15,41,46,0,0,5,0
4,15,42,47,0,0,5,0
4,15,43,48,0,0,5,0
4,15,44,49,0,0,5,0
4,15,45,50,0,0,5,0
8,6,0,3,0,0,3,0
8,6,1,4,0,0,3,0
8,6,2,5,0,0,3,0
8,6,3,6,0,0,3,0
8,6,4,7,0,0,3,0
8,6,5,8,0,0,3,0
8,6,6,9,0,0,3,0
8,6,7,10,0,0,3,0
8,6,8,11,0,0,3,0
8,6,9,12,0,0,3,0
8,6,10,13,0,0,3,0
8,6,11,14,0,0,3,0
8,6,12,15,0,0,3,0
8,6,13,16,0,0,3,0
8,6,14,17,0,0,3,0
8,6,15,18,0,0,3,0
8,6,16,19,0,0,3,0
8,6,17,20,0,0,3,0
8,6,18,21,0,0,3,0
8,6,19,22,0,0,3,0
8,6,20,23,0,0,3,0
8,6,21,24,0,0,3,0
8,6,22,25,0,0,3,0
8,6,23,26,0,0,3,0
8,6,24,27,0,0,3,0
8,6,25,28,0,0,3,0
8,6,26,29,0,0,3,0
8,6,27,30,0,0,3,0
8,6,28,31,0,0,3,0
8,6,29,32,0,0,3,0
8,6,30,33,0,0,3,0
8,6,31,34,0,0,3,0
8,6,32,35,0,0,3,0
8,6,33,36,0,0,3,0
8,6,34,37,0,0,3,0
8,6,35,38,0,0,3,0
8,6,36,39,0,0,3,0
8,6,37,40,0,0,3,0
8,6,38,41,0,0,3,0
8,6,39,42,0,0,3,0
8,6,40,43,0,0,3,0
8,6,41,44,0,0,3,0
8,6,42,45,0,0,3,0
8,6,43,46,0,0,3,0
8,6,44,47,0,0,3,0
8,6,45,48,0,0,3,0
8,6,46,49,0,0,3,0
8,6,47,50,0,0,3,0
10,3,0,4,0,0,4,0
10,3,1,5,0,0,4,0
10,3,2,6,0,0,4,0
10,3,3,7,0,0,4,0
10,3,4,8,0,0,4,0
10,3,5,9,0,0,4,0
10,3,6,10,0,0,4,0
10,3,7,11,0,0,4,0
10,3,8,12,0,0,4,0
10,3,9,13,0,0,4,0
10,3,10,14,0,0,4,0
10,3,11,15,0,0,4,0
10,3,12,16,0,0,4,0
10,3,13,17,0,0,4,0
10,3,14,18,0,0,4,0
10,3,15,19,0,0,4,0
10,3,16,20,0,0,4,0
10,3,17,21,0,0,4,0
10,3,18,22,0,0,4,0
10,3,19,23,0,0,4,0
10,3,20,24,0,0,4,0
10,3,21,25,0,0,4,0
10,3,22,26,0,0,4,0
10,3,23,27,0,0,4,0
10,3,24,28,0,0,4,0
10,3,25,29,0,0,4,0
10,3,26,30,0,0,4,0
10,3,27,31,0,0,4,0
10,3,28,32,0,0,4,0
10,3,29,33,0,0,4,0
10,3,30,34,0,0,4,0
10,3,31,35,0,0,4,0
10,3,32,36,0,0,4,0
10,3,33,37,0,0,4,0
10,3,34,38,0,0,4,0
10,3,35,39,0,0,4,0
10,3,36,40,0,0,4,0
10,3,37,41,0,0,4,0
10,3,38,42,0,0,4,0
10,3,39,43,0,0,4,0
10,3,40,44,0,0,4,0
10,3,41,45,0,0,4,0
10,3,42,46,0,0,4,0
10,3,43,47,0,0,4,0
10,3,44,48,0,0,4,0
10,3,45,49,0,0,4,0
10,3,46,50,0,0,4,0
1,0,0,2,0,0,2,0
1,0,1,3,0,0,2,0
1,0,2,4,0,0,2,0
1,0,3,5,0,0,2,0
1,0,4,6,0,0,2,0
1,0,5,7,0,0,2,0
1,0,6,8,0,0,2,0
1,0,7,9,0,0,2,0
1,0,8,10,0,0,2,0
1,0,9,11,0,0,2,0
1,0,10,12,0,0,2,0
1,0,11,13,0,0,2,0
1,0,12,14,0,0,2,0
1,0,13,15,0,0,2,0
1,0,14,16,0,0,2,0
1,0,15,17,0,0,2,0
1,0,16,18,0,0,2,0
1,0,17,19,0,0,2,0
1,0,18,20,0,0,2,0
1,0,19,21,0,0,2,0
1,0,20,22,0,0,2,0
1,0,21,23,0,0,2,0
1,0,22,24,0,0,2,0
1,0,23,25,0,0,2,0
1,0,24,26,0,0,2,0
1,0,25,27,0,0,2,0
1,0,26,28,0,0,2,0
1,0,27,29,0,0,2,0
1,0,28,30,0,0,2,0
1,0,29,31,0,0,2,0
1,0,30,32,0,0,2,0
1,0,31,33,0,0,2,0
1,0,32,34,0,0,2,0
1,0,33,35,0,0,2,0
1,0,34,36,0,0,2,0
1,0,35,37,0,0,2,0
1,0,36,38,0,0,2,0
1,0,37,39,0,0,2,0
1,0,38,40,0,0,2,0
1,0,39,41,0,0,2,0
1,0,40,42,0,0,2,0
1,0,41,43,0,0,2,0
1,0,42,44,0,0,2,0
1,0,43,45,0,0,2,0
1,0,44,46,0,0,2,0
1,0,45,47,0,0,2,0
1,0,46,48,0,0,2,0
1,0,47,49,0,0,2,0
1,0,48,50,0,0,2,0
13,2,0,4,0,0,4,0
13,2,1,5,0,0,4,0
13,2,2,6,0,0,4,0
13,2,3,7,0,0,4,0
13,2,4,8,0,0,4,0
13,2,5,9,0,0,4,0
13,2,6,10,0,0,4,0
13,2,7,11,0,0,4,0
13,2,8,12,0,0,4,0
13,2,9,13,0,0,4,0
13,2,10,14,0,0,4,0
13,2,11,15,0,0,4,0
13,2,12,16,0,0,4,0
13,2,13,17,0,0,4,0
13,2,14,18,0,0,4,0
13,2,15,19,0,0,4,0
13,2,16,20,0,0,4,0
13,2,17,21,0,0,4,0
13,2,18,22,0,0,4,0
13,2,19,23,0,0,4,0
13,2,20,24,0,0,4,0
13,2,21,25,0,0,4,0
13,2,22,26,0,0,4,0
13,2,23,27,0,0,4,0
13,2,24,28,0,0,4,0
13,2,25,29,0,0,4,0
13,2,26,30,0,0,4,0
13,2,27,31,0,0,4,0
13,2,28,32,0,0,4,0
13,2,29,33,0,0,4,0
13,2,30,34,0,0,4,0
13,2,31,35,0,0,4,0
13,2,32,36,0,0,4,0
13,2,33,37,0,0,4,0
13,2,34,38,0,0,4,0
13,2,35,39,0,0,4,0
13,2,36,40,0,0,4,0
13,2,37,41,0,0,4,0
13,2,38,42,0,0,4,0
13,2,39,43,0,0,4,0
13,2,40,44,0,0,4,0
13,2,41,45,0,0,4,0
13,2,42,46,0,0,4,0
13,2,43,47,0,0,4,0
13,2,44,48,0,0,4,0
13,2,45,49,0,0,4,0
13,2,46,50,0,0,4,0
8,15,0,5,0,0,5,0
8,15,1,6,0,0,5,0
8,15,2,7,0,0,5,0
8,15,3,8,0,0,5,0
8,15,4,9,0,0,5,0
8,15,5,10,0,0,5,0
8,15,6,11,0,0,5,0
8,15,7,12,0,0,5,0
8,15,8,13,0,0,5,0
8,15,9,14,0,0,5,0
8,15,10,15,0,0,5,0
8,15,11,16,0,0,5,0
8,15,12,17,0,0,5,0
8,15,13,18,0,0,5,0
8,15,14,19,0,0,5,0
8,15,15,20,0,0,5,0
8,15,16,21,0,0,5,0
8,15,17,22,0,0,5,0
8,15,18,23,0,0,5,0
8,15,19,24,0,0,5,0
8,15,20,25,0,0,5,0
8,15,21,26,0,0,5,0
8,15,22,27,0,0,5,0
8,15,23,28,0,0,5,0
8,15,24,29,0,0,5,0
8,15,25,30,0,0,5,0
8,15,26,31,0,0,5,0
8,15,27,32,0,0,5,0
8,15,28,33,0,0,5,0
8,15,29,34,0,0,5,0
8,15,30,35,0,0,5,0
8,15,31,36,0,0,5,0
8,15,32,37,0,0,5,0
8,15,33,38,0,0,5,0
8,15,34,39,0,0,5,0
8,15,35,40,0,0,5,0
8,15,36,41,0,0,5,0
8,15,37,42,0,0,5,0
8,15,38,43,0,0,5,0
8,15,39,44,0,0,5,0
8,15,40,45,0,0,5,0
8,15,41,46,0,0,5,0
8,15,42,47,0,0,5,0
8,15,43,48,0,0,5,0
8,15,44,49,0,0,5,0
8,15,45,50,0,0,5,0
10,12,0,3,0,0,3,0
10,12,1,4,0,0,3,0
10,12,2,5,0,0,3,0
10,12,3,6,0,0,3,0
10,12,4,7,0,0,3,0
10,12,5,8,0,0,3,0
10,12,6,9,0,0,3,0
10,12,7,10,0,0,3,0
10,12,8,11,0,0,3,0
10,12,9,12,0,0,3,0
10,12,10,13,0,0,3,0
10,12,11,14,0,0,3,0
10,12,12,15,0,0,3,0
10,12,13,16,0,0,3,0
10,12,14,17,0,0,3,0
10,12,15,18,0,0,3,0
10,12,16,19,0,0,3,0
10,12,17,20,0,0,3,0
10,12,18,21,0,0,3,0
10,12,19,22,0,0,3,0
10,12,20,23,0,0,3,0
10,12,21,24,0,0,3,0
10,12,22,25,0,0,3,0
10,12,23,26,0,0,3,0
10,12,24,27,0,0,3,0
10,12,25,28,0,0,3,0
10,12,26,29,0,0,3,0
10,12,27,30,0,0,3,0
10,12,28,31,0,0,3,0
10,12,29,32,0,0,3,0
10,12,30,33,0,0,3,0
10,12,31,34,0,0,3,0
10,12,32,35,0,0,3,0
10,12,33,36,0,0,3,0
10,12,34,37,0,0,3,0
10,12,35,38,0,0,3,0
10,12,36,39,0,0,3,0
10,12,37,40,0,0,3,0
10,12,38,41,0,0,3,0
10,12,39,42,0,0,3,0
10,12,40,43,0,0,3,0
10,12,41,44,0,0,3,0
10,12,42,45,0,0,3,0
10,12,43,46,0,0,3,0
10,12,44,47,0,0,3,0
10,12,45,48,0,0,3,0
10,12,46,49,0,0,3,0
10,12,47,50,0,0,3,0
1,9,0,6,0,0,6,0
1,9,1,7,0,0,6,0
1,9,2,8,0,0,6,0
1,9,3,9,0,0,6,0
1,9,4,10,0,0,6,0
1,9,5,11,0,0,6,0
1,9,6,12,0,0,6,0
1,9,7,13,0,0,6,0
1,9,8,14,0,0,6,0
1,9,9,15,0,0,6,0
1,9,10,16,0,0,6,0
1,9,11,17,0,0,6,0
1,9,12,18,0,0,6,0
1,9,13,19,0,0,6,0
1,9,14,20,0,0,6,0
1,9,15,21,0,0,6,0
1,9,16,22,0,0,6,0
1,9,17,23,0,0,6,0
1,9,18,24,0,0,6,0
1,9,19,25,0,0,6,0
1,9,20,26,0,0,6,0
1,9,21,27,0,0,6,0
1,9,22,28,0,0,6,0
1,9,23,29,0,0,6,0
1,9,24,30,0,0,6,0
1,9,25,31,0,0,6,0
1,9,26,32,0,0,6,0
1,9,27,33,0,0,6,0
1,9,28,34,0,0,6,0
1,9,29,35,0,0,6,0
1,9,30,36,0,0,6,0
1,9,31,37,0,0,6,0
1,9,32,38,0,0,6,0
1,9,33,39,0,0,6,0
1,9,34,40,0,0,6,0
1,9,35,41,0,0,6,0
1,9,36,42,0,0,6,0
1,9,37,43,0,0,6,0
1,9,38,44,0,0,6,0
1,9,39,45,0,0,6,0
1,9,40,46,0,0,6,0
1,9,41,47,0,0,6,0
1,9,42,48,0,0,6,0
1,9,43,49,0,0,6,0
1,9,44,50,0,0,6,0
0,11,0,7,0,0,7,0
0,11,1,8,0,0,7,0
0,11,2,9,0,0,7,0
0,11,3,10,0,0,7,0
0,11,4,11,0,0,7,0
0,11,5,12,0,0,7,0
0,11,6,13,0,0,7,0
0,11,7,14,0,0,7,0
0,11,8,15,0,0,7,0
0,11,9,16,0,0,7,0
0,11,10,17,0,0,7,0
0,11,11,18,0,0,7,0
0,11,12,19,0,0,7,0
0,11,13,20,0,0,7,0
0,11,14,21,0,0,7,0
0,11,15,22,0,0,7,0
0,11,16,23,0,0,7,0
0,11,17,24,0,0,7,0
0,11,18,25,0,0,7,0
0,11,19,26,0,0,7,0
0,11,20,27,0,0,7,0
0,11,21,28,0,0,7,0
0,11,22,29,0,0,7,0
0,11,23,30,0,0,7,0
0,11,24,31,0,0,7,0
0,11,25,32,0,0,7,0
0,11,26,33,0,0,7,0
0,11,27,34,0,0,7,0
0,11,28,35,0,0,7,0
0,11,29,36,0,0,7,0
0,11,30,37,0,0,7,0
0,11,31,38,0,0,7,0
0,11,32,39,0,0,7,0
0,11,33,40,0,0,7,0
0,11,34,41,0,0,7,0
0,11,35,42,0,0,7,0
0,11,36,43,0,0,7,0
0,11,37,44,0,0,7,0
0,11,38,45,0,0,7,0
0,11,39,46,0,0,7,0
0,11,40,47,0,0,7,0
0,11,41,48,0,0,7,0
0,11,42,49,0,0,7,0
0,11,43,50,0,0,7,0
2,8,0,2,0,0,2,0
2,8,1,3,0,0,2,0
2,8,2,4,0,0,2,0
2,8,3,5,0,0,2,0
2,8,4,6,0,0,2,0
2,8,5,7,0,0,2,0
2,8,6,8,0,0,2,0
2,8,7,9,0,0,2,0
2,8,8,10,0,0,2,0
2,8,9,11,0,0,2,0
2,8,10,12,0,0,2,0
2,8,11,13,0,0,2,0
2,8,12,14,0,0,2,0
2,8,13,15,0,0,2,0
2,8,14,16,0,0,2,0
2,8,15,17,0,0,2,0
2,8,16,18,0,0,2,0
2,8,17,19,0,0,2,0
2,8,18,20,0,0,2,0
2,8,19,21,0,0,2,0
2,8,20,22,0,0,2,0
2,8,21,23,0,0,2,0
2,8,22,24,0,0,2,0
2,8,23,25,0,0,2,0
2,8,24,26,0,0,2,0
2,8,25,27,0,0,2,0
2,8,26,28,0,0,2,0
2,8,27,29,0,0,2,0
2,8,28,30,0,0,2,0
2,8,29,31,0,0,2,0
2,8,30,32,0,0,2,0
2,8,31,33,0,0,2,0
2,8,32,34,0,0,2,0
2,8,33,35,0,0,2,0
2,8,34,36,0,0,2,0
2,8,35,37,0,0,2,0
2,8,36,38,0,0,2,0
2,8,37,39,0,0,2,0
2,8,38,40,0,0,2,0
2,8,39,41,0,0,2,0
2,8,40,42,0,0,2,0
2,8,41,43,0,0,2,0
2,8,42,44,0,0,2,0
2,8,43,45,0,0,2,0
2,8,44,46,0,0,2,0
2,8,45,47,0,0,2,0
2,8,46,48,0,0,2,0
2,8,47,49,0,0,2,0
2,8,48,50,0,0,2,0
7,4,0,5,0,0,5,0
7,4,1,6,0,0,5,0
7,4,2,7,0,0,5,0
7,4,3,8,0,0,5,0
7,4,4,9,0,0,5,0
7,4,5,10,0,0,5,0
7,4,6,11,0,0,5,0
7,4,7,12,0,0,5,0
7,4,8,13,0,0,5,0
7,4,9,14,0,0,5,0
7,4,10,15,0,0,5,0
7,4,11,16,0,0,5,0
7,4,12,17,0,0,5,0
7,4,13,18,0,0,5,0
7,4,14,19,0,0,5,0
7,4,15,20,0,0,5,0
7,4,16,21,0,0,5,0
7,4,17,22,0,0,5,0
7,4,18,23,0,0,5,0
7,4,19,24,0,0,5,0
7,4,20,25,0,0,5,0
7,4,21,26,0,0,5,0
7,4,22,27,0,0,5,0
7,4,23,28,0,0,5,0
7,4,24,29,0,0,5,0
7,4,25,30,0,0,5,0
7,4,26,31,0,0,5,0
7,4,27,32,0,0,5,0
7,4,28,33,0,0,5,0
7,4,29,34,0,0,5,0
7,4,30,35,0,0,5,0
7,4,31,36,0,0,5,0
7,4,32,37,0,0,5,0
7,4,33,38,0,0,5,0
7,4,34,39,0,0,5,0
7,4,35,40,0,0,5,0
7,4,36,41,0,0,5,0
7,4,37,42,0,0,5,0
7,4,38,43,0,0,5,0
7,4,39,44,0,0,5,0
7,4,40,45,0,0,5,0
7,4,41,46,0,0,5,0
7,4,42,47,0,0,5,0
7,4,43,48,0,0,5,0
7,4,44,49,0,0,5,0
7,4,45,50,0,0,5,0
13,11,0,3,0,0,3,0
13,11,1,4,0,0,3,0
13,11,2,5,0,0,3,0
13,11,3,6,0,0,3,0
13,11,4,7,0,0,3,0
13,11,5,8,0,0,3,0
13,11,6,9,0,0,3,0
13,11,7,10,0,0,3,0
13,11,8,11,0,0,3,0
13,11,9,12,0,0,3,0
13,11,10,13,0,0,3,0
13,11,11,14,0,0,3,0
13,11,12,15,0,0,3,0
13,11,13,16,0,0,3,0
13,11,14,17,0,0,3,0
13,11,15,18,0,0,3,0
13,11,16,19,0,0,3,0
13,11,17,20,0,0,3,0
13,11,18,21,0,0,3,0
13,11,19,22,0,0,3,0
13,11,20,23,0,0,3,0
13,11,21,24,0,0,3,0
13,11,22,25,0,0,3,0
13,11,23,26,0,0,3,0
13,11,24,27,0,0,3,0
13,11,25,28,0,0,3,0
13,11,26,29,0,0,3,0
13,11,27,30,0,0,3,0
13,11,28,31,0,0,3,0
13,11,29,32,0,0,3,0
13,11,30,33,0,0,3,0
13,11,31,34,0,0,3,0
13,11,32,35,0,0,3,0
13,11,33,36,0,0,3,0
13,11,34,37,0,0,3,0
13,11,35,38,0,0,3,0
13,11,36,39,0,0,3,0
13,11,37,40,0,0,3,0
13,11,38,41,0,0,3,0
13,11,39,42,0,0,3,0
13,11,40,43,0,0,3,0
13,11,41,44,0,0,3,0
13,11,42,45,0,0,3,0
13,11,43,46,0,0,3,0
13,11,44,47,0,0,3,0
13,11,45,48,0,0,3,0
13,11,46,49,0,0,3,0
13,11,47,50,0,0,3,0
6,8,0,3,0,0,3,0
6,8,1,4,0,0,3,0
6,8,2,5,0,0,3,0
6,8,3,6,0,0,3,0
6,8,4,7,0,0,3,0
6,8,5,8,0,0,3,0
6,8,6,9,0,0,3,0
6,8,7,10,0,0,3,0
6,8,8,11,0,0,3,0
6,8,9,12,0,0,3,0
6,8,10,13,0,0,3,0
6,8,11,14,0,0,3,0
6,8,12,15,0,0,3,0
6,8,13,16,0,0,3,0
6,8,14,17,0,0,3,0
6,8,15,18,0,0,3,0
6,8,16,19,0,0,3,0
6,8,17,20,0,0,3,0
6,8,18,21,0,0,3,0
6,8,19,22,0,0,3,0
6,8,20,23,0,0,3,0
6,8,21,24,0,0,3,0
6,8,22,25,0,0,3,0
6,8,23,26,0,0,3,0
6,8,24,27,0,0,3,0
6,8,25,28,0,0,3,0
6,8,26,29,0,0,3,0
6,8,27,30,0,0,3,0
6,8,28,31,0,0,3,0
6,8,29,32,0,0,3,0
6,8,30,33,0,0,3,0
6,8,31,34,0,0,3,0
6,8,32,35,0,0,3,0
6,8,33,36,0,0,3,0
6,8,34,37,0,0,3,0
6,8,35,38,0,0,3,0
6,8,36,39,0,0,3,0
6,8,37,40,0,0,3,0
6,8,38,41,0,0,3,0
6,8,39,42,0,0,3,0
6,8,40,43,0,0,3,0
6,8,41,44,0,0,3,0
6,8,42,45,0,0,3,0
6,8,43,46,0,0,3,0
6,8,44,47,0,0,3,0
6,8,45,48,0,0,3,0
6,8,46,49,0,0,3,0
6,8,47,50,0,0,3,0
12,3,0,5,0,0,5,0
12,3,1,6,0,0,5,0
12,3,2,7,0,0,5,0
12,3,3,8,0,0,5,0
12,3,4,9,0,0,5,0
12,3,5,10,0,0,5,0
12,3,6,11,0,0,5,0
12,3,7,12,0,0,5,0
12,3,8,13,0,0,5,0
12,3,9,14,0,0,5,0
12,3,10,15,0,0,5,0
12,3,11,16,0,0,5,0
12,3,12,17,0,0,5,0
12,3,13,18,0,0,5,0
12,3,14,19,0,0,5,0
12,3,15,20,0,0,5,0
12,3,16,21,0,0,5,0
12,3,17,22,0,0,5,0
12,3,18,23,0,0,5,0
12,3,19,24,0,0,5,0
12,3,20,25,0,0,5,0
12,3,21,26,0,0,5,0
12,3,22,27,0,0,5,0
12,3,23,28,0,0,5,0
12,3,24,29,0,0,5,0
12,3,25,30,0,0,5,0
12,3,26,31,0,0,5,0
12,3,27,32,0,0,5,0
12,3,28,33,0,0,5,0
12,3,29,34,0,0,5,0
12,3,30,35,0,0,5,0
12,3,31,36,0,0,5,0
12,3,32,37,0,0,5,0
12,3,33,38,0,0,5,0
12,3,34,39,0,0,5,0
12,3,35,40,0,0,5,0
12,3,36,41,0,0,5,0
12,3,37,42,0,0,5,0
12,3,38,43,0,0,5,0
12,3,39,44,0,0,5,0
12,3,40,45,0,0,5,0
12,3,41,46,0,0,5,0
12,3,42,47,0,0,5,0
12,3,43,48,0,0,5,0
12,3,44,49,0,0,5,0
12,3,45,50,0,0,5,0
3,0,0,5,0,0,5,0
3,0,1,6,0,0,5,0
3,0,2,7,0,0,5,0
3,0,3,8,0,0,5,0
3,0,4,9,0,0,5,0
3,0,5,10,0,0,5,0
3,0,6,11,0,0,5,0
3,0,7,12,0,0,5,0
3,0,8,13,0,0,5,0
3,0,9,14,0,0,5,0
3,0,10,15,0,0,5,0
3,0,11,16,0,0,5,0
3,0,12,17,0,0,5,0
3,0,13,18,0,0,5,0
3,0,14,19,0,0,5,0
3,0,15,20,0,0,5,0
3,0,16,21,0,0,5,0
3,0,17,22,0,0,5,0
3,0,18,23,0,0,5,0
3,0,19,24,0,0,5,0
3,0,20,25,0,0,5,0
3,0,21,26,0,0,5,0
3,0,22,27,0,0,5,0
3,0,23,28,0,0,5,0
3,0,24,29,0,0,5,0
3,0,25,30,0,0,5,0
3,0,26,31,0,0,5,0
3,0,27,32,0,0,5,0
3,0,28,33,0,0,5,0
3,0,29,34,0,0,5,0
3,0,30,35,0,0,5,0
3,0,31,36,0,0,5,0
3,0,32,37,0,0,5,0
3,0,33,38,0,0,5,0
3,0,34,39,0,0,5,0
3,0,35,40,0,0,5,0
3,0,36,41,0,0,5,0
3,0,37,42,0,0,5,0
3,0,38,43,0,0,5,0
3,0,39,44,0,0,5,0
3,0,40,45,0,0,5,0
3,0,41,46,0,0,5,0
3,0,42,47,0,0,5,0
3,0,43,48,0,0,5,0
3,0,44,49,0,0,5,0
3,0,45,50,0,0,5,0
14,0,0,3,0,0,3,0
14,0,1,4,0,0,3,0
14,0,2,5,0,0,3,0
14,0,3,6,0,0,3,0
14,0,4,7,0,0,3,0
14,0,5,8,0,0,3,0
14,0,6,9,0,0,3,0
14,0,7,10,0,0,3,0
14,0,8,11,0,0,3,0
14,0,9,12,0,0,3,0
14,0,10,13,0,0,3,0
14,0,11,14,0,0,3,0
14,0,12,15,0,0,3,0
14,0,13,16,0,0,3,0
14,0,14,17,0,0,3,0
14,0,15,18,0,0,3,0
14,0,16,19,0,0,3,0
14,0,17,20,0,0,3,0
14,0,18,21,0,0,3,0
14,0,19,22,0,0,3,0
14,0,20,23,0,0,3,0
14,0,21,24,0,0,3,0
14,0,22,25,0,0,3,0
14,0,23,26,0,0,3,0
14,0,24,27,0,0,3,0
14,0,25,28,0,0,3,0
14,0,26,29,0,0,3,0
14,0,27,30,0,0,3,0
14,0,28,31,0,0,3,0
14,0,29,32,0,0,3,0
14,0,30,33,0,0,3,0
14,0,31,34,0,0,3,0
14,0,32,35,0,0,3,0
14,0,33,36,0,0,3,0
14,0,34,37,0,0,3,0
14,0,35,38,0,0,3,0
14,0,36,39,0,0,3,0
14,0,37,40,0,0,3,0
14,0,38,41,0,0,3,0
14,0,39,42,0,0,3,0
14,0,40,43,0,0,3,0
14,0,41,44,0,0,3,0
14,0,42,45,0,0,3,0
14,0,43,46,0,0,3,0
14,0,44,47,0,0,3,0
14,0,45,48,0,0,3,0
14,0,46,49,0,0,3,0
14,0,47,50,0,0,3,0
3,9,0,5,0,0,5,0
3,9,1,6,0,0,5,0
3,9,2,7,0,0,5,0
3,9,3,8,0,0,5,0
3,9,4,9,0,0,5,0
3,9,5,10,0,0,5,0
3,9,6,11,0,0,5,0
3,9,7,12,0,0,5,0
3,9,8,13,0,0,5,0
3,9,9,14,0,0,5,0
3,9,10,15,0,0,5,0
3,9,11,16,0,0,5,0
3,9,12,17,0,0,5,0
3,9,13,18,0,0,5,0
3,9,14,19,0,0,5,0
3,9,15,20,0,0,5,0
3,9,16,21,0,0,5,0
3,9,17,22,0,0,5,0
3,9,18,23,0,0,5,0
3,9,19,24,0,0,5,0
3,9,20,25,0,0,5,0
3,9,21,26,0,0,5,0
3,9,22,27,0,0,5,0
3,9,23,28,0,0,5,0
3,9,24,29,0,0,5,0
3,9,25,30,0,0,5,0
3,9,26,31,0,0,5,0
3,9,27,32,0,0,5,0
3,9,28,33,0,0,5,0
3,9,29,34,0,0,5,0
3,9,30,35,0,0,5,0
3,9,31,36,0,0,5,0
3,9,32,37,0,0,5,0
3,9,33,38,0,0,5,0
3,9,34,39,0,0,5,0
3,9,35,40,0,0,5,0
3,9,36,41,0,0,5,0
3,9,37,42,0,0,5,0
3,9,38,43,0,0,5,0
3,9,39,44,0,0,5,0
3,9,40,45,0,0,5,0
3,9,41,46,0,0,5,0
3,9,42,47,0,0,5,0
3,9,43,48,0,0,5,0
3,9,44,49,0,0,5,0
3,9,45,50,0,0,5,0
5,6,0,4,0,0,4,0
5,6,1,5,0,0,4,0
5,6,2,6,0,0,4,0
5,6,3,7,0,0,4,0
5,6,4,8,0,0,4,0
5,6,5,9,0,0,4,0
5,6,6,10,0,0,4,0
5,6,7,11,0,0,4,0
5,6,8,12,0,0,4,0
5,6,9,13,0,0,4,0
5,6,10,14,0,0,4,0
5,6,11,15,0,0,4,0
5,6,12,16,0,0,4,0
5,6,13,17,0,0,4,0
5,6,14,18,0,0,4,0
5,6,15,19,0,0,4,0
5,6,16,20,0,0,4,0
5,6,17,21,0,0,4,0
5,6,18,22,0,0,4,0
5,6,19,23,0,0,4,0
5,6,20,24,0,0,4,0
5,6,21,25,0,0,4,0
5,6,22,26,0,0,4,0
5,6,23,27,0,0,4,0
5,6,24,28,0,0,4,0
5,6,25,29,0,0,4,0
5,6,26,30,0,0,4,0
5,6,27,31,0,0,4,0
5,6,28,32,0,0,4,0
5,6,29,33,0,0,4,0
5,6,30,34,0,0,4,0
5,6,31,35,0,0,4,0
5,6,32,36,0,0,4,0
5,6,33,37,0,0,4,0
5,6,34,38,0,0,4,0
5,6,35,39,0,0,4,0
5,6,36,40,0,0,4,0
5,6,37,41,0,0,4,0
5,6,38,42,0,0,4,0
5,6,39,43,0,0,4,0
5,6,40,44,0,0,4,0
5,6,41,45,0,0,4,0
5,6,42,46,0,0,4,0
5,6,43,47,0,0,4,0
5,6,44,48,0,0,4,0
5,6,45,49,0,0,4,0
5,6,46,50,0,0,4,0
4,8,0,5,0,0,5,0
4,8,1,6,0,0,5,0
4,8,2,7,0,0,5,0
4,8,3,8,0,0,5,0
4,8,4,9,0,0,5,0
4,8,5,10,0,0,5,0
4,8,6,11,0,0,5,0
4,8,7,12,0,0,5,0
4,8,8,13,0,0,5,0
4,8,9,14,0,0,5,0
4,8,10,15,0,0,5,0
4,8,11,16,0,0,5,0
4,8,12,17,0,0,5,0
4,8,13,18,0,0,5,0
4,8,14,19,0,0,5,0
4,8,15,20,0,0,5,0
4,8,16,21,0,0,5,0
4,8,17,22,0,0,5,0
4,8,18,23,0,0,5,0
4,8,19,24,0,0,5,0
4,8,20,25,0,0,5,0
4,8,21,26,0,0,5,0
4,8,22,27,0,0,5,0
4,8,23,28,0,0,5,0
4,8,24,29,0,0,5,0
4,8,25,30,0,0,5,0
4,8,26,31,0,0,5,0
4,8,27,32,0,0,5,0
4,8,28,33,0,0,5,0
4,8,29,34,0,0,5,0
4,8,30,35,0,0,5,0
4,8,31,36,0,0,5,0
4,8,32,37,0,0,5,0
4,8,33,38,0,0,5,0
4,8,34,39,0,0,5,0
4,8,35,40,0,0,5,0
4,8,36,41,0,0,5,0
4,8,37,42,0,0,5,0
4,8,38,43,0,0,5,0
4,8,39,44,0,0,5,0
4,8,40,45,0,0,5,0
4,8,41,46,0,0,5,0
4,8,42,47,0,0,5,0
4,8,43,48,0,0,5,0
4,8,44,49,0,0,5,0
4,8,45,50,0,0,5,0
14,9,0,8,0,0,8,0
14,9,1,9,0,0,8,0
14,9,2,10,0,0,8,0
14,9,3,11,0,0,8,0
14,9,4,12,0,0,8,0
14,9,5,13,0,0,8,0
14,9,6,14,0,0,8,0
14,9,7,15,0,0,8,0
14,9,8,16,0,0,8,0
14,9,9,17,0,0,8,0
14,9,10,18,0,0,8,0
14,9,11,19,0,0,8,0
14,9,12,20,0,0,8,0
14,9,13,21,0,0,8,0
14,9,14,22,0,0,8,0
14,9,15,23,0,0,8,0
14,9,16,24,0,0,8,0
14,9,17,25,0,0,8,0
14,9,18,26,0,0,8,0
14,9,19,27,0,0,8,0
14,9,20,28,0,0,8,0
14,9,21,29,0,0,8,0
14,9,22,30,0,0,8,0
14,9,23,31,0,0,8,0
14,9,24,32,0,0,8,0
14,9,25,33,0,0,8,0
14,9,26,34,0,0,8,0
14,9,27,35,0,0,8,0
14,9,28,36,0,0,8,0
14,9,29,37,0,0,8,0
14,9,30,38,0,0,8,0
14,9,31,39,0,0,8,0
14,9,32,40,0,0,8,0
14,9,33,41,0,0,8,0
14,9,34,42,0,0,8,0
14,9,35,43,0,0,8,0
14,9,36,44,0,0,8,0
14,9,37,45,0,0,8,0
14,9,38,46,0,0,8,0
14,9,39,47,0,0,8,0
14,9,40,48,0,0,8,0
14,9,41,49,0,0,8,0
14,9,42,50,0,0,8,0
10,5,0,5,0,0,5,0
10,5,1,6,0,0,5,0
10,5,2,7,0,0,5,0
10,5,3,8,0,0,5,0
10,5,4,9,0,0,5,0
10,5,5,10,0,0,5,0
10,5,6,11,0,0,5,0
10,5,7,12,0,0,5,0
10,5,8,13,0,0,5,0
10,5,9,14,0,0,5,0
10,5,10,15,0,0,5,0
10,5,11,16,0,0,5,0
10,5,12,17,0,0,5,0
10,5,13,18,0,0,5,0
10,5,14,19,0,0,5,0
10,5,15,20,0,0,5,0
10,5,16,21,0,0,5,0
10,5,17,22,0,0,5,0
10,5,18,23,0,0,5,0
10,5,19,24,0,0,5,0
10,5,20,25,0,0,5,0
10,5,21,26,0,0,5,0
10,5,22,27,0,0,5,0
10,5,23,28,0,0,5,0
10,5,24,29,0,0,5,0
10,5,25,30,0,0,5,0
10,5,26,31,0,0,5,0
10,5,27,32,0,0,5,0
10,5,28,33,0,0,5,0
10,5,29,34,0,0,5,0
10,5,30,35,0,0,5,0
10,5,31,36,0,0,5,0
10,5,32,37,0,0,5,0
10,5,33,38,0,0,5,0
10,5,34,39,0,0,5,0
10,5,35,40,0,0,5,0
10,5,36,41,0,0,5,0
10,5,37,42,0,0,5,0
10,5,38,43,0,0,5,0
10,5,39,44,0,0,5,0
10,5,40,45,0,0,5,0
10,5,41,46,0,0,5,0
10,5,42,47,0,0,5,0
10,5,43,48,0,0,5,0
10,5,44,49,0,0,5,0
10,5,45,50,0,0,5,0
1,2,0,4,0,0,4,0
1,2,1,5,0,0,4,0
1,2,2,6,0,0,4,0
1,2,3,7,0,0,4,0
1,2,4,8,0,0,4,0
1,2,5,9,0,0,4,0
1,2,6,10,0,0,4,0
1,2,7,11,0,0,4,0
1,2,8,12,0,0,4,0
1,2,9,13,0,0,4,0
1,2,10,14,0,0,4,0
1,2,11,15,0,0,4,0
1,2,12,16,0,0,4,0
1,2,13,17,0,0,4,0
1,2,14,18,0,0,4,0
1,2,15,19,0,0,4,0
1,2,16,20,0,0,4,0
1,2,17,21,0,0,4,0
1,2,18,22,0,0,4,0
1,2,19,23,0,0,4,0
1,2,20,24,0,0,4,0
1,2,21,25,0,0,4,0
1,2,22,26,0,0,4,0
1,2,23,27,0,0,4,0
1,2,24,28,0,0,4,0
1,2,25,29,0,0,4,0
1,2,26,30,0,0,4,0
1,2,27,31,0,0,4,0
1,2,28,32,0,0,4,0
1,2,29,33,0,0,4,0
1,2,30,34,0,0,4,0
1,2,31,35,0,0,4,0
1,2,32,36,0,0,4,0
1,2,33,37,0,0,4,0
1,2,34,38,0,0,4,0
1,2,35,39,0,0,4,0
1,2,36,40,0,0,4,0
1,2,37,41,0,0,4,0
1,2,38,42,0,0,4,0
1,2,39,43,0,0,4,0
1,2,40,44,0,0,4,0
1,2,41,45,0,0,4,0
1,2,42,46,0,0,4,0
1,2,43,47,0,0,4,0
1,2,44,48,0,0,4,0
1,2,45,49,0,0,4,0
1,2,46,50,0,0,4,0
0,4,0,5,0,0,5,0
0,4,1,6,0,0,5,0
0,4,2,7,0,0,5,0
0,4,3,8,0,0,5,0
0,4,4,9,0,0,5,0
0,4,5,10,0,0,5,0
0,4,6,11,0,0,5,0
0,4,7,12,0,0,5,0
0,4,8,13,0,0,5,0
0,4,9,14,0,0,5,0
0,4,10,15,0,0,5,0
0,4,11,16,0,0,5,0
0,4,12,17,0,0,5,0
0,4,13,18,0,0,5,0
0,4,14,19,0,0,5,0
0,4,15,20,0,0,5,0
0,4,16,21,0,0,5,0
0,4,17,22,0,0,5,0
0,4,18,23,0,0,5,0
0,4,19,24,0,0,5,0
0,4,20,25,0,0,5,0
0,4,21,26,0,0,5,0
0,4,22,27,0,0,5,0
0,4,23,28,0,0,5,0
0,4,24,29,0,0,5,0
0,4,25,30,0,0,5,0
0,4,26,31,0,0,5,0
0,4,27,32,0,0,5,0
0,4,28,33,0,0,5,0
0,4,29,34,0,0,5,0
0,4,30,35,0,0,5,0
0,4,31,36,0,0,5,0
0,4,32,37,0,0,5,0
0,4,33,38,0,0,5,0
0,4,34,39,0,0,5,0
0,4,35,40,0,0,5,0
0,4,36,41,0,0,5,0
0,4,37,42,0,0,5,0
0,4,38,43,0,0,5,0
0,4,39,44,0,0,5,0
0,4,40,45,0,0,5,0
0,4,41,46,0,0,5,0
0,4,42,47,0,0,5,0
0,4,43,48,0,0,5,0
0,4,44,49,0,0,5,0
0,4,45,50,0,0,5,0
2,1,0,4,0,0,4,0
2,1,1,5,0,0,4,0
2,1,2,6,0,0,4,0
2,1,3,7,0,0,4,0
2,1,4,8,0,0,4,0
2,1,5,9,0,0,4,0
2,1,6,10,0,0,4,0
2,1,7,11,0,0,4,0
2,1,8,12,0,0,4,0
2,1,9,13,0,0,4,0
2,1,10,14,0,0,4,0
2,1,11,15,0,0,4,0
2,1,12,16,0,0,4,0
2,1,13,17,0,0,4,0
2,1,14,18,0,0,4,0
2,1,15,19,0,0,4,0
2,1,16,20,0,0,4,0
2,1,17,21,0,0,4,0
2,1,18,22,0,0,4,0
2,1,19,23,0,0,4,0
2,1,20,24,0,0,4,0
2,1,21,25,0,0,4,0
2,1,22,26,0,0,4,0
2,1,23,27,0,0,4,0
2,1,24,28,0,0,4,0
2,1,25,29,0,0,4,0
2,1,26,30,0,0,4,0
2,1,27,31,0,0,4,0
2,1,28,32,0,0,4,0
2,1,29,33,0,0,4,0
2,1,30,34,0,0,4,0
2,1,31,35,0,0,4,0
2,1,32,36,0,0,4,0
2,1,33,37,0,0,4,0
2,1,34,38,0,0,4,0
2,1,35,39,0,0,4,0
2,1,36,40,0,0,4,0
2,1,37,41,0,0,4,0
2,1,38,42,0,0,4,0
2,1,39,43,0,0,4,0
2,1,40,44,0,0,4,0
2,1,41,45,0,0,4,0
2,1,42,46,0,0,4,0
2,1,43,47,0,0,4,0
2,1,44,48,0,0,4,0
2,1,45,49,0,0,4,0
2,1,46,50,0,0,4,0
13,4,0,5,0,0,5,0
13,4,1,6,0,0,5,0
13,4,2,7,0,0,5,0
13,4,3,8,0,0,5,0
13,4,4,9,0,0,5,0
13,4,5,10,0,0,5,0
13,4,6,11,0,0,5,0
13,4,7,12,0,0,5,0
13,4,8,13,0,0,5,0
13,4,9,14,0,0,5,0
13,4,10,15,0,0,5,0
13,4,11,16,0,0,5,0
13,4,12,17,0,0,5,0
13,4,13,18,0,0,5,0
13,4,14,19,0,0,5,0
13,4,15,20,0,0,5,0
13,4,16,21,0,0,5,0
13,4,17,22,0,0,5,0
13,4,18,23,0,0,5,0
13,4,19,24,0,0,5,0
13,4,20,25,0,0,5,0
13,4,21,26,0,0,5,0
13,4,22,27,0,0,5,0
13,4,23,28,0,0,5,0
13,4,24,29,0,0,5,0
13,4,25,30,0,0,5,0
13,4,26,31,0,0,5,0
13,4,27,32,0,0,5,0
13,4,28,33,0,0,5,0
13,4,29,34,0,0,5,0
13,4,30,35,0,0,5,0
13,4,31,36,0,0,5,0
13,4,32,37,0,0,5,0
13,4,33,38,0,0,5,0
13,4,34,39,0,0,5,0
13,4,35,40,0,0,5,0
13,4,36,41,0,0,5,0
13,4,37,42,0,0,5,0
13,4,38,43,0,0,5,0
13,4,39,44,0,0,5,0
13,4,40,45,0,0,5,0
13,4,41,46,0,0,5,0
13,4,42,47,0,0,5,0
13,4,43,48,0,0,5,0
13,4,44,49,0,0,5,0
13,4,45,50,0,0,5,0
10,14,0,2,0,0,2,0
10,14,1,3,0,0,2,0
10,14,2,4,0,0,2,0
10,14,3,5,0,0,2,0
10,14,4,6,0,0,2,0
10,14,5,7,0,0,2,0
10,14,6,8,0,0,2,0
10,14,7,9,0,0,2,0
10,14,8,10,0,0,2,0
10,14,9,11,0,0,2,0
10,14,10,12,0,0,2,0
10,14,11,13,0,0,2,0
10,14,12,14,0,0,2,0
10,14,13,15,0,0,2,0
10,14,14,16,0,0,2,0
10,14,15,17,0,0,2,0
10,14,16,18,0,0,2,0
10,14,17,19,0,0,2,0
10,14,18,20,0,0,2,0
10,14,19,21,0,0,2,0
10,14,20,22,0,0,2,0
10,14,21,23,0,0,2,0
10,14,22,24,0,0,2,0
10,14,23,25,0,0,2,0
10,14,24,26,0,0,2,0
10,14,25,27,0,0,2,0
10,14,26,28,0,0,2,0
10,14,27,29,0,0,2,0
10,14,28,30,0,0,2,0
10,14,29,31,0,0,2,0
10,14,30,32,0,0,2,0
10,14,31,33,0,0,2,0
10,14,32,34,0,0,2,0
10,14,33,35,0,0,2,0
10,14,34,36,0,0,2,0
10,14,35,37,0,0,2,0
10,14,36,38,0,0,2,0
10,14,37,39,0,0,2,0
10,14,38,40,0,0,2,0
10,14,39,41,0,0,2,0
10,14,40,42,0,0,2,0
10,14,41,43,0,0,2,0
10,14,42,44,0,0,2,0
10,14,43,45,0,0,2,0
10,14,44,46,0,0,2,0
10,14,45,47,0,0,2,0
10,14,46,48,0,0,2,0
10,14,47,49,0,0,2,0
10,14,48,50,0,0,2,0
1,11,0,5,0,0,5,0
1,11,1,6,0,0,5,0
1,11,2,7,0,0,5,0
1,11,3,8,0,0,5,0
1,11,4,9,0,0,5,0
1,11,5,10,0,0,5,0
1,11,6,11,0,0,5,0
1,11,7,12,0,0,5,0
1,11,8,13,0,0,5,0
1,11,9,14,0,0,5,0
1,11,10,15,0,0,5,0
1,11,11,16,0,0,5,0
1,11,12,17,0,0,5,0
1,11,13,18,0,0,5,0
1,11,14,19,0,0,5,0
1,11,15,20,0,0,5,0
1,11,16,21,0,0,5,0
1,11,17,22,0,0,5,0
1,11,18,23,0,0,5,0
1,11,19,24,0,0,5,0
1,11,20,25,0,0,5,0
1,11,21,26,0,0,5,0
1,11,22,27,0,0,5,0
1,11,23,28,0,0,5,0
1,11,24,29,0,0,5,0
1,11,25,30,0,0,5,0
1,11,26,31,0,0,5,0
1,11,27,32,0,0,5,0
1,11,28,33,0,0,5,0
1,11,29,34,0,0,5,0
1,11,30,35,0,0,5,0
1,11,31,36,0,0,5,0
1,11,32,37,0,0,5,0
1,11,33,38,0,0,5,0
1,11,34,39,0,0,5,0
1,11,35,40,0,0,5,0
1,11,36,41,0,0,5,0
1,11,37,42,0,0,5,0
1,11,38,43,0,0,5,0
1,11,39,44,0,0,5,0
1,11,40,45,0,0,5,0
1,11,41,46,0,0,5,0
1,11,42,47,0,0,5,0
1,11,43,48,0,0,5,0
1,11,44,49,0,0,5,0
1,11,45,50,0,0,5,0
0,13,0,4,0,0,4,0
0,13,1,5,0,0,4,0
0,13,2,6,0,0,4,0
0,13,3,7,0,0,4,0
0,13,4,8,0,0,4,0
0,13,5,9,0,0,4,0
0,13,6,10,0,0,4,0
0,13,7,11,0,0,4,0
0,13,8,12,0,0,4,0
0,13,9,13,0,0,4,0
0,13,10,14,0,0,4,0
0,13,11,15,0,0,4,0
0,13,12,16,0,0,4,0
0,13,13,17,0,0,4,0
0,13,14,18,0,0,4,0
0,13,15,19,0,0,4,0
0,13,16,20,0,0,4,0
0,13,17,21,0,0,4,0
0,13,18,22,0,0,4,0
0,13,19,23,0,0,4,0
0,13,20,24,0,0,4,0
0,13,21,25,0,0,4,0
0,13,22,26,0,0,4,0
0,13,23,27,0,0,4,0
0,13,24,28,0,0,4,0
0,13,25,29,0,0,4,0
0,13,26,30,0,0,4,0
0,13,27,31,0,0,4,0
0,13,28,32,0,0,4,0
0,13,29,33,0,0,4,0
0,13,30,34,0,0,4,0
0,13,31,35,0,0,4,0
0,13,32,36,0,0,4,0
0,13,33,37,0,0,4,0
0,13,34,38,0,0,4,0
0,13,35,39,0,0,4,0
0,13,36,40,0,0,4,0
0,13,37,41,0,0,4,0
0,13,38,42,0,0,4,0
0,13,39,43,0,0,4,0
0,13,40,44,0,0,4,0
0,13,41,45,0,0,4,0
0,13,42,46,0,0,4,0
0,13,43,47,0,0,4,0
0,13,44,48,0,0,4,0
0,13,45,49,0,0,4,0
0,13,46,50,0,0,4,0
2,10,0,5,0,0,5,0
2,10,1,6,0,0,5,0
2,10,2,7,0,0,5,0
2,10,3,8,0,0,5,0
2,10,4,9,0,0,5,0
2,10,5,10,0,0,5,0
2,10,6,11,0,0,5,0
2,10,7,12,0,0,5,0
2,10,8,13,0,0,5,0
2,10,9,14,0,0,5,0
2,10,10,15,0,0,5,0
2,10,11,16,0,0,5,0
2,10,12,17,0,0,5,0
2,10,13,18,0,0,5,0
2,10,14,19,0,0,5,0
2,10,15,20,0,0,5,0
2,10,16,21,0,0,5,0
2,10,17,22,0,0,5,0
2,10,18,23,0,0,5,0
2,10,19,24,0,0,5,0
2,10,20,25,0,0,5,0
2,10,21,26,0,0,5,0
2,10,22,27,0,0,5,0
2,10,23,28,0,0,5,0
2,10,24,29,0,0,5,0
2,10,25,30,0,0,5,0
2,10,26,31,0,0,5,0
2,10,27,32,0,0,5,0
2,10,28,33,0,0,5,0
2,10,29,34,0,0,5,0
2,10,30,35,0,0,5,0
2,10,31,36,0,0,5,0
2,10,32,37,0,0,5,0
2,10,33,38,0,0,5,0
2,10,34,39,0,0,5,0
2,10,35,40,0,0,5,0
2,10,36,41,0,0,5,0
2,10,37,42,0,0,5,0
2,10,38,43,0,0,5,0
2,10,39,44,0,0,5,0
2,10,40,45,0,0,5,0
2,10,41,46,0,0,5,0
2,10,42,47,0,0,5,0
2,10,43,48,0,0,5,0
2,10,44,49,0,0,5,0
2,10,45,50,0,0,5,0
11,13,0,3,0,0,3,0
11,13,1,4,0,0,3,0
11,13,2,5,0,0,3,0
11,13,3,6,0,0,3,0
11,13,4,7,0,0,3,0
11,13,5,8,0,0,3,0
11,13,6,9,0,0,3,0
11,13,7,10,0,0,3,0
11,13,8,11,0,0,3,0
11,13,9,12,0,0,3,0
11,13,10,13,0,0,3,0
11,13,11,14,0,0,3,0
11,13,12,15,0,0,3,0
11,13,13,16,0,0,3,0
11,13,14,17,0,0,3,0
11,13,15,18,0,0,3,0
11,13,16,19,0,0,3,0
11,13,17,20,0,0,3,0
11,13,18,21,0,0,3,0
11,13,19,22,0,0,3,0
11,13,20,23,0,0,3,0
11,13,21,24,0,0,3,0
11,13,22,25,0,0,3,0
11,13,23,26,0,0,3,0
11,13,24,27,0,0,3,0
11,13,25,28,0,0,3,0
11,13,26,29,0,0,3,0
11,13,27,30,0,0,3,0
11,13,28,31,0,0,3,0
11,13,29,32,0,0,3,0
11,13,30,33,0,0,3,0
11,13,31,34,0,0,3,0
11,13,32,35,0,0,3,0
11,13,33,36,0,0,3,0
11,13,34,37,0,0,3,0
11,13,35,38,0,0,3,0
11,13,36,39,0,0,3,0
11,13,37,40,0,0,3,0
11,13,38,41,0,0,3,0
11,13,39,42,0,0,3,0
11,13,40,43,0,0,3,0
11,13,41,44,0,0,3,0
11,13,42,45,0,0,3,0
11,13,43,46,0,0,3,0
11,13,44,47,0,0,3,0
11,13,45,48,0,0,3,0
11,13,46,49,0,0,3,0
11,13,47,50,0,0,3,0
6,10,0,1,0,0,1,0
6,10,1,2,0,0,1,0
6,10,2,3,0,0,1,0
6,10,3,4,0,0,1,0
6,10,4,5,0,0,1,0
6,10,5,6,0,0,1,0
6,10,6,7,0,0,1,0
6,10,7,8,0,0,1,0
6,10,8,9,0,0,1,0
6,10,9,10,0,0,1,0
6,10,10,11,0,0,1,0
6,10,11,12,0,0,1,0
6,10,12,13,0,0,1,0
6,10,13,14,0,0,1,0
6,10,14,15,0,0,1,0
6,10,15,16,0,0,1,0
6,10,16,17,0,0,1,0
6,10,17,18,0,0,1,0
6,10,18,19,0,0,1,0
6,10,19,20,0,0,1,0
6,10,20,21,0,0,1,0
6,10,21,22,0,0,1,0
6,10,22,23,0,0,1,0
6,10,23,24,0,0,1,0
6,10,24,25,0,0,1,0
6,10,25,26,0,0,1,0
6,10,26,27,0,0,1,0
6,10,27,28,0,0,1,0
6,10,28,29,0,0,1,0
6,10,29,30,0,0,1,0
6,10,30,31,0,0,1,0
6,10,31,32,0,0,1,0
6,10,32,33,0,0,1,0
6,10,33,34,0,0,1,0
6,10,34,35,0,0,1,0
6,10,35,36,0,0,1,0
6,10,36,37,0,0,1,0
6,10,37,38,0,0,1,0
6,10,38,39,0,0,1,0
6,10,39,40,0,0,1,0
6,10,40,41,0,0,1,0
6,10,41,42,0,0,1,0
6,10,42,43,0,0,1,0
6,10,43,44,0,0,1,0
6,10,44,45,0,0,1,0
6,10,45,46,0,0,1,0
6,10,46,47,0,0,1,0
6,10,47,48,0,0,1,0
6,10,48,49,0,0,1,0
6,10,49,50,0,0,1,0
12,5,0,4,0,0,4,0
12,5,1,5,0,0,4,0
12,5,2,6,0,0,4,0
12,5,3,7,0,0,4,0
12,5,4,8,0,0,4,0
12,5,5,9,0,0,4,0
12,5,6,10,0,0,4,0
12,5,7,11,0,0,4,0
12,5,8,12,0,0,4,0
12,5,9,13,0,0,4,0
12,5,10,14,0,0,4,0
12,5,11,15,0,0,4,0
12,5,12,16,0,0,4,0
12,5,13,17,0,0,4,0
12,5,14,18,0,0,4,0
12,5,15,19,0,0,4,0
12,5,16,20,0,0,4,0
12,5,17,21,0,0,4,0
12,5,18,22,0,0,4,0
12,5,19,23,0,0,4,0
12,5,20,24,0,0,4,0
12,5,21,25,0,0,4,0
12,5,22,26,0,0,4,0
12,5,23,27,0,0,4,0
12,5,24,28,0,0,4,0
12,5,25,29,0,0,4,0
12,5,26,30,0,0,4,0
12,5,27,31,0,0,4,0
12,5,28,32,0,0,4,0
12,5,29,33,0,0,4,0
12,5,30,34,0,0,4,0
12,5,31,35,0,0,4,0
12,5,32,36,0,0,4,0
12,5,33,37,0,0,4,0
12,5,34,38,0,0,4,0
12,5,35,39,0,0,4,0
12,5,36,40,0,0,4,0
12,5,37,41,0,0,4,0
12,5,38,42,0,0,4,0
12,5,39,43,0,0,4,0
12,5,40,44,0,0,4,0
12,5,41,45,0,0,4,0
12,5,42,46,0,0,4,0
12,5,43,47,0,0,4,0
12,5,44,48,0,0,4,0
12,5,45,49,0,0,4,0
12,5,46,50,0,0,4,0
3,2,0,3,0,0,3,0
3,2,1,4,0,0,3,0
3,2,2,5,0,0,3,0
3,2,3,6,0,0,3,0
3,2,4,7,0,0,3,0
3,2,5,8,0,0,3,0
3,2,6,9,0,0,3,0
3,2,7,10,0,0,3,0
3,2,8,11,0,0,3,0
3,2,9,12,0,0,3,0
3,2,10,13,0,0,3,0
3,2,11,14,0,0,3,0
3,2,12,15,0,0,3,0
3,2,13,16,0,0,3,0
3,2,14,17,0,0,3,0
3,2,15,18,0,0,3,0
3,2,16,19,0,0,3,0
3,2,17,20,0,0,3,0
3,2,18,21,0,0,3,0
3,2,19,22,0,0,3,0
3,2,20,23,0,0,3,0
3,2,21,24,0,0,3,0
3,2,22,25,0,0,3,0
3,2,23,26,0,0,3,0
3,2,24,27,0,0,3,0
3,2,25,28,0,0,3,0
3,2,26,29,0,0,3,0
3,2,27,30,0,0,3,0
3,2,28,31,0,0,3,0
3,2,29,32,0,0,3,0
3,2,30,33,0,0,3,0
3,2,31,34,0,0,3,0
3,2,32,35,0,0,3,0
3,2,33,36,0,0,3,0
3,2,34,37,0,0,3,0
3,2,35,38,0,0,3,0
3,2,36,39,0,0,3,0
3,2,37,40,0,0,3,0
3,2,38,41,0,0,3,0
3,2,39,42,0,0,3,0
3,2,40,43,0,0,3,0
3,2,41,44,0,0,3,0
3,2,42,45,0,0,3,0
3,2,43,46,0,0,3,0
3,2,44,47,0,0,3,0
3,2,45,48,0,0,3,0
3,2,46,49,0,0,3,0
3,2,47,50,0,0,3,0
14,2,0,5,0,0,5,0
14,2,1,6,0,0,5,0
14,2,2,7,0,0,5,0
14,2,3,8,0,0,5,0
14,2,4,9,0,0,5,0
14,2,5,10,0,0,5,0
14,2,6,11,0,0,5,0
14,2,7,12,0,0,5,0
14,2,8,13,0,0,5,0
14,2,9,14,0,0,5,0
14,2,10,15,0,0,5,0
14,2,11,16,0,0,5,0
14,2,12,17,0,0,5,0
14,2,13,18,0,0,5,0
14,2,14,19,0,0,5,0
14,2,15,20,0,0,5,0
14,2,16,21,0,0,5,0
14,2,17,22,0,0,5,0
14,2,18,23,0,0,5,0
14,2,19,24,0,0,5,0
14,2,20,25,0,0,5,0
14,2,21,26,0,0,5,0
14,2,22,27,0,0,5,0
14,2,23,28,0,0,5,0
14,2,24,29,0,0,5,0
14,2,25,30,0,0,5,0
14,2,26,31,0,0,5,0
14,2,27,32,0,0,5,0
14,2,28,33,0,0,5,0
14,2,29,34,0,0,5,0
14,2,30,35,0,0,5,0
14,2,31,36,0,0,5,0
14,2,32,37,0,0,5,0
14,2,33,38,0,0,5,0
14,2,34,39,0,0,5,0
14,2,35,40,0,0,5,0
14,2,36,41,0,0,5,0
14,2,37,42,0,0,5,0
14,2,38,43,0,0,5,0
14,2,39,44,0,0,5,0
14,2,40,45,0,0,5,0
14,2,41,46,0,0,5,0
14,2,42,47,0,0,5,0
14,2,43,48,0,0,5,0
14,2,44,49,0,0,5,0
14,2,45,50,0,0,5,0
4,1,0,5,0,0,5,0
4,1,1,6,0,0,5,0
4,1,2,7,0,0,5,0
4,1,3,8,0,0,5,0
4,1,4,9,0,0,5,0
4,1,5,10,0,0,5,0
4,1,6,11,0,0,5,0
4,1,7,12,0,0,5,0
4,1,8,13,0,0,5,0
4,1,9,14,0,0,5,0
4,1,10,15,0,0,5,0
4,1,11,16,0,0,5,0
4,1,12,17,0,0,5,0
4,1,13,18,0,0,5,0
4,1,14,19,0,0,5,0
4,1,15,20,0,0,5,0
4,1,16,21,0,0,5,0
4,1,17,22,0,0,5,0
4,1,18,23,0,0,5,0
4,1,19,24,0,0,5,0
4,1,20,25,0,0,5,0
4,1,21,26,0,0,5,0
4,1,22,27,0,0,5,0
4,1,23,28,0,0,5,0
4,1,24,29,0,0,5,0
4,1,25,30,0,0,5,0
4,1,26,31,0,0,5,0
4,1,27,32,0,0,5,0
4,1,28,33,0,0,5,0
4,1,29,34,0,0,5,0
4,1,30,35,0,0,5,0
4,1,31,36,0,0,5,0
4,1,32,37,0,0,5,0
4,1,33,38,0,0,5,0
4,1,34,39,0,0,5,0
4,1,35,40,0,0,5,0
4,1,36,41,0,0,5,0
4,1,37,42,0,0,5,0
4,1,38,43,0,0,5,0
4,1,39,44,0,0,5,0
4,1,40,45,0,0,5,0
4,1,41,46,0,0,5,0
4,1,42,47,0,0,5,0
4,1,43,48,0,0,5,0
4,1,44,49,0,0,5,0
4,1,45,50,0,0,5,0
12,14,0,3,0,0,3,0
12,14,1,4,0,0,3,0
12,14,2,5,0,0,3,0
12,14,3,6,0,0,3,0
12,14,4,7,0,0,3,0
12,14,5,8,0,0,3,0
12,14,6,9,0,0,3,0
12,14,7,10,0,0,3,0
12,14,8,11,0,0,3,0
12,14,9,12,0,0,3,0
12,14,10,13,0,0,3,0
12,14,11,14,0,0,3,0
12,14,12,15,0,0,3,0
12,14,13,16,0,0,3,0
12,14,14,17,0,0,3,0
12,14,15,18,0,0,3,0
12,14,16,19,0,0,3,0
12,14,17,20,0,0,3,0
12,14,18,21,0,0,3,0
12,14,19,22,0,0,3,0
12,14,20,23,0,0,3,0
12,14,21,24,0,0,3,0
12,14,22,25,0,0,3,0
12,14,23,26,0,0,3,0
12,14,24,27,0,0,3,0
12,14,25,28,0,0,3,0
12,14,26,29,0,0,3,0
12,14,27,30,0,0,3,0
12,14,28,31,0,0,3,0
12,14,29,32,0,0,3,0
12,14,30,33,0,0,3,0
12,14,31,34,0,0,3,0
12,14,32,35,0,0,3,0
12,14,33,36,0,0,3,0
12,14,34,37,0,0,3,0
12,14,35,38,0,0,3,0
12,14,36,39,0,0,3,0
12,14,37,40,0,0,3,0
12,14,38,41,0,0,3,0
12,14,39,42,0,0,3,0
12,14,40,43,0,0,3,0
12,14,41,44,0,0,3,0
12,14,42,45,0,0,3,0
12,14,43,46,0,0,3,0
12,14,44,47,0,0,3,0
12,14,45,48,0,0,3,0
12,14,46,49,0,0,3,0
12,14,47,50,0,0,3,0
3,11,0,3,0,0,3,0
3,11,1,4,0,0,3,0
3,11,2,5,0,0,3,0
3,11,3,6,0,0,3,0
3,11,4,7,0,0,3,0
3,11,5,8,0,0,3,0
3,11,6,9,0,0,3,0
3,11,7,10,0,0,3,0
3,11,8,11,0,0,3,0
3,11,9,12,0,0,3,0
3,11,10,13,0,0,3,0
3,11,11,14,0,0,3,0
3,11,12,15,0,0,3,0
3,11,13,16,0,0,3,0
3,11,14,17,0,0,3,0
3,11,15,18,0,0,3,0
3,11,16,19,0,0,3,0
3,11,17,20,0,0,3,0
3,11,18,21,0,0,3,0
3,11,19,22,0,0,3,0
3,11,20,23,0,0,3,0
3,11,21,24,0,0,3,0
3,11,22,25,0,0,3,0
3,11,23,26,0,0,3,0
3,11,24,27,0,0,3,0
3,11,25,28,0,0,3,0
3,11,26,29,0,0,3,0
3,11,27,30,0,0,3,0
3,11,28,31,0,0,3,0
3,11,29,32,0,0,3,0
3,11,30,33,0,0,3,0
3,11,31,34,0,0,3,0
3,11,32,35,0,0,3,0
3,11,33,36,0,0,3,0
3,11,34,37,0,0,3,0
3,11,35,38,0,0,3,0
3,11,36,39,0,0,3,0
3,11,37,40,0,0,3,0
3,11,38,41,0,0,3,0
3,11,39,42,0,0,3,0
3,11,40,43,0,0,3,0
3,11,41,44,0,0,3,0
3,11,42,45,0,0,3,0
3,11,43,46,0,0,3,0
3,11,44,47,0,0,3,0
3,11,45,48,0,0,3,0
3,11,46,49,0,0,3,0
3,11,47,50,0,0,3,0
14,11,0,6,0,0,6,0
14,11,1,7,0,0,6,0
14,11,2,8,0,0,6,0
14,11,3,9,0,0,6,0
14,11,4,10,0,0,6,0
14,11,5,11,0,0,6,0
14,11,6,12,0,0,6,0
14,11,7,13,0,0,6,0
14,11,8,14,0,0,6,0
14,11,9,15,0,0,6,0
14,11,10,16,0,0,6,0
14,11,11,17,0,0,6,0
14,11,12,18,0,0,6,0
14,11,13,19,0,0,6,0
14,11,14,20,0,0,6,0
14,11,15,21,0,0,6,0
14,11,16,22,0,0,6,0
14,11,17,23,0,0,6,0
14,11,18,24,0,0,6,0
14,11,19,25,0,0,6,0
14,11,20,26,0,0,6,0
14,11,21,27,0,0,6,0
14,11,22,28,0,0,6,0
14,11,23,29,0,0,6,0
14,11,24,30,0,0,6,0
14,11,25,31,0,0,6,0
14,11,26,32,0,0,6,0
14,11,27,33,0,0,6,0
14,11,28,34,0,0,6,0
14,11,29,35,0,0,6,0
14,11,30,36,0,0,6,0
14,11,31,37,0,0,6,0
14,11,32,38,0,0,6,0
14,11,33,39,0,0,6,0
14,11,34,40,0,0,6,0
14,11,35,41,0,0,6,0
14,11,36,42,0,0,6,0
14,11,37,43,0,0,6,0
14,11,38,44,0,0,6,0
14,11,39,45,0,0,6,0
14,11,40,46,0,0,6,0
14,11,41,47,0,0,6,0
14,11,42,48,0,0,6,0
14,11,43,49,0,0,6,0
14,11,44,50,0,0,6,0
4,10,0,4,0,0,4,0
4,10,1,5,0,0,4,0
4,10,2,6,0,0,4,0
4,10,3,7,0,0,4,0
4,10,4,8,0,0,4,0
4,10,5,9,0,0,4,0
4,10,6,10,0,0,4,0
4,10,7,11,0,0,4,0
4,10,8,12,0,0,4,0
4,10,9,13,0,0,4,0
4,10,10,14,0,0,4,0
4,10,11,15,0,0,4,0
4,10,12,16,0,0,4,0
4,10,13,17,0,0,4,0
4,10,14,18,0,0,4,0
4,10,15,19,0,0,4,0
4,10,16,20,0,0,4,0
4,10,17,21,0,0,4,0
4,10,18,22,0,0,4,0
4,10,19,23,0,0,4,0
4,10,20,24,0,0,4,0
4,10,21,25,0,0,4,0
4,10,22,26,0,0,4,0
4,10,23,27,0,0,4,0
4,10,24,28,0,0,4,0
4,10,25,29,0,0,4,0
4,10,26,30,0,0,4,0
4,10,27,31,0,0,4,0
4,10,28,32,0,0,4,0
4,10,29,33,0,0,4,0
4,10,30,34,0,0,4,0
4,10,31,35,0,0,4,0
4,10,32,36,0,0,4,0
4,10,33,37,0,0,4,0
4,10,34,38,0,0,4,0
4,10,35,39,0,0,4,0
4,10,36,40,0,0,4,0
4,10,37,41,0,0,4,0
4,10,38,42,0,0,4,0
4,10,39,43,0,0,4,0
4,10,40,44,0,0,4,0
4,10,41,45,0,0,4,0
4,10,42,46,0,0,4,0
4,10,43,47,0,0,4,0
4,10,44,48,0,0,4,0
4,10,45,49,0,0,4,0
4,10,46,50,0,0,4,0
8,1,0,3,0,0,3,0
8,1,1,4,0,0,3,0
8,1,2,5,0,0,3,0
8,1,3,6,0,0,3,0
8,1,4,7,0,0,3,0
8,1,5,8,0,0,3,0
8,1,6,9,0,0,3,0
8,1,7,10,0,0,3,0
8,1,8,11,0,0,3,0
8,1,9,12,0,0,3,0
8,1,10,13,0,0,3,0
8,1,11,14,0,0,3,0
8,1,12,15,0,0,3,0
8,1,13,16,0,0,3,0
8,1,14,17,0,0,3,0
8,1,15,18,0,0,3,0
8,1,16,19,0,0,3,0
8,1,17,20,0,0,3,0
8,1,18,21,0,0,3,0
8,1,19,22,0,0,3,0
8,1,20,23,0,0,3,0
8,1,21,24,0,0,3,0
8,1,22,25,0,0,3,0
8,1,23,26,0,0,3,0
8,1,24,27,0,0,3,0
8,1,25,28,0,0,3,0
8,1,26,29,0,0,3,0
8,1,27,30,0,0,3,0
8,1,28,31,0,0,3,0
8,1,29,32,0,0,3,0
8,1,30,33,0,0,3,0
8,1,31,34,0,0,3,0
8,1,32,35,0,0,3,0
8,1,33,36,0,0,3,0
8,1,34,37,0,0,3,0
8,1,35,38,0,0,3,0
8,1,36,39,0,0,3,0
8,1,37,40,0,0,3,0
8,1,38,41,0,0,3,0
8,1,39,42,0,0,3,0
8,1,40,43,0,0,3,0
8,1,41,44,0,0,3,0
8,1,42,45,0,0,3,0
8,1,43,46,0,0,3,0
8,1,44,47,0,0,3,0
8,1,45,48,0,0,3,0
8,1,46,49,0,0,3,0
8,1,47,50,0,0,3,0
8,10,0,4,0,0,4,0
8,10,1,5,0,0,4,0
8,10,2,6,0,0,4,0
8,10,3,7,0,0,4,0
8,10,4,8,0,0,4,0
8,10,5,9,0,0,4,0
8,10,6,10,0,0,4,0
8,10,7,11,0,0,4,0
8,10,8,12,0,0,4,0
8,10,9,13,0,0,4,0
8,10,10,14,0,0,4,0
8,10,11,15,0,0,4,0
8,10,12,16,0,0,4,0
8,10,13,17,0,0,4,0
8,10,14,18,0,0,4,0
8,10,15,19,0,0,4,0
8,10,16,20,0,0,4,0
8,10,17,21,0,0,4,0
8,10,18,22,0,0,4,0
8,10,19,23,0,0,4,0
8,10,20,24,0,0,4,0
8,10,21,25,0,0,4,0
8,10,22,26,0,0,4,0
8,10,23,27,0,0,4,0
8,10,24,28,0,0,4,0
8,10,25,29,0,0,4,0
8,10,26,30,0,0,4,0
8,10,27,31,0,0,4,0
8,10,28,32,0,0,4,0
8,10,29,33,0,0,4,0
8,10,30,34,0,0,4,0
8,10,31,35,0,0,4,0
8,10,32,36,0,0,4,0
8,10,33,37,0,0,4,0
8,10,34,38,0,0,4,0
8,10,35,39,0,0,4,0
8,10,36,40,0,0,4,0
8,10,37,41,0,0,4,0
8,10,38,42,0,0,4,0
8,10,39,43,0,0,4,0
8,10,40,44,0,0,4,0
8,10,41,45,0,0,4,0
8,10,42,46,0,0,4,0
8,10,43,47,0,0,4,0
8,10,44,48,0,0,4,0
8,10,45,49,0,0,4,0
8,10,46,50,0,0,4,0
10,7,0,3,0,0,3,0
10,7,1,4,0,0,3,0
10,7,2,5,0,0,3,0
10,7,3,6,0,0,3,0
10,7,4,7,0,0,3,0
10,7,5,8,0,0,3,0
10,7,6,9,0,0,3,0
10,7,7,10,0,0,3,0
10,7,8,11,0,0,3,0
10,7,9,12,0,0,3,0
10,7,10,13,0,0,3,0
10,7,11,14,0,0,3,0
10,7,12,15,0,0,3,0
10,7,13,16,0,0,3,0
10,7,14,17,0,0,3,0
10,7,15,18,0,0,3,0
10,7,16,19,0,0,3,0
10,7,17,20,0,0,3,0
10,7,18,21,0,0,3,0
10,7,19,22,0,0,3,0
10,7,20,23,0,0,3,0
10,7,21,24,0,0,3,0
10,7,22,25,0,0,3,0
10,7,23,26,0,0,3,0
10,7,24,27,0,0,3,0
10,7,25,28,0,0,3,0
10,7,26,29,0,0,3,0
10,7,27,30,0,0,3,0
10,7,28,31,0,0,3,0
10,7,29,32,0,0,3,0
10,7,30,33,0,0,3,0
10,7,31,34,0,0,3,0
10,7,32,35,0,0,3,0
10,7,33,36,0,0,3,0
10,7,34,37,0,0,3,0
10,7,35,38,0,0,3,0
10,7,36,39,0,0,3,0
10,7,37,40,0,0,3,0
10,7,38,41,0,0,3,0
10,7,39,42,0,0,3,0
10,7,40,43,0,0,3,0
10,7,41,44,0,0,3,0
10,7,42,45,0,0,3,0
10,7,43,46,0,0,3,0
10,7,44,47,0,0,3,0
10,7,45,48,0,0,3,0
10,7,46,49,0,0,3,0
10,7,47,50,0,0,3,0
1,4,0,5,0,0,5,0
1,4,1,6,0,0,5,0
1,4,2,7,0,0,5,0
1,4,3,8,0,0,5,0
1,4,4,9,0,0,5,0
1,4,5,10,0,0,5,0
1,4,6,11,0,0,5,0
1,4,7,12,0,0,5,0
1,4,8,13,0,0,5,0
1,4,9,14,0,0,5,0
1,4,10,15,0,0,5,0
1,4,11,16,0,0,5,0
1,4,12,17,0,0,5,0
1,4,13,18,0,0,5,0
1,4,14,19,0,0,5,0
1,4,15,20,0,0,5,0
1,4,16,21,0,0,5,0
1,4,17,22,0,0,5,0
1,4,18,23,0,0,5,0
1,4,19,24,0,0,5,0
1,4,20,25,0,0,5,0
1,4,21,26,0,0,5,0
1,4,22,27,0,0,5,0
1,4,23,28,0,0,5,0
1,4,24,29,0,0,5,0
1,4,25,30,0,0,5,0
1,4,26,31,0,0,5,0
1,4,27,32,0,0,5,0
1,4,28,33,0,0,5,0
1,4,29,34,0,0,5,0
1,4,30,35,0,0,5,0
1,4,31,36,0,0,5,0
1,4,32,37,0,0,5,0
1,4,33,38,0,0,5,0
1,4,34,39,0,0,5,0
1,4,35,40,0,0,5,0
1,4,36,41,0,0,5,0
1,4,37,42,0,0,5,0
1,4,38,43,0,0,5,0
1,4,39,44,0,0,5,0
1,4,40,45,0,0,5,0
1,4,41,46,0,0,5,0
1,4,42,47,0,0,5,0
1,4,43,48,0,0,5,0
1,4,44,49,0,0,5,0
1,4,45,50,0,0,5,0
0,6,0,2,0,0,2,0
0,6,1,3,0,0,2,0
0,6,2,4,0,0,2,0
0,6,3,5,0,0,2,0
0,6,4,6,0,0,2,0
0,6,5,7,0,0,2,0
0,6,6,8,0,0,2,0
0,6,7,9,0,0,2,0
0,6,8,10,0,0,2,0
0,6,9,11,0,0,2,0
0,6,10,12,0,0,2,0
0,6,11,13,0,0,2,0
0,6,12,14,0,0,2,0
0,6,13,15,0,0,2,0
0,6,14,16,0,0,2,0
0,6,15,17,0,0,2,0
0,6,16,18,0,0,2,0
0,6,17,19,0,0,2,0
0,6,18,20,0,0,2,0
0,6,19,21,0,0,2,0
0,6,20,22,0,0,2,0
0,6,21,23,0,0,2,0
0,6,22,24,0,0,2,0
0,6,23,25,0,0,2,0
0,6,24,26,0,0,2,0
0,6,25,27,0,0,2,0
0,6,26,28,0,0,2,0
0,6,27,29,0,0,2,0
0,6,28,30,0,0,2,0
0,6,29,31,0,0,2,0
0,6,30,32,0,0,2,0
0,6,31,33,0,0,2,0
0,6,32,34,0,0,2,0
0,6,33,35,0,0,2,0
0,6,34,36,0,0,2,0
0,6,35,37,0,0,2,0
0,6,36,38,0,0,2,0
0,6,37,39,0,0,2,0
0,6,38,40,0,0,2,0
0,6,39,41,0,0,2,0
0,6,40,42,0,0,2,0
0,6,41,43,0,0,2,0
0,6,42,44,0,0,2,0
0,6,43,45,0,0,2,0
0,6,44,46,0,0,2,0
0,6,45,47,0,0,2,0
0,6,46,48,0,0,2,0
0,6,47,49,0,0,2,0
0,6,48,50,0,0,2,0
2,3,0,3,0,0,3,0
2,3,1,4,0,0,3,0
2,3,2,5,0,0,3,0
2,3,3,6,0,0,3,0
2,3,4,7,0,0,3,0
2,3,5,8,0,0,3,0
2,3,6,9,0,0,3,0
2,3,7,10,0,0,3,0
2,3,8,11,0,0,3,0
2,3,9,12,0,0,3,0
2,3,10,13,0,0,3,0
2,3,11,14,0,0,3,0
2,3,12,15,0,0,3,0
2,3,13,16,0,0,3,0
2,3,14,17,0,0,3,0
2,3,15,18,0,0,3,0
2,3,16,19,0,0,3,0
2,3,17,20,0,0,3,0
2,3,18,21,0,0,3,0
2,3,19,22,0,0,3,0
2,3,20,23,0,0,3,0
2,3,21,24,0,0,3,0
2,3,22,25,0,0,3,0
2,3,23,26,0,0,3,0
2,3,24,27,0,0,3,0
2,3,25,28,0,0,3,0
2,3,26,29,0,0,3,0
2,3,27,30,0,0,3,0
2,3,28,31,0,0,3,0
2,3,29,32,0,0,3,0
2,3,30,33,0,0,3,0
2,3,31,34,0,0,3,0
2,3,32,35,0,0,3,0
2,3,33,36,0,0,3,0
2,3,34,37,0,0,3,0
2,3,35,38,0,0,3,0
2,3,36,39,0,0,3,0
2,3,37,40,0,0,3,0
2,3,38,41,0,0,3,0
2,3,39,42,0,0,3,0
2,3,40,43,0,0,3,0
2,3,41,44,0,0,3,0
2,3,42,45,0,0,3,0
2,3,43,46,0,0,3,0
2,3,44,47,0,0,3,0
2,3,45,48,0,0,3,0
2,3,46,49,0,0,3,0
2,3,47,50,0,0,3,0
11,6,0,5,0,0,5,0
11,6,1,6,0,0,5,0
11,6,2,7,0,0,5,0
11,6,3,8,0,0,5,0
11,6,4,9,0,0,5,0
11,6,5,10,0,0,5,0
11,6,6,11,0,0,5,0
11,6,7,12,0,0,5,0
11,6,8,13,0,0,5,0
11,6,9,14,0,0,5,0
11,6,10,15,0,0,5,0
11,6,11,16,0,0,5,0
11,6,12,17,0,0,5,0
11,6,13,18,0,0,5,0
11,6,14,19,0,0,5,0
11,6,15,20,0,0,5,0
11,6,16,21,0,0,5,0
11,6,17,22,0,0,5,0
11,6,18,23,0,0,5,0
11,6,19,24,0,0,5,0
11,6,20,25,0,0,5,0
11,6,21,26,0,0,5,0
11,6,22,27,0,0,5,0
11,6,23,28,0,0,5,0
11,6,24,29,0,0,5,0
11,6,25,30,0,0,5,0
11,6,26,31,0,0,5,0
11,6,27,32,0,0,5,0
11,6,28,33,0,0,5,0
11,6,29,34,0,0,5,0
11,6,30,35,0,0,5,0
11,6,31,36,0,0,5,0
11,6,32,37,0,0,5,0
11,6,33,38,0,0,5,0
11,6,34,39,0,0,5,0
11,6,35,40,0,0,5,0
11,6,36,41,0,0,5,0
11,6,37,42,0,0,5,0
11,6,38,43,0,0,5,0
11,6,39,44,0,0,5,0
11,6,40,45,0,0,5,0
11,6,41,46,0,0,5,0
11,6,42,47,0,0,5,0
11,6,43,48,0,0,5,0
11,6,44,49,0,0,5,0
11,6,45,50,0,0,5,0
1,13,0,4,0,0,4,0
1,13,1,5,0,0,4,0
1,13,2,6,0,0,4,0
1,13,3,7,0,0,4,0
1,13,4,8,0,0,4,0
1,13,5,9,0,0,4,0
1,13,6,10,0,0,4,0
1,13,7,11,0,0,4,0
1,13,8,12,0,0,4,0
1,13,9,13,0,0,4,0
1,13,10,14,0,0,4,0
1,13,11,15,0,0,4,0
1,13,12,16,0,0,4,0
1,13,13,17,0,0,4,0
1,13,14,18,0,0,4,0
1,13,15,19,0,0,4,0
1,13,16,20,0,0,4,0
1,13,17,21,0,0,4,0
1,13,18,22,0,0,4,0
1,13,19,23,0,0,4,0
1,13,20,24,0,0,4,0
1,13,21,25,0,0,4,0
1,13,22,26,0,0,4,0
1,13,23,27,0,0,4,0
1,13,24,28,0,0,4,0
1,13,25,29,0,0,4,0
1,13,26,30,0,0,4,0
1,13,27,31,0,0,4,0
1,13,28,32,0,0,4,0
1,13,29,33,0,0,4,0
1,13,30,34,0,0,4,0
1,13,31,35,0,0,4,0
1,13,32,36,0,0,4,0
1,13,33,37,0,0,4,0
1,13,34,38,0,0,4,0
1,13,35,39,0,0,4,0
1,13,36,40,0,0,4,0
1,13,37,41,0,0,4,0
1,13,38,42,0,0,4,0
1,13,39,43,0,0,4,0
1,13,40,44,0,0,4,0
1,13,41,45,0,0,4,0
1,13,42,46,0,0,4,0
1,13,43,47,0,0,4,0
1,13,44,48,0,0,4,0
1,13,45,49,0,0,4,0
1,13,46,50,0,0,4,0
2,12,0,2,0,0,2,0
2,12,1,3,0,0,2,0
2,12,2,4,0,0,2,0
2,12,3,5,0,0,2,0
2,12,4,6,0,0,2,0
2,12,5,7,0,0,2,0
2,12,6,8,0,0,2,0
2,12,7,9,0,0,2,0
2,12,8,10,0,0,2,0
2,12,9,11,0,0,2,0
2,12,10,12,0,0,2,0
2,12,11,13,0,0,2,0
2,12,12,14,0,0,2,0
2,12,13,15,0,0,2,0
2,12,14,16,0,0,2,0
2,12,15,17,0,0,2,0
2,12,16,18,0,0,2,0
2,12,17,19,0,0,2,0
2,12,18,20,0,0,2,0
2,12,19,21,0,0,2,0
2,12,20,22,0,0,2,0
2,12,21,23,0,0,2,0
2,12,22,24,0,0,2,0
2,12,23,25,0,0,2,0
2,12,24,26,0,0,2,0
2,12,25,27,0,0,2,0
2,12,26,28,0,0,2,0
2,12,27,29,0,0,2,0
2,12,28,30,0,0,2,0
2,12,29,31,0,0,2,0
2,12,30,32,0,0,2,0
2,12,31,33,0,0,2,0
2,12,32,34,0,0,2,0
2,12,33,35,0,0,2,0
2,12,34,36,0,0,2,0
2,12,35,37,0,0,2,0
2,12,36,38,0,0,2,0
2,12,37,39,0,0,2,0
2,12,38,40,0,0,2,0
2,12,39,41,0,0,2,0
2,12,40,42,0,0,2,0
2,12,41,43,0,0,2,0
2,12,42,44,0,0,2,0
2,12,43,45,0,0,2,0
2,12,44,46,0,0,2,0
2,12,45,47,0,0,2,0
2,12,46,48,0,0,2,0
2,12,47,49,0,0,2,0
2,12,48,50,0,0,2,0
11,15,0,7,0,0,7,0
11,15,1,8,0,0,7,0
11,15,2,9,0,0,7,0
11,15,3,10,0,0,7,0
11,15,4,11,0,0,7,0
11,15,5,12,0,0,7,0
11,15,6,13,0,0,7,0
11,15,7,14,0,0,7,0
11,15,8,15,0,0,7,0
11,15,9,16,0,0,7,0
11,15,10,17,0,0,7,0
11,15,11,18,0,0,7,0
11,15,12,19,0,0,7,0
11,15,13,20,0,0,7,0
11,15,14,21,0,0,7,0
11,15,15,22,0,0,7,0
11,15,16,23,0,0,7,0
11,15,17,24,0,0,7,0
11,15,18,25,0,0,7,0
11,15,19,26,0,0,7,0
11,15,20,27,0,0,7,0
11,15,21,28,0,0,7,0
11,15,22,29,0,0,7,0
11,15,23,30,0,0,7,0
11,15,24,31,0,0,7,0
11,15,25,32,0,0,7,0
11,15,26,33,0,0,7,0
11,15,27,34,0,0,7,0
11,15,28,35,0,0,7,0
11,15,29,36,0,0,7,0
11,15,30,37,0,0,7,0
11,15,31,38,0,0,7,0
11,15,32,39,0,0,7,0
11,15,33,40,0,0,7,0
11,15,34,41,0,0,7,0
11,15,35,42,0,0,7,0
11,15,36,43,0,0,7,0
11,15,37,44,0,0,7,0
11,15,38,45,0,0,7,0
11,15,39,46,0,0,7,0
11,15,40,47,0,0,7,0
11,15,41,48,0,0,7,0
11,15,42,49,0,0,7,0
11,15,43,50,0,0,7,0
6,3,0,5,0,0,5,0
6,3,1,6,0,0,5,0
6,3,2,7,0,0,5,0
6,3,3,8,0,0,5,0
6,3,4,9,0,0,5,0
6,3,5,10,0,0,5,0
6,3,6,11,0,0,5,0
6,3,7,12,0,0,5,0
6,3,8,13,0,0,5,0
6,3,9,14,0,0,5,0
6,3,10,15,0,0,5,0
6,3,11,16,0,0,5,0
6,3,12,17,0,0,5,0
6,3,13,18,0,0,5,0
6,3,14,19,0,0,5,0
6,3,15,20,0,0,5,0
6,3,16,21,0,0,5,0
6,3,17,22,0,0,5,0
6,3,18,23,0,0,5,0
6,3,19,24,0,0,5,0
6,3,20,25,0,0,5,0
6,3,21,26,0,0,5,0
6,3,22,27,0,0,5,0
6,3,23,28,0,0,5,0
6,3,24,29,0,0,5,0
6,3,25,30,0,0,5,0
6,3,26,31,0,0,5,0
6,3,27,32,0,0,5,0
6,3,28,33,0,0,5,0
6,3,29,34,0,0,5,0
6,3,30,35,0,0,5,0
6,3,31,36,0,0,5,0
6,3,32,37,0,0,5,0
6,3,33,38,0,0,5,0
6,3,34,39,0,0,5,0
6,3,35,40,0,0,5,0
6,3,36,41,0,0,5,0
6,3,37,42,0,0,5,0
6,3,38,43,0,0,5,0
6,3,39,44,0,0,5,0
6,3,40,45,0,0,5,0
6,3,41,46,0,0,5,0
6,3,42,47,0,0,5,0
6,3,43,48,0,0,5,0
6,3,44,49,0,0,5,0
6,3,45,50,0,0,5,0
6,12,0,4,0,0,4,0
6,12,1,5,0,0,4,0
6,12,2,6,0,0,4,0
6,12,3,7,0,0,4,0
6,12,4,8,0,0,4,0
6,12,5,9,0,0,4,0
6,12,6,10,0,0,4,0
6,12,7,11,0,0,4,0
6,12,8,12,0,0,4,0
6,12,9,13,0,0,4,0
6,12,10,14,0,0,4,0
6,12,11,15,0,0,4,0
6,12,12,16,0,0,4,0
6,12,13,17,0,0,4,0
6,12,14,18,0,0,4,0
6,12,15,19,0,0,4,0
6,12,16,20,0,0,4,0
6,12,17,21,0,0,4,0
6,12,18,22,0,0,4,0
6,12,19,23,0,0,4,0
6,12,20,24,0,0,4,0
6,12,21,25,0,0,4,0
6,12,22,26,0,0,4,0
6,12,23,27,0,0,4,0
6,12,24,28,0,0,4,0
6,12,25,29,0,0,4,0
6,12,26,30,0,0,4,0
6,12,27,31,0,0,4,0
6,12,28,32,0,0,4,0
6,12,29,33,0,0,4,0
6,12,30,34,0,0,4,0
6,12,31,35,0,0,4,0
6,12,32,36,0,0,4,0
6,12,33,37,0,0,4,0
6,12,34,38,0,0,4,0
6,12,35,39,0,0,4,0
6,12,36,40,0,0,4,0
6,12,37,41,0,0,4,0
6,12,38,42,0,0,4,0
6,12,39,43,0,0,4,0
6,12,40,44,0,0,4,0
6,12,41,45,0,0,4,0
6,12,42,46,0,0,4,0
6,12,43,47,0,0,4,0
6,12,44,48,0,0,4,0
6,12,45,49,0,0,4,0
6,12,46,50,0,0,4,0
12,7,0,4,0,0,4,0
12,7,1,5,0,0,4,0
12,7,2,6,0,0,4,0
12,7,3,7,0,0,4,0
12,7,4,8,0,0,4,0
12,7,5,9,0,0,4,0
12,7,6,10,0,0,4,0
12,7,7,11,0,0,4,0
12,7,8,12,0,0,4,0
12,7,9,13,0,0,4,0
12,7,10,14,0,0,4,0
12,7,11,15,0,0,4,0
12,7,12,16,0,0,4,0
12,7,13,17,0,0,4,0
12,7,14,18,0,0,4,0
12,7,15,19,0,0,4,0
12,7,16,20,0,0,4,0
12,7,17,21,0,0,4,0
12,7,18,22,0,0,4,0
12,7,19,23,0,0,4,0
12,7,20,24,0,0,4,0
12,7,21,25,0,0,4,0
12,7,22,26,0,0,4,0
12,7,23,27,0,0,4,0
12,7,24,28,0,0,4,0
12,7,25,29,0,0,4,0
12,7,26,30,0,0,4,0
12,7,27,31,0,0,4,0
12,7,28,32,0,0,4,0
12,7,29,33,0,0,4,0
12,7,30,34,0,0,4,0
12,7,31,35,0,0,4,0
12,7,32,36,0,0,4,0
12,7,33,37,0,0,4,0
12,7,34,38,0,0,4,0
12,7,35,39,0,0,4,0
12,7,36,40,0,0,4,0
12,7,37,41,0,0,4,0
12,7,38,42,0,0,4,0
12,7,39,43,0,0,4,0
12,7,40,44,0,0,4,0
12,7,41,45,0,0,4,0
12,7,42,46,0,0,4,0
12,7,43,47,0,0,4,0
12,7,44,48,0,0,4,0
12,7,45,49,0,0,4,0
12,7,46,50,0,0,4,0
3,4,0,8,0,0,8,0
3,4,1,9,0,0,8,0
3,4,2,10,0,0,8,0
3,4,3,11,0,0,8,0
3,4,4,12,0,0,8,0
3,4,5,13,0,0,8,0
3,4,6,14,0,0,8,0
3,4,7,15,0,0,8,0
3,4,8,16,0,0,8,0
3,4,9,17,0,0,8,0
3,4,10,18,0,0,8,0
3,4,11,19,0,0,8,0
3,4,12,20,0,0,8,0
3,4,13,21,0,0,8,0
3,4,14,22,0,0,8,0
3,4,15,23,0,0,8,0
3,4,16,24,0,0,8,0
3,4,17,25,0,0,8,0
3,4,18,26,0,0,8,0
3,4,19,27,0,0,8,0
3,4,20,28,0,0,8,0
3,4,21,29,0,0,8,0
3,4,22,30,0,0,8,0
3,4,23,31,0,0,8,0
3,4,24,32,0,0,8,0
3,4,25,33,0,0,8,0
3,4,26,34,0,0,8,0
3,4,27,35,0,0,8,0
3,4,28,36,0,0,8,0
3,4,29,37,0,0,8,0
3,4,30,38,0,0,8,0
3,4,31,39,0,0,8,0
3,4,32,40,0,0,8,0
3,4,33,41,0,0,8,0
3,4,34,42,0,0,8,0
3,4,35,43,0,0,8,0
3,4,36,44,0,0,8,0
3,4,37,45,0,0,8,0
3,4,38,46,0,0,8,0
3,4,39,47,0,0,8,0
3,4,40,48,0,0,8,0
3,4,41,49,0,0,8,0
3,4,42,50,0,0,8,0
14,4,0,6,0,0,6,0
14,4,1,7,0,0,6,0
14,4,2,8,0,0,6,0
14,4,3,9,0,0,6,0
14,4,4,10,0,0,6,0
14,4,5,11,0,0,6,0
14,4,6,12,0,0,6,0
14,4,7,13,0,0,6,0
14,4,8,14,0,0,6,0
14,4,9,15,0,0,6,0
14,4,10,16,0,0,6,0
14,4,11,17,0,0,6,0
14,4,12,18,0,0,6,0
14,4,13,19,0,0,6,0
14,4,14,20,0,0,6,0
14,4,15,21,0,0,6,0
14,4,16,22,0,0,6,0
14,4,17,23,0,0,6,0
14,4,18,24,0,0,6,0
14,4,19,25,0,0,6,0
14,4,20,26,0,0,6,0
14,4,21,27,0,0,6,0
14,4,22,28,0,0,6,0
14,4,23,29,0,0,6,0
14,4,24,30,0,0,6,0
14,4,25,31,0,0,6,0
14,4,26,32,0,0,6,0
14,4,27,33,0,0,6,0
14,4,28,34,0,0,6,0
14,4,29,35,0,0,6,0
14,4,30,36,0,0,6,0
14,4,31,37,0,0,6,0
14,4,32,38,0,0,6,0
14,4,33,39,0,0,6,0
14,4,34,40,0,0,6,0
14,4,35,41,0,0,6,0
14,4,36,42,0,0,6,0
14,4,37,43,0,0,6,0
14,4,38,44,0,0,6,0
14,4,39,45,0,0,6,0
14,4,40,46,0,0,6,0
14,4,41,47,0,0,6,0
14,4,42,48,0,0,6,0
14,4,43,49,0,0,6,0
14,4,44,50,0,0,6,0
4,3,0,8,0,0,8,0
4,3,1,9,0,0,8,0
4,3,2,10,0,0,8,0
4,3,3,11,0,0,8,0
4,3,4,12,0,0,8,0
4,3,5,13,0,0,8,0
4,3,6,14,0,0,8,0
4,3,7,15,0,0,8,0
4,3,8,16,0,0,8,0
4,3,9,17,0,0,8,0
4,3,10,18,0,0,8,0
4,3,11,19,0,0,8,0
4,3,12,20,0,0,8,0
4,3,13,21,0,0,8,0
4,3,14,22,0,0,8,0
4,3,15,23,0,0,8,0
4,3,16,24,0,0,8,0
4,3,17,25,0,0,8,0
4,3,18,26,0,0,8,0
4,3,19,27,0,0,8,0
4,3,20,28,0,0,8,0
4,3,21,29,0,0,8,0
4,3,22,30,0,0,8,0
4,3,23,31,0,0,8,0
4,3,24,32,0,0,8,0
4,3,25,33,0,0,8,0
4,3,26,34,0,0,8,0
4,3,27,35,0,0,8,0
4,3,28,36,0,0,8,0
4,3,29,37,0,0,8,0
4,3,30,38,0,0,8,0
4,3,31,39,0,0,8,0
4,3,32,40,0,0,8,0
4,3,33,41,0,0,8,0
4,3,34,42,0,0,8,0
4,3,35,43,0,0,8,0
4,3,36,44,0,0,8,0
4,3,37,45,0,0,8,0
4,3,38,46,0,0,8,0
4,3,39,47,0,0,8,0
4,3,40,48,0,0,8,0
4,3,41,49,0,0,8,0
4,3,42,50,0,0,8,0
4,12,0,7,0,0,7,0
4,12,1,8,0,0,7,0
4,12,2,9,0,0,7,0
4,12,3,10,0,0,7,0
4,12,4,11,0,0,7,0
4,12,5,12,0,0,7,0
4,12,6,13,0,0,7,0
4,12,7,14,0,0,7,0
4,12,8,15,0,0,7,0
4,12,9,16,0,0,7,0
4,12,10,17,0,0,7,0
4,12,11,18,0,0,7,0
4,12,12,19,0,0,7,0
4,12,13,20,0,0,7,0
4,12,14,21,0,0,7,0
4,12,15,22,0,0,7,0
4,12,16,23,0,0,7,0
4,12,17,24,0,0,7,0
4,12,18,25,0,0,7,0
4,12,19,26,0,0,7,0
4,12,20,27,0,0,7,0
4,12,21,28,0,0,7,0
4,12,22,29,0,0,7,0
4,12,23,30,0,0,7,0
4,12,24,31,0,0,7,0
4,12,25,32,0,0,7,0
4,12,26,33,0,0,7,0
4,12,27,34,0,0,7,0
4,12,28,35,0,0,7,0
4,12,29,36,0,0,7,0
4,12,30,37,0,0,7,0
4,12,31,38,0,0,7,0
4,12,32,39,0,0,7,0
4,12,33,40,0,0,7,0
4,12,34,41,0,0,7,0
4,12,35,42,0,0,7,0
4,12,36,43,0,0,7,0
4,12,37,44,0,0,7,0
4,12,38,45,0,0,7,0
4,12,39,46,0,0,7,0
4,12,40,47,0,0,7,0
4,12,41,48,0,0,7,0
4,12,42,49,0,0,7,0
4,12,43,50,0,0,7,0
8,3,0,5,0,0,5,0
8,3,1,6,0,0,5,0
8,3,2,7,0,0,5,0
8,3,3,8,0,0,5,0
8,3,4,9,0,0,5,0
8,3,5,10,0,0,5,0
8,3,6,11,0,0,5,0
8,3,7,12,0,0,5,0
8,3,8,13,0,0,5,0
8,3,9,14,0,0,5,0
8,3,10,15,0,0,5,0
8,3,11,16,0,0,5,0
8,3,12,17,0,0,5,0
8,3,13,18,0,0,5,0
8,3,14,19,0,0,5,0
8,3,15,20,0,0,5,0
8,3,16,21,0,0,5,0
8,3,17,22,0,0,5,0
8,3,18,23,0,0,5,0
8,3,19,24,0,0,5,0
8,3,20,25,0,0,5,0
8,3,21,26,0,0,5,0
8,3,22,27,0,0,5,0
8,3,23,28,0,0,5,0
8,3,24,29,0,0,5,0
8,3,25,30,0,0,5,0
8,3,26,31,0,0,5,0
8,3,27,32,0,0,5,0
8,3,28,33,0,0,5,0
8,3,29,34,0,0,5,0
8,3,30,35,0,0,5,0
8,3,31,36,0,0,5,0
8,3,32,37,0,0,5,0
8,3,33,38,0,0,5,0
8,3,34,39,0,0,5,0
8,3,35,40,0,0,5,0
8,3,36,41,0,0,5,0
8,3,37,42,0,0,5,0
8,3,38,43,0,0,5,0
8,3,39,44,0,0,5,0
8,3,40,45,0,0,5,0
8,3,41,46,0,0,5,0
8,3,42,47,0,0,5,0
8,3,43,48,0,0,5,0
8,3,44,49,0,0,5,0
8,3,45,50,0,0,5,0
10,0,0,3,0,0,3,0
10,0,1,4,0,0,3,0
10,0,2,5,0,0,3,0
10,0,3,6,0,0,3,0
10,0,4,7,0,0,3,0
10,0,5,8,0,0,3,0
10,0,6,9,0,0,3,0
10,0,7,10,0,0,3,0
10,0,8,11,0,0,3,0
10,0,9,12,0,0,3,0
10,0,10,13,0,0,3,0
10,0,11,14,0,0,3,0
10,0,12,15,0,0,3,0
10,0,13,16,0,0,3,0
10,0,14,17,0,0,3,0
10,0,15,18,0,0,3,0
10,0,16,19,0,0,3,0
10,0,17,20,0,0,3,0
10,0,18,21,0,0,3,0
10,0,19,22,0,0,3,0
10,0,20,23,0,0,3,0
10,0,21,24,0,0,3,0
10,0,22,25,0,0,3,0
10,0,23,26,0,0,3,0
10,0,24,27,0,0,3,0
10,0,25,28,0,0,3,0
10,0,26,29,0,0,3,0
10,0,27,30,0,0,3,0
10,0,28,31,0,0,3,0
10,0,29,32,0,0,3,0
10,0,30,33,0,0,3,0
10,0,31,34,0,0,3,0
10,0,32,35,0,0,3,0
10,0,33,36,0,0,3,0
10,0,34,37,0,0,3,0
10,0,35,38,0,0,3,0
10,0,36,39,0,0,3,0
10,0,37,40,0,0,3,0
10,0,38,41,0,0,3,0
10,0,39,42,0,0,3,0
10,0,40,43,0,0,3,0
10,0,41,44,0,0,3,0
10,0,42,45,0,0,3,0
10,0,43,46,0,0,3,0
10,0,44,47,0,0,3,0
10,0,45,48,0,0,3,0
10,0,46,49,0,0,3,0
10,0,47,50,0,0,3,0
8,12,0,4,0,0,4,0
8,12,1,5,0,0,4,0
8,12,2,6,0,0,4,0
8,12,3,7,0,0,4,0
8,12,4,8,0,0,4,0
8,12,5,9,0,0,4,0
8,12,6,10,0,0,4,0
8,12,7,11,0,0,4,0
8,12,8,12,0,0,4,0
8,12,9,13,0,0,4,0
8,12,10,14,0,0,4,0
8,12,11,15,0,0,4,0
8,12,12,16,0,0,4,0
8,12,13,17,0,0,4,0
8,12,14,18,0,0,4,0
8,12,15,19,0,0,4,0
8,12,16,20,0,0,4,0
8,12,17,21,0,0,4,0
8,12,18,22,0,0,4,0
8,12,19,23,0,0,4,0
8,12,20,24,0,0,4,0
8,12,21,25,0,0,4,0
8,12,22,26,0,0,4,0
8,12,23,27,0,0,4,0
8,12,24,28,0,0,4,0
8,12,25,29,0,0,4,0
8,12,26,30,0,0,4,0
8,12,27,31,0,0,4,0
8,12,28,32,0,0,4,0
8,12,29,33,0,0,4,0
8,12,30,34,0,0,4,0
8,12,31,35,0,0,4,0
8,12,32,36,0,0,4,0
8,12,33,37,0,0,4,0
8,12,34,38,0,0,4,0
8,12,35,39,0,0,4,0
8,12,36,40,0,0,4,0
8,12,37,41,0,0,4,0
8,12,38,42,0,0,4,0
8,12,39,43,0,0,4,0
8,12,40,44,0,0,4,0
8,12,41,45,0,0,4,0
8,12,42,46,0,0,4,0
8,12,43,47,0,0,4,0
8,12,44,48,0,0,4,0
8,12,45,49,0,0,4,0
8,12,46,50,0,0,4,0
10,9,0,7,0,0,7,0
10,9,1,8,0,0,7,0
10,9,2,9,0,0,7,0
10,9,3,10,0,0,7,0
10,9,4,11,0,0,7,0
10,9,5,12,0,0,7,0
10,9,6,13,0,0,7,0
10,9,7,14,0,0,7,0
10,9,8,15,0,0,7,0
10,9,9,16,0,0,7,0
10,9,10,17,0,0,7,0
10,9,11,18,0,0,7,0
10,9,12,19,0,0,7,0
10,9,13,20,0,0,7,0
10,9,14,21,0,0,7,0
10,9,15,22,0,0,7,0
10,9,16,23,0,0,7,0
10,9,17,24,0,0,7,0
10,9,18,25,0,0,7,0
10,9,19,26,0,0,7,0
10,9,20,27,0,0,7,0
10,9,21,28,0,0,7,0
10,9,22,29,0,0,7,0
10,9,23,30,0,0,7,0
10,9,24,31,0,0,7,0
10,9,25,32,0,0,7,0
10,9,26,33,0,0,7,0
10,9,27,34,0,0,7,0
10,9,28,35,0,0,7,0
10,9,29,36,0,0,7,0
10,9,30,37,0,0,7,0
10,9,31,38,0,0,7,0
10,9,32,39,0,0,7,0
10,9,33,40,0,0,7,0
10,9,34,41,0,0,7,0
10,9,35,42,0,0,7,0
10,9,36,43,0,0,7,0
10,9,37,44,0,0,7,0
10,9,38,45,0,0,7,0
10,9,39,46,0,0,7,0
10,9,40,47,0,0,7,0
10,9,41,48,0,0,7,0
10,9,42,49,0,0,7,0
10,9,43,50,0,0,7,0
1,6,0,2,0,0,2,0
1,6,1,3,0,0,2,0
1,6,2,4,0,0,2,0
1,6,3,5,0,0,2,0
1,6,4,6,0,0,2,0
1,6,5,7,0,0,2,0
1,6,6,8,0,0,2,0
1,6,7,9,0,0,2,0
1,6,8,10,0,0,2,0
1,6,9,11,0,0,2,0
1,6,10,12,0,0,2,0
1,6,11,13,0,0,2,0
1,6,12,14,0,0,2,0
1,6,13,15,0,0,2,0
1,6,14,16,0,0,2,0
1,6,15,17,0,0,2,0
1,6,16,18,0,0,2,0
1,6,17,19,0,0,2,0
1,6,18,20,0,0,2,0
1,6,19,21,0,0,2,0
1,6,20,22,0,0,2,0
1,6,21,23,0,0,2,0
1,6,22,24,0,0,2,0
1,6,23,25,0,0,2,0
1,6,24,26,0,0,2,0
1,6,25,27,0,0,2,0
1,6,26,28,0,0,2,0
1,6,27,29,0,0,2,0
1,6,28,30,0,0,2,0
1,6,29,31,0,0,2,0
1,6,30,32,0,0,2,0
1,6,31,33,0,0,2,0
1,6,32,34,0,0,2,0
1,6,33,35,0,0,2,0
1,6,34,36,0,0,2,0
1,6,35,37,0,0,2,0
1,6,36,38,0,0,2,0
1,6,37,39,0,0,2,0
1,6,38,40,0,0,2,0
1,6,39,41,0,0,2,0
1,6,40,42,0,0,2,0
1,6,41,43,0,0,2,0
1,6,42,44,0,0,2,0
1,6,43,45,0,0,2,0
1,6,44,46,0,0,2,0
1,6,45,47,0,0,2,0
1,6,46,48,0,0,2,0
1,6,47,49,0,0,2,0
1,6,48,50,0,0,2,0
0,8,0,5,0,0,5,0
0,8,1,6,0,0,5,0
0,8,2,7,0,0,5,0
0,8,3,8,0,0,5,0
0,8,4,9,0,0,5,0
0,8,5,10,0,0,5,0
0,8,6,11,0,0,5,0
0,8,7,12,0,0,5,0
0,8,8,13,0,0,5,0
0,8,9,14,0,0,5,0
0,8,10,15,0,0,5,0
0,8,11,16,0,0,5,0
0,8,12,17,0,0,5,0
0,8,13,18,0,0,5,0
0,8,14,19,0,0,5,0
0,8,15,20,0,0,5,0
0,8,16,21,0,0,5,0
0,8,17,22,0,0,5,0
0,8,18,23,0,0,5,0
0,8,19,24,0,0,5,0
0,8,20,25,0,0,5,0
0,8,21,26,0,0,5,0
0,8,22,27,0,0,5,0
0,8,23,28,0,0,5,0
0,8,24,29,0,0,5,0
0,8,25,30,0,0,5,0
0,8,26,31,0,0,5,0
0,8,27,32,0,0,5,0
0,8,28,33,0,0,5,0
0,8,29,34,0,0,5,0
0,8,30,35,0,0,5,0
0,8,31,36,0,0,5,0
0,8,32,37,0,0,5,0
0,8,33,38,0,0,5,0
0,8,34,39,0,0,5,0
0,8,35,40,0,0,5,0
0,8,36,41,0,0,5,0
0,8,37,42,0,0,5,0
0,8,38,43,0,0,5,0
0,8,39,44,0,0,5,0
0,8,40,45,0,0,5,0
0,8,41,46,0,0,5,0
0,8,42,47,0,0,5,0
0,8,43,48,0,0,5,0
0,8,44,49,0,0,5,0
0,8,45,50,0,0,5,0
2,5,0,2,0,0,2,0
2,5,1,3,0,0,2,0
2,5,2,4,0,0,2,0
2,5,3,5,0,0,2,0
2,5,4,6,0,0,2,0
2,5,5,7,0,0,2,0
2,5,6,8,0,0,2,0
2,5,7,9,0,0,2,0
2,5,8,10,0,0,2,0
2,5,9,11,0,0,2,0
2,5,10,12,0,0,2,0
2,5,11,13,0,0,2,0
2,5,12,14,0,0,2,0
2,5,13,15,0,0,2,0
2,5,14,16,0,0,2,0
2,5,15,17,0,0,2,0
2,5,16,18,0,0,2,0
2,5,17,19,0,0,2,0
2,5,18,20,0,0,2,0
2,5,19,21,0,0,2,0
2,5,20,22,0,0,2,0
2,5,21,23,0,0,2,0
2,5,22,24,0,0,2,0
2,5,23,25,0,0,2,0
2,5,24,26,0,0,2,0
2,5,25,27,0,0,2,0
2,5,26,28,0,0,2,0
2,5,27,29,0,0,2,0
2,5,28,30,0,0,2,0
2,5,29,31,0,0,2,0
2,5,30,32,0,0,2,0
2,5,31,33,0,0,2,0
2,5,32,34,0,0,2,0
2,5,33,35,0,0,2,0
2,5,34,36,0,0,2,0
2,5,35,37,0,0,2,0
2,5,36,38,0,0,2,0
2,5,37,39,0,0,2,0
2,5,38,40,0,0,2,0
2,5,39,41,0,0,2,0
2,5,40,42,0,0,2,0
2,5,41,43,0,0,2,0
2,5,42,44,0,0,2,0
2,5,43,45,0,0,2,0
2,5,44,46,0,0,2,0
2,5,45,47,0,0,2,0
2,5,46,48,0,0,2,0
2,5,47,49,0,0,2,0
2,5,48,50,0,0,2,0
9,11,0,3,0,0,3,0
9,11,1,4,0,0,3,0
9,11,2,5,0,0,3,0
9,11,3,6,0,0,3,0
9,11,4,7,0,0,3,0
9,11,5,8,0,0,3,0
9,11,6,9,0,0,3,0
9,11,7,10,0,0,3,0
9,11,8,11,0,0,3,0
9,11,9,12,0,0,3,0
9,11,10,13,0,0,3,0
9,11,11,14,0,0,3,0
9,11,12,15,0,0,3,0
9,11,13,16,0,0,3,0
9,11,14,17,0,0,3,0
9,11,15,18,0,0,3,0
9,11,16,19,0,0,3,0
9,11,17,20,0,0,3,0
9,11,18,21,0,0,3,0
9,11,19,22,0,0,3,0
9,11,20,23,0,0,3,0
9,11,21,24,0,0,3,0
9,11,22,25,0,0,3,0
9,11,23,26,0,0,3,0
9,11,24,27,0,0,3,0
9,11,25,28,0,0,3,0
9,11,26,29,0,0,3,0
9,11,27,30,0,0,3,0
9,11,28,31,0,0,3,0
9,11,29,32,0,0,3,0
9,11,30,33,0,0,3,0
9,11,31,34,0,0,3,0
9,11,32,35,0,0,3,0
9,11,33,36,0,0,3,0
9,11,34,37,0,0,3,0
9,11,35,38,0,0,3,0
9,11,36,39,0,0,3,0
9,11,37,40,0,0,3,0
9,11,38,41,0,0,3,0
9,11,39,42,0,0,3,0
9,11,40,43,0,0,3,0
9,11,41,44,0,0,3,0
9,11,42,45,0,0,3,0
9,11,43,46,0,0,3,0
9,11,44,47,0,0,3,0
9,11,45,48,0,0,3,0
9,11,46,49,0,0,3,0
9,11,47,50,0,0,3,0
11,8,0,3,0,0,3,0
11,8,1,4,0,0,3,0
11,8,2,5,0,0,3,0
11,8,3,6,0,0,3,0
11,8,4,7,0,0,3,0
11,8,5,8,0,0,3,0
11,8,6,9,0,0,3,0
11,8,7,10,0,0,3,0
11,8,8,11,0,0,3,0
11,8,9,12,0,0,3,0
11,8,10,13,0,0,3,0
11,8,11,14,0,0,3,0
11,8,12,15,0,0,3,0
11,8,13,16,0,0,3,0
11,8,14,17,0,0,3,0
11,8,15,18,0,0,3,0
11,8,16,19,0,0,3,0
11,8,17,20,0,0,3,0
11,8,18,21,0,0,3,0
11,8,19,22,0,0,3,0
11,8,20,23,0,0,3,0
11,8,21,24,0,0,3,0
11,8,22,25,0,0,3,0
11,8,23,26,0,0,3,0
11,8,24,27,0,0,3,0
11,8,25,28,0,0,3,0
11,8,26,29,0,0,3,0
11,8,27,30,0,0,3,0
11,8,28,31,0,0,3,0
11,8,29,32,0,0,3,0
11,8,30,33,0,0,3,0
11,8,31,34,0,0,3,0
11,8,32,35,0,0,3,0
11,8,33,36,0,0,3,0
11,8,34,37,0,0,3,0
11,8,35,38,0,0,3,0
11,8,36,39,0,0,3,0
11,8,37,40,0,0,3,0
11,8,38,41,0,0,3,0
11,8,39,42,0,0,3,0
11,8,40,43,0,0,3,0
11,8,41,44,0,0,3,0
11,8,42,45,0,0,3,0
11,8,43,46,0,0,3,0
11,8,44,47,0,0,3,0
11,8,45,48,0,0,3,0
11,8,46,49,0,0,3,0
11,8,47,50,0,0,3,0
2,14,0,5,0,0,5,0
2,14,1,6,0,0,5,0
2,14,2,7,0,0,5,0
2,14,3,8,0,0,5,0
2,14,4,9,0,0,5,0
2,14,5,10,0,0,5,0
2,14,6,11,0,0,5,0
2,14,7,12,0,0,5,0
2,14,8,13,0,0,5,0
2,14,9,14,0,0,5,0
2,14,10,15,0,0,5,0
2,14,11,16,0,0,5,0
2,14,12,17,0,0,5,0
2,14,13,18,0,0,5,0
2,14,14,19,0,0,5,0
2,14,15,20,0,0,5,0
2,14,16,21,0,0,5,0
2,14,17,22,0,0,5,0
2,14,18,23,0,0,5,0
2,14,19,24,0,0,5,0
2,14,20,25,0,0,5,0
2,14,21,26,0,0,5,0
2,14,22,27,0,0,5,0
2,14,23,28,0,0,5,0
2,14,24,29,0,0,5,0
2,14,25,30,0,0,5,0
2,14,26,31,0,0,5,0
2,14,27,32,0,0,5,0
2,14,28,33,0,0,5,0
2,14,29,34,0,0,5,0
2,14,30,35,0,0,5,0
2,14,31,36,0,0,5,0
2,14,32,37,0,0,5,0
2,14,33,38,0,0,5,0
2,14,34,39,0,0,5,0
2,14,35,40,0,0,5,0
2,14,36,41,0,0,5,0
2,14,37,42,0,0,5,0
2,14,38,43,0,0,5,0
2,14,39,44,0,0,5,0
2,14,40,45,0,0,5,0
2,14,41,46,0,0,5,0
2,14,42,47,0,0,5,0
2,14,43,48,0,0,5,0
2,14,44,49,0,0,5,0
2,14,45,50,0,0,5,0
6,5,0,4,0,0,4,0
6,5,1,5,0,0,4,0
6,5,2,6,0,0,4,0
6,5,3,7,0,0,4,0
6,5,4,8,0,0,4,0
6,5,5,9,0,0,4,0
6,5,6,10,0,0,4,0
6,5,7,11,0,0,4,0
6,5,8,12,0,0,4,0
6,5,9,13,0,0,4,0
6,5,10,14,0,0,4,0
6,5,11,15,0,0,4,0
6,5,12,16,0,0,4,0
6,5,13,17,0,0,4,0
6,5,14,18,0,0,4,0
6,5,15,19,0,0,4,0
6,5,16,20,0,0,4,0
6,5,17,21,0,0,4,0
6,5,18,22,0,0,4,0
6,5,19,23,0,0,4,0
6,5,20,24,0,0,4,0
6,5,21,25,0,0,4,0
6,5,22,26,0,0,4,0
6,5,23,27,0,0,4,0
6,5,24,28,0,0,4,0
6,5,25,29,0,0,4,0
6,5,26,30,0,0,4,0
6,5,27,31,0,0,4,0
6,5,28,32,0,0,4,0
6,5,29,33,0,0,4,0
6,5,30,34,0,0,4,0
6,5,31,35,0,0,4,0
6,5,32,36,0,0,4,0
6,5,33,37,0,0,4,0
6,5,34,38,0,0,4,0
6,5,35,39,0,0,4,0
6,5,36,40,0,0,4,0
6,5,37,41,0,0,4,0
6,5,38,42,0,0,4,0
6,5,39,43,0,0,4,0
6,5,40,44,0,0,4,0
6,5,41,45,0,0,4,0
6,5,42,46,0,0,4,0
6,5,43,47,0,0,4,0
6,5,44,48,0,0,4,0
6,5,45,49,0,0,4,0
6,5,46,50,0,0,4,0
12,0,0,4,0,0,4,0
12,0,1,5,0,0,4,0
12,0,2,6,0,0,4,0
12,0,3,7,0,0,4,0
12,0,4,8,0,0,4,0
12,0,5,9,0,0,4,0
12,0,6,10,0,0,4,0
12,0,7,11,0,0,4,0
12,0,8,12,0,0,4,0
12,0,9,13,0,0,4,0
12,0,10,14,0,0,4,0
12,0,11,15,0,0,4,0
12,0,12,16,0,0,4,0
12,0,13,17,0,0,4,0
12,0,14,18,0,0,4,0
12,0,15,19,0,0,4,0
12,0,16,20,0,0,4,0
12,0,17,21,0,0,4,0
12,0,18,22,0,0,4,0
12,0,19,23,0,0,4,0
12,0,20,24,0,0,4,0
12,0,21,25,0,0,4,0
12,0,22,26,0,0,4,0
12,0,23,27,0,0,4,0
12,0,24,28,0,0,4,0
12,0,25,29,0,0,4,0
12,0,26,30,0,0,4,0
12,0,27,31,0,0,4,0
12,0,28,32,0,0,4,0
12,0,29,33,0,0,4,0
12,0,30,34,0,0,4,0
12,0,31,35,0,0,4,0
12,0,32,36,0,0,4,0
12,0,33,37,0,0,4,0
12,0,34,38,0,0,4,0
12,0,35,39,0,0,4,0
12,0,36,40,0,0,4,0
12,0,37,41,0,0,4,0
12,0,38,42,0,0,4,0
12,0,39,43,0,0,4,0
12,0,40,44,0,0,4,0
12,0,41,45,0,0,4,0
12,0,42,46,0,0,4,0
12,0,43,47,0,0,4,0
12,0,44,48,0,0,4,0
12,0,45,49,0,0,4,0
12,0,46,50,0,0,4,0
6,14,0,3,0,0,3,0
6,14,1,4,0,0,3,0
6,14,2,5,0,0,3,0
6,14,3,6,0,0,3,0
6,14,4,7,0,0,3,0
6,14,5,8,0,0,3,0
6,14,6,9,0,0,3,0
6,14,7,10,0,0,3,0
6,14,8,11,0,0,3,0
6,14,9,12,0,0,3,0
6,14,10,13,0,0,3,0
6,14,11,14,0,0,3,0
6,14,12,15,0,0,3,0
6,14,13,16,0,0,3,0
6,14,14,17,0,0,3,0
6,14,15,18,0,0,3,0
6,14,16,19,0,0,3,0
6,14,17,20,0,0,3,0
6,14,18,21,0,0,3,0
6,14,19,22,0,0,3,0
6,14,20,23,0,0,3,0
6,14,21,24,0,0,3,0
6,14,22,25,0,0,3,0
6,14,23,26,0,0,3,0
6,14,24,27,0,0,3,0
6,14,25,28,0,0,3,0
6,14,26,29,0,0,3,0
6,14,27,30,0,0,3,0
6,14,28,31,0,0,3,0
6,14,29,32,0,0,3,0
6,14,30,33,0,0,3,0
6,14,31,34,0,0,3,0
6,14,32,35,0,0,3,0
6,14,33,36,0,0,3,0
6,14,34,37,0,0,3,0
6,14,35,38,0,0,3,0
6,14,36,39,0,0,3,0
6,14,37,40,0,0,3,0
6,14,38,41,0,0,3,0
6,14,39,42,0,0,3,0
6,14,40,43,0,0,3,0
6,14,41,44,0,0,3,0
6,14,42,45,0,0,3,0
6,14,43,46,0,0,3,0
6,14,44,47,0,0,3,0
6,14,45,48,0,0,3,0
6,14,46,49,0,0,3,0
6,14,47,50,0,0,3,0
7,13,0,4,0,0,4,0
7,13,1,5,0,0,4,0
7,13,2,6,0,0,4,0
7,13,3,7,0,0,4,0
7,13,4,8,0,0,4,0
7,13,5,9,0,0,4,0
7,13,6,10,0,0,4,0
7,13,7,11,0,0,4,0
7,13,8,12,0,0,4,0
7,13,9,13,0,0,4,0
7,13,10,14,0,0,4,0
7,13,11,15,0,0,4,0
7,13,12,16,0,0,4,0
7,13,13,17,0,0,4,0
7,13,14,18,0,0,4,0
7,13,15,19,0,0,4,0
7,13,16,20,0,0,4,0
7,13,17,21,0,0,4,0
7,13,18,22,0,0,4,0
7,13,19,23,0,0,4,0
7,13,20,24,0,0,4,0
7,13,21,25,0,0,4,0
7,13,22,26,0,0,4,0
7,13,23,27,0,0,4,0
7,13,24,28,0,0,4,0
7,13,25,29,0,0,4,0
7,13,26,30,0,0,4,0
7,13,27,31,0,0,4,0
7,13,28,32,0,0,4,0
7,13,29,33,0,0,4,0
7,13,30,34,0,0,4,0
7,13,31,35,0,0,4,0
7,13,32,36,0,0,4,0
7,13,33,37,0,0,4,0
7,13,34,38,0,0,4,0
7,13,35,39,0,0,4,0
7,13,36,40,0,0,4,0
7,13,37,41,0,0,4,0
7,13,38,42,0,0,4,0
7,13,39,43,0,0,4,0
7,13,40,44,0,0,4,0
7,13,41,45,0,0,4,0
7,13,42,46,0,0,4,0
7,13,43,47,0,0,4,0
7,13,44,48,0,0,4,0
7,13,45,49,0,0,4,0
7,13,46,50,0,0,4,0
12,9,0,4,0,0,4,0
12,9,1,5,0,0,4,0
12,9,2,6,0,0,4,0
12,9,3,7,0,0,4,0
12,9,4,8,0,0,4,0
12,9,5,9,0,0,4,0
12,9,6,10,0,0,4,0
12,9,7,11,0,0,4,0
12,9,8,12,0,0,4,0
12,9,9,13,0,0,4,0
12,9,10,14,0,0,4,0
12,9,11,15,0,0,4,0
12,9,12,16,0,0,4,0
12,9,13,17,0,0,4,0
12,9,14,18,0,0,4,0
12,9,15,19,0,0,4,0
12,9,16,20,0,0,4,0
12,9,17,21,0,0,4,0
12,9,18,22,0,0,4,0
12,9,19,23,0,0,4,0
12,9,20,24,0,0,4,0
12,9,21,25,0,0,4,0
12,9,22,26,0,0,4,0
12,9,23,27,0,0,4,0
12,9,24,28,0,0,4,0
12,9,25,29,0,0,4,0
12,9,26,30,0,0,4,0
12,9,27,31,0,0,4,0
12,9,28,32,0,0,4,0
12,9,29,33,0,0,4,0
12,9,30,34,0,0,4,0
12,9,31,35,0,0,4,0
12,9,32,36,0,0,4,0
12,9,33,37,0,0,4,0
12,9,34,38,0,0,4,0
12,9,35,39,0,0,4,0
12,9,36,40,0,0,4,0
12,9,37,41,0,0,4,0
12,9,38,42,0,0,4,0
12,9,39,43,0,0,4,0
12,9,40,44,0,0,4,0
12,9,41,45,0,0,4,0
12,9,42,46,0,0,4,0
12,9,43,47,0,0,4,0
12,9,44,48,0,0,4,0
12,9,45,49,0,0,4,0
12,9,46,50,0,0,4,0
14,6,0,3,0,0,3,0
14,6,1,4,0,0,3,0
14,6,2,5,0,0,3,0
14,6,3,6,0,0,3,0
14,6,4,7,0,0,3,0
14,6,5,8,0,0,3,0
14,6,6,9,0,0,3,0
14,6,7,10,0,0,3,0
14,6,8,11,0,0,3,0
14,6,9,12,0,0,3,0
14,6,10,13,0,0,3,0
14,6,11,14,0,0,3,0
14,6,12,15,0,0,3,0
14,6,13,16,0,0,3,0
14,6,14,17,0,0,3,0
14,6,15,18,0,0,3,0
14,6,16,19,0,0,3,0
14,6,17,20,0,0,3,0
14,6,18,21,0,0,3,0
14,6,19,22,0,0,3,0
14,6,20,23,0,0,3,0
14,6,21,24,0,0,3,0
14,6,22,25,0,0,3,0
14,6,23,26,0,0,3,0
14,6,24,27,0,0,3,0
14,6,25,28,0,0,3,0
14,6,26,29,0,0,3,0
14,6,27,30,0,0,3,0
14,6,28,31,0,0,3,0
14,6,29,32,0,0,3,0
14,6,30,33,0,0,3,0
14,6,31,34,0,0,3,0
14,6,32,35,0,0,3,0
14,6,33,36,0,0,3,0
14,6,34,37,0,0,3,0
14,6,35,38,0,0,3,0
14,6,36,39,0,0,3,0
14,6,37,40,0,0,3,0
14,6,38,41,0,0,3,0
14,6,39,42,0,0,3,0
14,6,40,43,0,0,3,0
14,6,41,44,0,0,3,0
14,6,42,45,0,0,3,0
14,6,43,46,0,0,3,0
14,6,44,47,0,0,3,0
14,6,45,48,0,0,3,0
14,6,46,49,0,0,3,0
14,6,47,50,0,0,3,0
4,5,0,3,0,0,3,0
4,5,1,4,0,0,3,0
4,5,2,5,0,0,3,0
4,5,3,6,0,0,3,0
4,5,4,7,0,0,3,0
4,5,5,8,0,0,3,0
4,5,6,9,0,0,3,0
4,5,7,10,0,0,3,0
4,5,8,11,0,0,3,0
4,5,9,12,0,0,3,0
4,5,10,13,0,0,3,0
4,5,11,14,0,0,3,0
4,5,12,15,0,0,3,0
4,5,13,16,0,0,3,0
4,5,14,17,0,0,3,0
4,5,15,18,0,0,3,0
4,5,16,19,0,0,3,0
4,5,17,20,0,0,3,0
4,5,18,21,0,0,3,0
4,5,19,22,0,0,3,0
4,5,20,23,0,0,3,0
4,5,21,24,0,0,3,0
4,5,22,25,0,0,3,0
4,5,23,26,0,0,3,0
4,5,24,27,0,0,3,0
4,5,25,28,0,0,3,0
4,5,26,29,0,0,3,0
4,5,27,30,0,0,3,0
4,5,28,31,0,0,3,0
4,5,29,32,0,0,3,0
4,5,30,33,0,0,3,0
4,5,31,34,0,0,3,0
4,5,32,35,0,0,3,0
4,5,33,36,0,0,3,0
4,5,34,37,0,0,3,0
4,5,35,38,0,0,3,0
4,5,36,39,0,0,3,0
4,5,37,40,0,0,3,0
4,5,38,41,0,0,3,0
4,5,39,42,0,0,3,0
4,5,40,43,0,0,3,0
4,5,41,44,0,0,3,0
4,5,42,45,0,0,3,0
4,5,43,46,0,0,3,0
4,5,44,47,0,0,3,0
4,5,45,48,0,0,3,0
4,5,46,49,0,0,3,0
4,5,47,50,0,0,3,0
4,14,0,6,0,0,6,0
4,14,1,7,0,0,6,0
4,14,2,8,0,0,6,0
4,14,3,9,0,0,6,0
4,14,4,10,0,0,6,0
4,14,5,11,0,0,6,0
4,14,6,12,0,0,6,0
4,14,7,13,0,0,6,0
4,14,8,14,0,0,6,0
4,14,9,15,0,0,6,0
4,14,10,16,0,0,6,0
4,14,11,17,0,0,6,0
4,14,12,18,0,0,6,0
4,14,13,19,0,0,6,0
4,14,14,20,0,0,6,0
4,14,15,21,0,0,6,0
4,14,16,22,0,0,6,0
4,14,17,23,0,0,6,0
4,14,18,24,0,0,6,0
4,14,19,25,0,0,6,0
4,14,20,26,0,0,6,0
4,14,21,27,0,0,6,0
4,14,22,28,0,0,6,0
4,14,23,29,0,0,6,0
4,14,24,30,0,0,6,0
4,14,25,31,0,0,6,0
4,14,26,32,0,0,6,0
4,14,27,33,0,0,6,0
4,14,28,34,0,0,6,0
4,14,29,35,0,0,6,0
4,14,30,36,0,0,6,0
4,14,31,37,0,0,6,0
4,14,32,38,0,0,6,0
4,14,33,39,0,0,6,0
4,14,34,40,0,0,6,0
4,14,35,41,0,0,6,0
4,14,36,42,0,0,6,0
4,14,37,43,0,0,6,0
4,14,38,44,0,0,6,0
4,14,39,45,0,0,6,0
4,14,40,46,0,0,6,0
4,14,41,47,0,0,6,0
4,14,42,48,0,0,6,0
4,14,43,49,0,0,6,0
4,14,44,50,0,0,6,0
8,5,0,2,0,0,2,0
8,5,1,3,0,0,2,0
8,5,2,4,0,0,2,0
8,5,3,5,0,0,2,0
8,5,4,6,0,0,2,0
8,5,5,7,0,0,2,0
8,5,6,8,0,0,2,0
8,5,7,9,0,0,2,0
8,5,8,10,0,0,2,0
8,5,9,11,0,0,2,0
8,5,10,12,0,0,2,0
8,5,11,13,0,0,2,0
8,5,12,14,0,0,2,0
8,5,13,15,0,0,2,0
8,5,14,16,0,0,2,0
8,5,15,17,0,0,2,0
8,5,16,18,0,0,2,0
8,5,17,19,0,0,2,0
8,5,18,20,0,0,2,0
8,5,19,21,0,0,2,0
8,5,20,22,0,0,2,0
8,5,21,23,0,0,2,0
8,5,22,24,0,0,2,0
8,5,23,25,0,0,2,0
8,5,24,26,0,0,2,0
8,5,25,27,0,0,2,0
8,5,26,28,0,0,2,0
8,5,27,29,0,0,2,0
8,5,28,30,0,0,2,0
8,5,29,31,0,0,2,0
8,5,30,32,0,0,2,0
8,5,31,33,0,0,2,0
8,5,32,34,0,0,2,0
8,5,33,35,0,0,2,0
8,5,34,36,0,0,2,0
8,5,35,37,0,0,2,0
8,5,36,38,0,0,2,0
8,5,37,39,0,0,2,0
8,5,38,40,0,0,2,0
8,5,39,41,0,0,2,0
8,5,40,42,0,0,2,0
8,5,41,43,0,0,2,0
8,5,42,44,0,0,2,0
8,5,43,45,0,0,2,0
8,5,44,46,0,0,2,0
8,5,45,47,0,0,2,0
8,5,46,48,0,0,2,0
8,5,47,49,0,0,2,0
8,5,48,50,0,0,2,0
10,2,0,5,0,0,5,0
10,2,1,6,0,0,5,0
10,2,2,7,0,0,5,0
10,2,3,8,0,0,5,0
10,2,4,9,0,0,5,0
10,2,5,10,0,0,5,0
10,2,6,11,0,0,5,0
10,2,7,12,0,0,5,0
10,2,8,13,0,0,5,0
10,2,9,14,0,0,5,0
10,2,10,15,0,0,5,0
10,2,11,16,0,0,5,0
10,2,12,17,0,0,5,0
10,2,13,18,0,0,5,0
10,2,14,19,0,0,5,0
10,2,15,20,0,0,5,0
10,2,16,21,0,0,5,0
10,2,17,22,0,0,5,0
10,2,18,23,0,0,5,0
10,2,19,24,0,0,5,0
10,2,20,25,0,0,5,0
10,2,21,26,0,0,5,0
10,2,22,27,0,0,5,0
10,2,23,28,0,0,5,0
10,2,24,29,0,0,5,0
10,2,25,30,0,0,5,0
10,2,26,31,0,0,5,0
10,2,27,32,0,0,5,0
10,2,28,33,0,0,5,0
10,2,29,34,0,0,5,0
10,2,30,35,0,0,5,0
10,2,31,36,0,0,5,0
10,2,32,37,0,0,5,0
10,2,33,38,0,0,5,0
10,2,34,39,0,0,5,0
10,2,35,40,0,0,5,0
10,2,36,41,0,0,5,0
10,2,37,42,0,0,5,0
10,2,38,43,0,0,5,0
10,2,39,44,0,0,5,0
10,2,40,45,0,0,5,0
10,2,41,46,0,0,5,0
10,2,42,47,0,0,5,0
10,2,43,48,0,0,5,0
10,2,44,49,0,0,5,0
10,2,45,50,0,0,5,0
9,4,0,5,0,0,5,0
9,4,1,6,0,0,5,0
9,4,2,7,0,0,5,0
9,4,3,8,0,0,5,0
9,4,4,9,0,0,5,0
9,4,5,10,0,0,5,0
9,4,6,11,0,0,5,0
9,4,7,12,0,0,5,0
9,4,8,13,0,0,5,0
9,4,9,14,0,0,5,0
9,4,10,15,0,0,5,0
9,4,11,16,0,0,5,0
9,4,12,17,0,0,5,0
9,4,13,18,0,0,5,0
9,4,14,19,0,0,5,0
9,4,15,20,0,0,5,0
9,4,16,21,0,0,5,0
9,4,17,22,0,0,5,0
9,4,18,23,0,0,5,0
9,4,19,24,0,0,5,0
9,4,20,25,0,0,5,0
9,4,21,26,0,0,5,0
9,4,22,27,0,0,5,0
9,4,23,28,0,0,5,0
9,4,24,29,0,0,5,0
9,4,25,30,0,0,5,0
9,4,26,31,0,0,5,0
9,4,27,32,0,0,5,0
9,4,28,33,0,0,5,0
9,4,29,34,0,0,5,0
9,4,30,35,0,0,5,0
9,4,31,36,0,0,5,0
9,4,32,37,0,0,5,0
9,4,33,38,0,0,5,0
9,4,34,39,0,0,5,0
9,4,35,40,0,0,5,0
9,4,36,41,0,0,5,0
9,4,37,42,0,0,5,0
9,4,38,43,0,0,5,0
9,4,39,44,0,0,5,0
9,4,40,45,0,0,5,0
9,4,41,46,0,0,5,0
9,4,42,47,0,0,5,0
9,4,43,48,0,0,5,0
9,4,44,49,0,0,5,0
9,4,45,50,0,0,5,0
0,1,0,2,0,0,2,0
0,1,1,3,0,0,2,0
0,1,2,4,0,0,2,0
0,1,3,5,0,0,2,0
0,1,4,6,0,0,2,0
0,1,5,7,0,0,2,0
0,1,6,8,0,0,2,0
0,1,7,9,0,0,2,0
0,1,8,10,0,0,2,0
0,1,9,11,0,0,2,0
0,1,10,12,0,0,2,0
0,1,11,13,0,0,2,0
0,1,12,14,0,0,2,0
0,1,13,15,0,0,2,0
0,1,14,16,0,0,2,0
0,1,15,17,0,0,2,0
0,1,16,18,0,0,2,0
0,1,17,19,0,0,2,0
0,1,18,20,0,0,2,0
0,1,19,21,0,0,2,0
0,1,20,22,0,0,2,0
0,1,21,23,0,0,2,0
0,1,22,24,0,0,2,0
0,1,23,25,0,0,2,0
0,1,24,26,0,0,2,0
0,1,25,27,0,0,2,0
0,1,26,28,0,0,2,0
0,1,27,29,0,0,2,0
0,1,28,30,0,0,2,0
0,1,29,31,0,0,2,0
0,1,30,32,0,0,2,0
0,1,31,33,0,0,2,0
0,1,32,34,0,0,2,0
0,1,33,35,0,0,2,0
0,1,34,36,0,0,2,0
0,1,35,37,0,0,2,0
0,1,36,38,0,0,2,0
0,1,37,39,0,0,2,0
0,1,38,40,0,0,2,0
0,1,39,41,0,0,2,0
0,1,40,42,0,0,2,0
0,1,41,43,0,0,2,0
0,1,42,44,0,0,2,0
0,1,43,45,0,0,2,0
0,1,44,46,0,0,2,0
0,1,45,47,0,0,2,0
0,1,46,48,0,0,2,0
0,1,47,49,0,0,2,0
0,1,48,50,0,0,2,0
5,15,0,6,0,0,6,0
5,15,1,7,0,0,6,0
5,15,2,8,0,0,6,0
5,15,3,9,0,0,6,0
5,15,4,10,0,0,6,0
5,15,5,11,0,0,6,0
5,15,6,12,0,0,6,0
5,15,7,13,0,0,6,0
5,15,8,14,0,0,6,0
5,15,9,15,0,0,6,0
5,15,10,16,0,0,6,0
5,15,11,17,0,0,6,0
5,15,12,18,0,0,6,0
5,15,13,19,0,0,6,0
5,15,14,20,0,0,6,0
5,15,15,21,0,0,6,0
5,15,16,22,0,0,6,0
5,15,17,23,0,0,6,0
5,15,18,24,0,0,6,0
5,15,19,25,0,0,6,0
5,15,20,26,0,0,6,0
5,15,21,27,0,0,6,0
5,15,22,28,0,0,6,0
5,15,23,29,0,0,6,0
5,15,24,30,0,0,6,0
5,15,25,31,0,0,6,0
5,15,26,32,0,0,6,0
5,15,27,33,0,0,6,0
5,15,28,34,0,0,6,0
5,15,29,35,0,0,6,0
5,15,30,36,0,0,6,0
5,15,31,37,0,0,6,0
5,15,32,38,0,0,6,0
5,15,33,39,0,0,6,0
5,15,34,40,0,0,6,0
5,15,35,41,0,0,6,0
5,15,36,42,0,0,6,0
5,15,37,43,0,0,6,0
5,15,38,44,0,0,6,0
5,15,39,45,0,0,6,0
5,15,40,46,0,0,6,0
5,15,41,47,0,0,6,0
5,15,42,48,0,0,6,0
5,15,43,49,0,0,6,0
5,15,44,50,0,0,6,0
8,14,0,4,0,0,4,0
8,14,1,5,0,0,4,0
8,14,2,6,0,0,4,0
8,14,3,7,0,0,4,0
8,14,4,8,0,0,4,0
8,14,5,9,0,0,4,0
8,14,6,10,0,0,4,0
8,14,7,11,0,0,4,0
8,14,8,12,0,0,4,0
8,14,9,13,0,0,4,0
8,14,10,14,0,0,4,0
8,14,11,15,0,0,4,0
8,14,12,16,0,0,4,0
8,14,13,17,0,0,4,0
8,14,14,18,0,0,4,0
8,14,15,19,0,0,4,0
8,14,16,20,0,0,4,0
8,14,17,21,0,0,4,0
8,14,18,22,0,0,4,0
8,14,19,23,0,0,4,0
8,14,20,24,0,0,4,0
8,14,21,25,0,0,4,0
8,14,22,26,0,0,4,0
8,14,23,27,0,0,4,0
8,14,24,28,0,0,4,0
8,14,25,29,0,0,4,0
8,14,26,30,0,0,4,0
8,14,27,31,0,0,4,0
8,14,28,32,0,0,4,0
8,14,29,33,0,0,4,0
8,14,30,34,0,0,4,0
8,14,31,35,0,0,4,0
8,14,32,36,0,0,4,0
8,14,33,37,0,0,4,0
8,14,34,38,0,0,4,0
8,14,35,39,0,0,4,0
8,14,36,40,0,0,4,0
8,14,37,41,0,0,4,0
8,14,38,42,0,0,4,0
8,14,39,43,0,0,4,0
8,14,40,44,0,0,4,0
8,14,41,45,0,0,4,0
8,14,42,46,0,0,4,0
8,14,43,47,0,0,4,0
8,14,44,48,0,0,4,0
8,14,45,49,0,0,4,0
8,14,46,50,0,0,4,0
10,11,0,6,0,0,6,0
10,11,1,7,0,0,6,0
10,11,2,8,0,0,6,0
10,11,3,9,0,0,6,0
10,11,4,10,0,0,6,0
10,11,5,11,0,0,6,0
10,11,6,12,0,0,6,0
10,11,7,13,0,0,6,0
10,11,8,14,0,0,6,0
10,11,9,15,0,0,6,0
10,11,10,16,0,0,6,0
10,11,11,17,0,0,6,0
10,11,12,18,0,0,6,0
10,11,13,19,0,0,6,0
10,11,14,20,0,0,6,0
10,11,15,21,0,0,6,0
10,11,16,22,0,0,6,0
10,11,17,23,0,0,6,0
10,11,18,24,0,0,6,0
10,11,19,25,0,0,6,0
10,11,20,26,0,0,6,0
10,11,21,27,0,0,6,0
10,11,22,28,0,0,6,0
10,11,23,29,0,0,6,0
10,11,24,30,0,0,6,0
10,11,25,31,0,0,6,0
10,11,26,32,0,0,6,0
10,11,27,33,0,0,6,0
10,11,28,34,0,0,6,0
10,11,29,35,0,0,6,0
10,11,30,36,0,0,6,0
10,11,31,37,0,0,6,0
10,11,32,38,0,0,6,0
10,11,33,39,0,0,6,0
10,11,34,40,0,0,6,0
10,11,35,41,0,0,6,0
10,11,36,42,0,0,6,0
10,11,37,43,0,0,6,0
10,11,38,44,0,0,6,0
10,11,39,45,0,0,6,0
10,11,40,46,0,0,6,0
10,11,41,47,0,0,6,0
10,11,42,48,0,0,6,0
10,11,43,49,0,0,6,0
10,11,44,50,0,0,6,0
9,13,0,4,0,0,4,0
9,13,1,5,0,0,4,0
9,13,2,6,0,0,4,0
9,13,3,7,0,0,4,0
9,13,4,8,0,0,4,0
9,13,5,9,0,0,4,0
9,13,6,10,0,0,4,0
9,13,7,11,0,0,4,0
9,13,8,12,0,0,4,0
9,13,9,13,0,0,4,0
9,13,10,14,0,0,4,0
9,13,11,15,0,0,4,0
9,13,12,16,0,0,4,0
9,13,13,17,0,0,4,0
9,13,14,18,0,0,4,0
9,13,15,19,0,0,4,0
9,13,16,20,0,0,4,0
9,13,17,21,0,0,4,0
9,13,18,22,0,0,4,0
9,13,19,23,0,0,4,0
9,13,20,24,0,0,4,0
9,13,21,25,0,0,4,0
9,13,22,26,0,0,4,0
9,13,23,27,0,0,4,0
9,13,24,28,0,0,4,0
9,13,25,29,0,0,4,0
9,13,26,30,0,0,4,0
9,13,27,31,0,0,4,0
9,13,28,32,0,0,4,0
9,13,29,33,0,0,4,0
9,13,30,34,0,0,4,0
9,13,31,35,0,0,4,0
9,13,32,36,0,0,4,0
9,13,33,37,0,0,4,0
9,13,34,38,0,0,4,0
9,13,35,39,0,0,4,0
9,13,36,40,0,0,4,0
9,13,37,41,0,0,4,0
9,13,38,42,0,0,4,0
9,13,39,43,0,0,4,0
9,13,40,44,0,0,4,0
9,13,41,45,0,0,4,0
9,13,42,46,0,0,4,0
9,13,43,47,0,0,4,0
9,13,44,48,0,0,4,0
9,13,45,49,0,0,4,0
9,13,46,50,0,0,4,0
0,10,0,3,0,0,3,0
0,10,1,4,0,0,3,0
0,10,2,5,0,0,3,0
0,10,3,6,0,0,3,0
0,10,4,7,0,0,3,0
0,10,5,8,0,0,3,0
0,10,6,9,0,0,3,0
0,10,7,10,0,0,3,0
0,10,8,11,0,0,3,0
0,10,9,12,0,0,3,0
0,10,10,13,0,0,3,0
0,10,11,14,0,0,3,0
0,10,12,15,0,0,3,0
0,10,13,16,0,0,3,0
0,10,14,17,0,0,3,0
0,10,15,18,0,0,3,0
0,10,16,19,0,0,3,0
0,10,17,20,0,0,3,0
0,10,18,21,0,0,3,0
0,10,19,22,0,0,3,0
0,10,20,23,0,0,3,0
0,10,21,24,0,0,3,0
0,10,22,25,0,0,3,0
0,10,23,26,0,0,3,0
0,10,24,27,0,0,3,0
0,10,25,28,0,0,3,0
0,10,26,29,0,0,3,0
0,10,27,30,0,0,3,0
0,10,28,31,0,0,3,0
0,10,29,32,0,0,3,0
0,10,30,33,0,0,3,0
0,10,31,34,0,0,3,0
0,10,32,35,0,0,3,0
0,10,33,36,0,0,3,0
0,10,34,37,0,0,3,0
0,10,35,38,0,0,3,0
0,10,36,39,0,0,3,0
0,10,37,40,0,0,3,0
0,10,38,41,0,0,3,0
0,10,39,42,0,0,3,0
0,10,40,43,0,0,3,0
0,10,41,44,0,0,3,0
0,10,42,45,0,0,3,0
0,10,43,46,0,0,3,0
0,10,44,47,0,0,3,0
0,10,45,48,0,0,3,0
0,10,46,49,0,0,3,0
0,10,47,50,0,0,3,0
2,7,0,3,0,0,3,0
2,7,1,4,0,0,3,0
2,7,2,5,0,0,3,0
2,7,3,6,0,0,3,0
2,7,4,7,0,0,3,0
2,7,5,8,0,0,3,0
2,7,6,9,0,0,3,0
2,7,7,10,0,0,3,0
2,7,8,11,0,0,3,0
2,7,9,12,0,0,3,0
2,7,10,13,0,0,3,0
2,7,11,14,0,0,3,0
2,7,12,15,0,0,3,0
2,7,13,16,0,0,3,0
2,7,14,17,0,0,3,0
2,7,15,18,0,0,3,0
2,7,16,19,0,0,3,0
2,7,17,20,0,0,3,0
2,7,18,21,0,0,3,0
2,7,19,22,0,0,3,0
2,7,20,23,0,0,3,0
2,7,21,24,0,0,3,0
2,7,22,25,0,0,3,0
2,7,23,26,0,0,3,0
2,7,24,27,0,0,3,0
2,7,25,28,0,0,3,0
2,7,26,29,0,0,3,0
2,7,27,30,0,0,3,0
2,7,28,31,0,0,3,0
2,7,29,32,0,0,3,0
2,7,30,33,0,0,3,0
2,7,31,34,0,0,3,0
2,7,32,35,0,0,3,0
2,7,33,36,0,0,3,0
2,7,34,37,0,0,3,0
2,7,35,38,0,0,3,0
2,7,36,39,0,0,3,0
2,7,37,40,0,0,3,0
2,7,38,41,0,0,3,0
2,7,39,42,0,0,3,0
2,7,40,43,0,0,3,0
2,7,41,44,0,0,3,0
2,7,42,45,0,0,3,0
2,7,43,46,0,0,3,0
2,7,44,47,0,0,3,0
2,7,45,48,0,0,3,0
2,7,46,49,0,0,3,0
2,7,47,50,0,0,3,0
11,1,0,5,0,0,5,0
11,1,1,6,0,0,5,0
11,1,2,7,0,0,5,0
11,1,3,8,0,0,5,0
11,1,4,9,0,0,5,0
11,1,5,10,0,0,5,0
11,1,6,11,0,0,5,0
11,1,7,12,0,0,5,0
11,1,8,13,0,0,5,0
11,1,9,14,0,0,5,0
11,1,10,15,0,0,5,0
11,1,11,16,0,0,5,0
11,1,12,17,0,0,5,0
11,1,13,18,0,0,5,0
11,1,14,19,0,0,5,0
11,1,15,20,0,0,5,0
11,1,16,21,0,0,5,0
11,1,17,22,0,0,5,0
11,1,18,23,0,0,5,0
11,1,19,24,0,0,5,0
11,1,20,25,0,0,5,0
11,1,21,26,0,0,5,0
11,1,22,27,0,0,5,0
11,1,23,28,0,0,5,0
11,1,24,29,0,0,5,0
11,1,25,30,0,0,5,0
11,1,26,31,0,0,5,0
11,1,27,32,0,0,5,0
11,1,28,33,0,0,5,0
11,1,29,34,0,0,5,0
11,1,30,35,0,0,5,0
11,1,31,36,0,0,5,0
11,1,32,37,0,0,5,0
11,1,33,38,0,0,5,0
11,1,34,39,0,0,5,0
11,1,35,40,0,0,5,0
11,1,36,41,0,0,5,0
11,1,37,42,0,0,5,0
11,1,38,43,0,0,5,0
11,1,39,44,0,0,5,0
11,1,40,45,0,0,5,0
11,1,41,46,0,0,5,0
11,1,42,47,0,0,5,0
11,1,43,48,0,0,5,0
11,1,44,49,0,0,5,0
11,1,45,50,0,0,5,0
11,10,0,6,0,0,6,0
11,10,1,7,0,0,6,0
11,10,2,8,0,0,6,0
11,10,3,9,0,0,6,0
11,10,4,10,0,0,6,0
11,10,5,11,0,0,6,0
11,10,6,12,0,0,6,0
11,10,7,13,0,0,6,0
11,10,8,14,0,0,6,0
11,10,9,15,0,0,6,0
11,10,10,16,0,0,6,0
11,10,11,17,0,0,6,0
11,10,12,18,0,0,6,0
11,10,13,19,0,0,6,0
11,10,14,20,0,0,6,0
11,10,15,21,0,0,6,0
11,10,16,22,0,0,6,0
11,10,17,23,0,0,6,0
11,10,18,24,0,0,6,0
11,10,19,25,0,0,6,0
11,10,20,26,0,0,6,0
11,10,21,27,0,0,6,0
11,10,22,28,0,0,6,0
11,10,23,29,0,0,6,0
11,10,24,30,0,0,6,0
11,10,25,31,0,0,6,0
11,10,26,32,0,0,6,0
11,10,27,33,0,0,6,0
11,10,28,34,0,0,6,0
11,10,29,35,0,0,6,0
11,10,30,36,0,0,6,0
11,10,31,37,0,0,6,0
11,10,32,38,0,0,6,0
11,10,33,39,0,0,6,0
11,10,34,40,0,0,6,0
11,10,35,41,0,0,6,0
11,10,36,42,0,0,6,0
11,10,37,43,0,0,6,0
11,10,38,44,0,0,6,0
11,10,39,45,0,0,6,0
11,10,40,46,0,0,6,0
11,10,41,47,0,0,6,0
11,10,42,48,0,0,6,0
11,10,43,49,0,0,6,0
11,10,44,50,0,0,6,0
6,7,0,2,0,0,2,0
6,7,1,3,0,0,2,0
6,7,2,4,0,0,2,0
6,7,3,5,0,0,2,0
6,7,4,6,0,0,2,0
6,7,5,7,0,0,2,0
6,7,6,8,0,0,2,0
6,7,7,9,0,0,2,0
6,7,8,10,0,0,2,0
6,7,9,11,0,0,2,0
6,7,10,12,0,0,2,0
6,7,11,13,0,0,2,0
6,7,12,14,0,0,2,0
6,7,13,15,0,0,2,0
6,7,14,16,0,0,2,0
6,7,15,17,0,0,2,0
6,7,16,18,0,0,2,0
6,7,17,19,0,0,2,0
6,7,18,20,0,0,2,0
6,7,19,21,0,0,2,0
6,7,20,22,0,0,2,0
6,7,21,23,0,0,2,0
6,7,22,24,0,0,2,0
6,7,23,25,0,0,2,0
6,7,24,26,0,0,2,0
6,7,25,27,0,0,2,0
6,7,26,28,0,0,2,0
6,7,27,29,0,0,2,0
6,7,28,30,0,0,2,0
6,7,29,31,0,0,2,0
6,7,30,32,0,0,2,0
6,7,31,33,0,0,2,0
6,7,32,34,0,0,2,0
6,7,33,35,0,0,2,0
6,7,34,36,0,0,2,0
6,7,35,37,0,0,2,0
6,7,36,38,0,0,2,0
6,7,37,39,0,0,2,0
6,7,38,40,0,0,2,0
6,7,39,41,0,0,2,0
6,7,40,42,0,0,2,0
6,7,41,43,0,0,2,0
6,7,42,44,0,0,2,0
6,7,43,45,0,0,2,0
6,7,44,46,0,0,2,0
6,7,45,47,0,0,2,0
6,7,46,48,0,0,2,0
6,7,47,49,0,0,2,0
6,7,48,50,0,0,2,0
7,6,0,2,0,0,2,0
7,6,1,3,0,0,2,0
7,6,2,4,0,0,2,0
7,6,3,5,0,0,2,0
7,6,4,6,0,0,2,0
7,6,5,7,0,0,2,0
7,6,6,8,0,0,2,0
7,6,7,9,0,0,2,0
7,6,8,10,0,0,2,0
7,6,9,11,0,0,2,0
7,6,10,12,0,0,2,0
7,6,11,13,0,0,2,0
7,6,12,14,0,0,2,0
7,6,13,15,0,0,2,0
7,6,14,16,0,0,2,0
7,6,15,17,0,0,2,0
7,6,16,18,0,0,2,0
7,6,17,19,0,0,2,0
7,6,18,20,0,0,2,0
7,6,19,21,0,0,2,0
7,6,20,22,0,0,2,0
7,6,21,23,0,0,2,0
7,6,22,24,0,0,2,0
7,6,23,25,0,0,2,0
7,6,24,26,0,0,2,0
7,6,25,27,0,0,2,0
7,6,26,28,0,0,2,0
7,6,27,29,0,0,2,0
7,6,28,30,0,0,2,0
7,6,29,31,0,0,2,0
7,6,30,32,0,0,2,0
7,6,31,33,0,0,2,0
7,6,32,34,0,0,2,0
7,6,33,35,0,0,2,0
7,6,34,36,0,0,2,0
7,6,35,37,0,0,2,0
7,6,36,38,0,0,2,0
7,6,37,39,0,0,2,0
7,6,38,40,0,0,2,0
7,6,39,41,0,0,2,0
7,6,40,42,0,0,2,0
7,6,41,43,0,0,2,0
7,6,42,44,0,0,2,0
7,6,43,45,0,0,2,0
7,6,44,46,0,0,2,0
7,6,45,47,0,0,2,0
7,6,46,48,0,0,2,0
7,6,47,49,0,0,2,0
7,6,48,50,0,0,2,0
12,2,0,2,0,0,2,0
12,2,1,3,0,0,2,0
12,2,2,4,0,0,2,0
12,2,3,5,0,0,2,0
12,2,4,6,0,0,2,0
12,2,5,7,0,0,2,0
12,2,6,8,0,0,2,0
12,2,7,9,0,0,2,0
12,2,8,10,0,0,2,0
12,2,9,11,0,0,2,0
12,2,10,12,0,0,2,0
12,2,11,13,0,0,2,0
12,2,12,14,0,0,2,0
12,2,13,15,0,0,2,0
12,2,14,16,0,0,2,0
12,2,15,17,0,0,2,0
12,2,16,18,0,0,2,0
12,2,17,19,0,0,2,0
12,2,18,20,0,0,2,0
12,2,19,21,0,0,2,0
12,2,20,22,0,0,2,0
12,2,21,23,0,0,2,0
12,2,22,24,0,0,2,0
12,2,23,25,0,0,2,0
12,2,24,26,0,0,2,0
12,2,25,27,0,0,2,0
12,2,26,28,0,0,2,0
12,2,27,29,0,0,2,0
12,2,28,30,0,0,2,0
12,2,29,31,0,0,2,0
12,2,30,32,0,0,2,0
12,2,31,33,0,0,2,0
12,2,32,34,0,0,2,0
12,2,33,35,0,0,2,0
12,2,34,36,0,0,2,0
12,2,35,37,0,0,2,0
12,2,36,38,0,0,2,0
12,2,37,39,0,0,2,0
12,2,38,40,0,0,2,0
12,2,39,41,0,0,2,0
12,2,40,42,0,0,2,0
12,2,41,43,0,0,2,0
12,2,42,44,0,0,2,0
12,2,43,45,0,0,2,0
12,2,44,46,0,0,2,0
12,2,45,47,0,0,2,0
12,2,46,48,0,0,2,0
12,2,47,49,0,0,2,0
12,2,48,50,0,0,2,0
7,15,0,4,0,0,4,0
7,15,1,5,0,0,4,0
7,15,2,6,0,0,4,0
7,15,3,7,0,0,4,0
7,15,4,8,0,0,4,0
7,15,5,9,0,0,4,0
7,15,6,10,0,0,4,0
7,15,7,11,0,0,4,0
7,15,8,12,0,0,4,0
7,15,9,13,0,0,4,0
7,15,10,14,0,0,4,0
7,15,11,15,0,0,4,0
7,15,12,16,0,0,4,0
7,15,13,17,0,0,4,0
7,15,14,18,0,0,4,0
7,15,15,19,0,0,4,0
7,15,16,20,0,0,4,0
7,15,17,21,0,0,4,0
7,15,18,22,0,0,4,0
7,15,19,23,0,0,4,0
7,15,20,24,0,0,4,0
7,15,21,25,0,0,4,0
7,15,22,26,0,0,4,0
7,15,23,27,0,0,4,0
7,15,24,28,0,0,4,0
7,15,25,29,0,0,4,0
7,15,26,30,0,0,4,0
7,15,27,31,0,0,4,0
7,15,28,32,0,0,4,0
7,15,29,33,0,0,4,0
7,15,30,34,0,0,4,0
7,15,31,35,0,0,4,0
7,15,32,36,0,0,4,0
7,15,33,37,0,0,4,0
7,15,34,38,0,0,4,0
7,15,35,39,0,0,4,0
7,15,36,40,0,0,4,0
7,15,37,41,0,0,4,0
7,15,38,42,0,0,4,0
7,15,39,43,0,0,4,0
7,15,40,44,0,0,4,0
7,15,41,45,0,0,4,0
7,15,42,46,0,0,4,0
7,15,43,47,0,0,4,0
7,15,44,48,0,0,4,0
7,15,45,49,0,0,4,0
7,15,46,50,0,0,4,0
12,11,0,3,0,0,3,0
12,11,1,4,0,0,3,0
12,11,2,5,0,0,3,0
12,11,3,6,0,0,3,0
12,11,4,7,0,0,3,0
12,11,5,8,0,0,3,0
12,11,6,9,0,0,3,0
12,11,7,10,0,0,3,0
12,11,8,11,0,0,3,0
12,11,9,12,0,0,3,0
12,11,10,13,0,0,3,0
12,11,11,14,0,0,3,0
12,11,12,15,0,0,3,0
12,11,13,16,0,0,3,0
12,11,14,17,0,0,3,0
12,11,15,18,0,0,3,0
12,11,16,19,0,0,3,0
12,11,17,20,0,0,3,0
12,11,18,21,0,0,3,0
12,11,19,22,0,0,3,0
12,11,20,23,0,0,3,0
12,11,21,24,0,0,3,0
12,11,22,25,0,0,3,0
12,11,23,26,0,0,3,0
12,11,24,27,0,0,3,0
12,11,25,28,0,0,3,0
12,11,26,29,0,0,3,0
12,11,27,30,0,0,3,0
12,11,28,31,0,0,3,0
12,11,29,32,0,0,3,0
12,11,30,33,0,0,3,0
12,11,31,34,0,0,3,0
12,11,32,35,0,0,3,0
12,11,33,36,0,0,3,0
12,11,34,37,0,0,3,0
12,11,35,38,0,0,3,0
12,11,36,39,0,0,3,0
12,11,37,40,0,0,3,0
12,11,38,41,0,0,3,0
12,11,39,42,0,0,3,0
12,11,40,43,0,0,3,0
12,11,41,44,0,0,3,0
12,11,42,45,0,0,3,0
12,11,43,46,0,0,3,0
12,11,44,47,0,0,3,0
12,11,45,48,0,0,3,0
12,11,46,49,0,0,3,0
12,11,47,50,0,0,3,0
4,7,0,5,0,0,5,0
4,7,1,6,0,0,5,0
4,7,2,7,0,0,5,0
4,7,3,8,0,0,5,0
4,7,4,9,0,0,5,0
4,7,5,10,0,0,5,0
4,7,6,11,0,0,5,0
4,7,7,12,0,0,5,0
4,7,8,13,0,0,5,0
4,7,9,14,0,0,5,0
4,7,10,15,0,0,5,0
4,7,11,16,0,0,5,0
4,7,12,17,0,0,5,0
4,7,13,18,0,0,5,0
4,7,14,19,0,0,5,0
4,7,15,20,0,0,5,0
4,7,16,21,0,0,5,0
4,7,17,22,0,0,5,0
4,7,18,23,0,0,5,0
4,7,19,24,0,0,5,0
4,7,20,25,0,0,5,0
4,7,21,26,0,0,5,0
4,7,22,27,0,0,5,0
4,7,23,28,0,0,5,0
4,7,24,29,0,0,5,0
4,7,25,30,0,0,5,0
4,7,26,31,0,0,5,0
4,7,27,32,0,0,5,0
4,7,28,33,0,0,5,0
4,7,29,34,0,0,5,0
4,7,30,35,0,0,5,0
4,7,31,36,0,0,5,0
4,7,32,37,0,0,5,0
4,7,33,38,0,0,5,0
4,7,34,39,0,0,5,0
4,7,35,40,0,0,5,0
4,7,36,41,0,0,5,0
4,7,37,42,0,0,5,0
4,7,38,43,0,0,5,0
4,7,39,44,0,0,5,0
4,7,40,45,0,0,5,0
4,7,41,46,0,0,5,0
4,7,42,47,0,0,5,0
4,7,43,48,0,0,5,0
4,7,44,49,0,0,5,0
4,7,45,50,0,0,5,0
5,8,0,2,0,0,2,0
5,8,1,3,0,0,2,0
5,8,2,4,0,0,2,0
5,8,3,5,0,0,2,0
5,8,4,6,0,0,2,0
5,8,5,7,0,0,2,0
5,8,6,8,0,0,2,0
5,8,7,9,0,0,2,0
5,8,8,10,0,0,2,0
5,8,9,11,0,0,2,0
5,8,10,12,0,0,2,0
5,8,11,13,0,0,2,0
5,8,12,14,0,0,2,0
5,8,13,15,0,0,2,0
5,8,14,16,0,0,2,0
5,8,15,17,0,0,2,0
5,8,16,18,0,0,2,0
5,8,17,19,0,0,2,0
5,8,18,20,0,0,2,0
5,8,19,21,0,0,2,0
5,8,20,22,0,0,2,0
5,8,21,23,0,0,2,0
5,8,22,24,0,0,2,0
5,8,23,25,0,0,2,0
5,8,24,26,0,0,2,0
5,8,25,27,0,0,2,0
5,8,26,28,0,0,2,0
5,8,27,29,0,0,2,0
5,8,28,30,0,0,2,0
5,8,29,31,0,0,2,0
5,8,30,32,0,0,2,0
5,8,31,33,0,0,2,0
5,8,32,34,0,0,2,0
5,8,33,35,0,0,2,0
5,8,34,36,0,0,2,0
5,8,35,37,0,0,2,0
5,8,36,38,0,0,2,0
5,8,37,39,0,0,2,0
5,8,38,40,0,0,2,0
5,8,39,41,0,0,2,0
5,8,40,42,0,0,2,0
5,8,41,43,0,0,2,0
5,8,42,44,0,0,2,0
5,8,43,45,0,0,2,0
5,8,44,46,0,0,2,0
5,8,45,47,0,0,2,0
5,8,46,48,0,0,2,0
5,8,47,49,0,0,2,0
5,8,48,50,0,0,2,0
8,7,0,1,0,0,1,0
8,7,1,2,0,0,1,0
8,7,2,3,0,0,1,0
8,7,3,4,0,0,1,0
8,7,4,5,0,0,1,0
8,7,5,6,0,0,1,0
8,7,6,7,0,0,1,0
8,7,7,8,0,0,1,0
8,7,8,9,0,0,1,0
8,7,9,10,0,0,1,0
8,7,10,11,0,0,1,0
8,7,11,12,0,0,1,0
8,7,12,13,0,0,1,0
8,7,13,14,0,0,1,0
8,7,14,15,0,0,1,0
8,7,15,16,0,0,1,0
8,7,16,17,0,0,1,0
8,7,17,18,0,0,1,0
8,7,18,19,0,0,1,0
8,7,19,20,0,0,1,0
8,7,20,21,0,0,1,0
8,7,21,22,0,0,1,0
8,7,22,23,0,0,1,0
8,7,23,24,0,0,1,0
8,7,24,25,0,0,1,0
8,7,25,26,0,0,1,0
8,7,26,27,0,0,1,0
8,7,27,28,0,0,1,0
8,7,28,29,0,0,1,0
8,7,29,30,0,0,1,0
8,7,30,31,0,0,1,0
8,7,31,32,0,0,1,0
8,7,32,33,0,0,1,0
8,7,33,34,0,0,1,0
8,7,34,35,0,0,1,0
8,7,35,36,0,0,1,0
8,7,36,37,0,0,1,0
8,7,37,38,0,0,1,0
8,7,38,39,0,0,1,0
8,7,39,40,0,0,1,0
8,7,40,41,0,0,1,0
8,7,41,42,0,0,1,0
8,7,42,43,0,0,1,0
8,7,43,44,0,0,1,0
8,7,44,45,0,0,1,0
8,7,45,46,0,0,1,0
8,7,46,47,0,0,1,0
8,7,47,48,0,0,1,0
8,7,48,49,0,0,1,0
8,7,49,50,0,0,1,0
10,4,0,4,0,0,4,0
10,4,1,5,0,0,4,0
10,4,2,6,0,0,4,0
10,4,3,7,0,0,4,0
10,4,4,8,0,0,4,0
10,4,5,9,0,0,4,0
10,4,6,10,0,0,4,0
10,4,7,11,0,0,4,0
10,4,8,12,0,0,4,0
10,4,9,13,0,0,4,0
10,4,10,14,0,0,4,0
10,4,11,15,0,0,4,0
10,4,12,16,0,0,4,0
10,4,13,17,0,0,4,0
10,4,14,18,0,0,4,0
10,4,15,19,0,0,4,0
10,4,16,20,0,0,4,0
10,4,17,21,0,0,4,0
10,4,18,22,0,0,4,0
10,4,19,23,0,0,4,0
10,4,20,24,0,0,4,0
10,4,21,25,0,0,4,0
10,4,22,26,0,0,4,0
10,4,23,27,0,0,4,0
10,4,24,28,0,0,4,0
10,4,25,29,0,0,4,0
10,4,26,30,0,0,4,0
10,4,27,31,0,0,4,0
10,4,28,32,0,0,4,0
10,4,29,33,0,0,4,0
10,4,30,34,0,0,4,0
10,4,31,35,0,0,4,0
10,4,32,36,0,0,4,0
10,4,33,37,0,0,4,0
10,4,34,38,0,0,4,0
10,4,35,39,0,0,4,0
10,4,36,40,0,0,4,0
10,4,37,41,0,0,4,0
10,4,38,42,0,0,4,0
10,4,39,43,0,0,4,0
10,4,40,44,0,0,4,0
10,4,41,45,0,0,4,0
10,4,42,46,0,0,4,0
10,4,43,47,0,0,4,0
10,4,44,48,0,0,4,0
10,4,45,49,0,0,4,0
10,4,46,50,0,0,4,0
0,3,0,5,0,0,5,0
0,3,1,6,0,0,5,0
0,3,2,7,0,0,5,0
0,3,3,8,0,0,5,0
0,3,4,9,0,0,5,0
0,3,5,10,0,0,5,0
0,3,6,11,0,0,5,0
0,3,7,12,0,0,5,0
0,3,8,13,0,0,5,0
0,3,9,14,0,0,5,0
0,3,10,15,0,0,5,0
0,3,11,16,0,0,5,0
0,3,12,17,0,0,5,0
0,3,13,18,0,0,5,0
0,3,14,19,0,0,5,0
0,3,15,20,0,0,5,0
0,3,16,21,0,0,5,0
0,3,17,22,0,0,5,0
0,3,18,23,0,0,5,0
0,3,19,24,0,0,5,0
0,3,20,25,0,0,5,0
0,3,21,26,0,0,5,0
0,3,22,27,0,0,5,0
0,3,23,28,0,0,5,0
0,3,24,29,0,0,5,0
0,3,25,30,0,0,5,0
0,3,26,31,0,0,5,0
0,3,27,32,0,0,5,0
0,3,28,33,0,0,5,0
0,3,29,34,0,0,5,0
0,3,30,35,0,0,5,0
0,3,31,36,0,0,5,0
0,3,32,37,0,0,5,0
0,3,33,38,0,0,5,0
0,3,34,39,0,0,5,0
0,3,35,40,0,0,5,0
0,3,36,41,0,0,5,0
0,3,37,42,0,0,5,0
0,3,38,43,0,0,5,0
0,3,39,44,0,0,5,0
0,3,40,45,0,0,5,0
0,3,41,46,0,0,5,0
0,3,42,47,0,0,5,0
0,3,43,48,0,0,5,0
0,3,44,49,0,0,5,0
0,3,45,50,0,0,5,0
2,0,0,6,0,0,6,0
2,0,1,7,0,0,6,0
2,0,2,8,0,0,6,0
2,0,3,9,0,0,6,0
2,0,4,10,0,0,6,0
2,0,5,11,0,0,6,0
2,0,6,12,0,0,6,0
2,0,7,13,0,0,6,0
2,0,8,14,0,0,6,0
2,0,9,15,0,0,6,0
2,0,10,16,0,0,6,0
2,0,11,17,0,0,6,0
2,0,12,18,0,0,6,0
2,0,13,19,0,0,6,0
2,0,14,20,0,0,6,0
2,0,15,21,0,0,6,0
2,0,16,22,0,0,6,0
2,0,17,23,0,0,6,0
2,0,18,24,0,0,6,0
2,0,19,25,0,0,6,0
2,0,20,26,0,0,6,0
2,0,21,27,0,0,6,0
2,0,22,28,0,0,6,0
2,0,23,29,0,0,6,0
2,0,24,30,0,0,6,0
2,0,25,31,0,0,6,0
2,0,26,32,0,0,6,0
2,0,27,33,0,0,6,0
2,0,28,34,0,0,6,0
2,0,29,35,0,0,6,0
2,0,30,36,0,0,6,0
2,0,31,37,0,0,6,0
2,0,32,38,0,0,6,0
2,0,33,39,0,0,6,0
2,0,34,40,0,0,6,0
2,0,35,41,0,0,6,0
2,0,36,42,0,0,6,0
2,0,37,43,0,0,6,0
2,0,38,44,0,0,6,0
2,0,39,45,0,0,6,0
2,0,40,46,0,0,6,0
2,0,41,47,0,0,6,0
2,0,42,48,0,0,6,0
2,0,43,49,0,0,6,0
2,0,44,50,0,0,6,0
9,6,0,6,0,0,6,0
9,6,1,7,0,0,6,0
9,6,2,8,0,0,6,0
9,6,3,9,0,0,6,0
9,6,4,10,0,0,6,0
9,6,5,11,0,0,6,0
9,6,6,12,0,0,6,0
9,6,7,13,0,0,6,0
9,6,8,14,0,0,6,0
9,6,9,15,0,0,6,0
9,6,10,16,0,0,6,0
9,6,11,17,0,0,6,0
9,6,12,18,0,0,6,0
9,6,13,19,0,0,6,0
9,6,14,20,0,0,6,0
9,6,15,21,0,0,6,0
9,6,16,22,0,0,6,0
9,6,17,23,0,0,6,0
9,6,18,24,0,0,6,0
9,6,19,25,0,0,6,0
9,6,20,26,0,0,6,0
9,6,21,27,0,0,6,0
9,6,22,28,0,0,6,0
9,6,23,29,0,0,6,0
9,6,24,30,0,0,6,0
9,6,25,31,0,0,6,0
9,6,26,32,0,0,6,0
9,6,27,33,0,0,6,0
9,6,28,34,0,0,6,0
9,6,29,35,0,0,6,0
9,6,30,36,0,0,6,0
9,6,31,37,0,0,6,0
9,6,32,38,0,0,6,0
9,6,33,39,0,0,6,0
9,6,34,40,0,0,6,0
9,6,35,41,0,0,6,0
9,6,36,42,0,0,6,0
9,6,37,43,0,0,6,0
9,6,38,44,0,0,6,0
9,6,39,45,0,0,6,0
9,6,40,46,0,0,6,0
9,6,41,47,0,0,6,0
9,6,42,48,0,0,6,0
9,6,43,49,0,0,6,0
9,6,44,50,0,0,6,0
10,13,0,3,0,0,3,0
10,13,1,4,0,0,3,0
10,13,2,5,0,0,3,0
10,13,3,6,0,0,3,0
10,13,4,7,0,0,3,0
10,13,5,8,0,0,3,0
10,13,6,9,0,0,3,0
10,13,7,10,0,0,3,0
10,13,8,11,0,0,3,0
10,13,9,12,0,0,3,0
10,13,10,13,0,0,3,0
10,13,11,14,0,0,3,0
10,13,12,15,0,0,3,0
10,13,13,16,0,0,3,0
10,13,14,17,0,0,3,0
10,13,15,18,0,0,3,0
10,13,16,19,0,0,3,0
10,13,17,20,0,0,3,0
10,13,18,21,0,0,3,0
10,13,19,22,0,0,3,0
10,13,20,23,0,0,3,0
10,13,21,24,0,0,3,0
10,13,22,25,0,0,3,0
10,13,23,26,0,0,3,0
10,13,24,27,0,0,3,0
10,13,25,28,0,0,3,0
10,13,26,29,0,0,3,0
10,13,27,30,0,0,3,0
10,13,28,31,0,0,3,0
10,13,29,32,0,0,3,0
10,13,30,33,0,0,3,0
10,13,31,34,0,0,3,0
10,13,32,35,0,0,3,0
10,13,33,36,0,0,3,0
10,13,34,37,0,0,3,0
10,13,35,38,0,0,3,0
10,13,36,39,0,0,3,0
10,13,37,40,0,0,3,0
10,13,38,41,0,0,3,0
10,13,39,42,0,0,3,0
10,13,40,43,0,0,3,0
10,13,41,44,0,0,3,0
10,13,42,45,0,0,3,0
10,13,43,46,0,0,3,0
10,13,44,47,0,0,3,0
10,13,45,48,0,0,3,0
10,13,46,49,0,0,3,0
10,13,47,50,0,0,3,0
9,15,0,8,0,0,8,0
9,15,1,9,0,0,8,0
9,15,2,10,0,0,8,0
9,15,3,11,0,0,8,0
9,15,4,12,0,0,8,0
9,15,5,13,0,0,8,0
9,15,6,14,0,0,8,0
9,15,7,15,0,0,8,0
9,15,8,16,0,0,8,0
9,15,9,17,0,0,8,0
9,15,10,18,0,0,8,0
9,15,11,19,0,0,8,0
9,15,12,20,0,0,8,0
9,15,13,21,0,0,8,0
9,15,14,22,0,0,8,0
9,15,15,23,0,0,8,0
9,15,16,24,0,0,8,0
9,15,17,25,0,0,8,0
9,15,18,26,0,0,8,0
9,15,19,27,0,0,8,0
9,15,20,28,0,0,8,0
9,15,21,29,0,0,8,0
9,15,22,30,0,0,8,0
9,15,23,31,0,0,8,0
9,15,24,32,0,0,8,0
9,15,25,33,0,0,8,0
9,15,26,34,0,0,8,0
9,15,27,35,0,0,8,0
9,15,28,36,0,0,8,0
9,15,29,37,0,0,8,0
9,15,30,38,0,0,8,0
9,15,31,39,0,0,8,0
9,15,32,40,0,0,8,0
9,15,33,41,0,0,8,0
9,15,34,42,0,0,8,0
9,15,35,43,0,0,8,0
9,15,36,44,0,0,8,0
9,15,37,45,0,0,8,0
9,15,38,46,0,0,8,0
9,15,39,47,0,0,8,0
9,15,40,48,0,0,8,0
9,15,41,49,0,0,8,0
9,15,42,50,0,0,8,0
0,12,0,4,0,0,4,0
0,12,1,5,0,0,4,0
0,12,2,6,0,0,4,0
0,12,3,7,0,0,4,0
0,12,4,8,0,0,4,0
0,12,5,9,0,0,4,0
0,12,6,10,0,0,4,0
0,12,7,11,0,0,4,0
0,12,8,12,0,0,4,0
0,12,9,13,0,0,4,0
0,12,10,14,0,0,4,0
0,12,11,15,0,0,4,0
0,12,12,16,0,0,4,0
0,12,13,17,0,0,4,0
0,12,14,18,0,0,4,0
0,12,15,19,0,0,4,0
0,12,16,20,0,0,4,0
0,12,17,21,0,0,4,0
0,12,18,22,0,0,4,0
0,12,19,23,0,0,4,0
0,12,20,24,0,0,4,0
0,12,21,25,0,0,4,0
0,12,22,26,0,0,4,0
0,12,23,27,0,0,4,0
0,12,24,28,0,0,4,0
0,12,25,29,0,0,4,0
0,12,26,30,0,0,4,0
0,12,27,31,0,0,4,0
0,12,28,32,0,0,4,0
0,12,29,33,0,0,4,0
0,12,30,34,0,0,4,0
0,12,31,35,0,0,4,0
0,12,32,36,0,0,4,0
0,12,33,37,0,0,4,0
0,12,34,38,0,0,4,0
0,12,35,39,0,0,4,0
0,12,36,40,0,0,4,0
0,12,37,41,0,0,4,0
0,12,38,42,0,0,4,0
0,12,39,43,0,0,4,0
0,12,40,44,0,0,4,0
0,12,41,45,0,0,4,0
0,12,42,46,0,0,4,0
0,12,43,47,0,0,4,0
0,12,44,48,0,0,4,0
0,12,45,49,0,0,4,0
0,12,46,50,0,0,4,0
2,9,0,2,0,0,2,0
2,9,1,3,0,0,2,0
2,9,2,4,0,0,2,0
2,9,3,5,0,0,2,0
2,9,4,6,0,0,2,0
2,9,5,7,0,0,2,0
2,9,6,8,0,0,2,0
2,9,7,9,0,0,2,0
2,9,8,10,0,0,2,0
2,9,9,11,0,0,2,0
2,9,10,12,0,0,2,0
2,9,11,13,0,0,2,0
2,9,12,14,0,0,2,0
2,9,13,15,0,0,2,0
2,9,14,16,0,0,2,0
2,9,15,17,0,0,2,0
2,9,16,18,0,0,2,0
2,9,17,19,0,0,2,0
2,9,18,20,0,0,2,0
2,9,19,21,0,0,2,0
2,9,20,22,0,0,2,0
2,9,21,23,0,0,2,0
2,9,22,24,0,0,2,0
2,9,23,25,0,0,2,0
2,9,24,26,0,0,2,0
2,9,25,27,0,0,2,0
2,9,26,28,0,0,2,0
2,9,27,29,0,0,2,0
2,9,28,30,0,0,2,0
2,9,29,31,0,0,2,0
2,9,30,32,0,0,2,0
2,9,31,33,0,0,2,0
2,9,32,34,0,0,2,0
2,9,33,35,0,0,2,0
2,9,34,36,0,0,2,0
2,9,35,37,0,0,2,0
2,9,36,38,0,0,2,0
2,9,37,39,0,0,2,0
2,9,38,40,0,0,2,0
2,9,39,41,0,0,2,0
2,9,40,42,0,0,2,0
2,9,41,43,0,0,2,0
2,9,42,44,0,0,2,0
2,9,43,45,0,0,2,0
2,9,44,46,0,0,2,0
2,9,45,47,0,0,2,0
2,9,46,48,0,0,2,0
2,9,47,49,0,0,2,0
2,9,48,50,0,0,2,0
11,3,0,3,0,0,3,0
11,3,1,4,0,0,3,0
11,3,2,5,0,0,3,0
11,3,3,6,0,0,3,0
11,3,4,7,0,0,3,0
11,3,5,8,0,0,3,0
11,3,6,9,0,0,3,0
11,3,7,10,0,0,3,0
11,3,8,11,0,0,3,0
11,3,9,12,0,0,3,0
11,3,10,13,0,0,3,0
11,3,11,14,0,0,3,0
11,3,12,15,0,0,3,0
11,3,13,16,0,0,3,0
11,3,14,17,0,0,3,0
11,3,15,18,0,0,3,0
11,3,16,19,0,0,3,0
11,3,17,20,0,0,3,0
11,3,18,21,0,0,3,0
11,3,19,22,0,0,3,0
11,3,20,23,0,0,3,0
11,3,21,24,0,0,3,0
11,3,22,25,0,0,3,0
11,3,23,26,0,0,3,0
11,3,24,27,0,0,3,0
11,3,25,28,0,0,3,0
11,3,26,29,0,0,3,0
11,3,27,30,0,0,3,0
11,3,28,31,0,0,3,0
11,3,29,32,0,0,3,0
11,3,30,33,0,0,3,0
11,3,31,34,0,0,3,0
11,3,32,35,0,0,3,0
11,3,33,36,0,0,3,0
11,3,34,37,0,0,3,0
11,3,35,38,0,0,3,0
11,3,36,39,0,0,3,0
11,3,37,40,0,0,3,0
11,3,38,41,0,0,3,0
11,3,39,42,0,0,3,0
11,3,40,43,0,0,3,0
11,3,41,44,0,0,3,0
11,3,42,45,0,0,3,0
11,3,43,46,0,0,3,0
11,3,44,47,0,0,3,0
11,3,45,48,0,0,3,0
11,3,46,49,0,0,3,0
11,3,47,50,0,0,3,0
11,12,0,3,0,0,3,0
11,12,1,4,0,0,3,0
11,12,2,5,0,0,3,0
11,12,3,6,0,0,3,0
11,12,4,7,0,0,3,0
11,12,5,8,0,0,3,0
11,12,6,9,0,0,3,0
11,12,7,10,0,0,3,0
11,12,8,11,0,0,3,0
11,12,9,12,0,0,3,0
11,12,10,13,0,0,3,0
11,12,11,14,0,0,3,0
11,12,12,15,0,0,3,0
11,12,13,16,0,0,3,0
11,12,14,17,0,0,3,0
11,12,15,18,0,0,3,0
11,12,16,19,0,0,3,0
11,12,17,20,0,0,3,0
11,12,18,21,0,0,3,0
11,12,19,22,0,0,3,0
11,12,20,23,0,0,3,0
11,12,21,24,0,0,3,0
11,12,22,25,0,0,3,0
11,12,23,26,0,0,3,0
11,12,24,27,0,0,3,0
11,12,25,28,0,0,3,0
11,12,26,29,0,0,3,0
11,12,27,30,0,0,3,0
11,12,28,31,0,0,3,0
11,12,29,32,0,0,3,0
11,12,30,33,0,0,3,0
11,12,31,34,0,0,3,0
11,12,32,35,0,0,3,0
11,12,33,36,0,0,3,0
11,12,34,37,0,0,3,0
11,12,35,38,0,0,3,0
11,12,36,39,0,0,3,0
11,12,37,40,0,0,3,0
11,12,38,41,0,0,3,0
11,12,39,42,0,0,3,0
11,12,40,43,0,0,3,0
11,12,41,44,0,0,3,0
11,12,42,45,0,0,3,0
11,12,43,46,0,0,3,0
11,12,44,47,0,0,3,0
11,12,45,48,0,0,3,0
11,12,46,49,0,0,3,0
11,12,47,50,0,0,3,0
13,6,0,2,0,0,2,0
13,6,1,3,0,0,2,0
13,6,2,4,0,0,2,0
13,6,3,5,0,0,2,0
13,6,4,6,0,0,2,0
13,6,5,7,0,0,2,0
13,6,6,8,0,0,2,0
13,6,7,9,0,0,2,0
13,6,8,10,0,0,2,0
13,6,9,11,0,0,2,0
13,6,10,12,0,0,2,0
13,6,11,13,0,0,2,0
13,6,12,14,0,0,2,0
13,6,13,15,0,0,2,0
13,6,14,16,0,0,2,0
13,6,15,17,0,0,2,0
13,6,16,18,0,0,2,0
13,6,17,19,0,0,2,0
13,6,18,20,0,0,2,0
13,6,19,21,0,0,2,0
13,6,20,22,0,0,2,0
13,6,21,23,0,0,2,0
13,6,22,24,0,0,2,0
13,6,23,25,0,0,2,0
13,6,24,26,0,0,2,0
13,6,25,27,0,0,2,0
13,6,26,28,0,0,2,0
13,6,27,29,0,0,2,0
13,6,28,30,0,0,2,0
13,6,29,31,0,0,2,0
13,6,30,32,0,0,2,0
13,6,31,33,0,0,2,0
13,6,32,34,0,0,2,0
13,6,33,35,0,0,2,0
13,6,34,36,0,0,2,0
13,6,35,37,0,0,2,0
13,6,36,38,0,0,2,0
13,6,37,39,0,0,2,0
13,6,38,40,0,0,2,0
13,6,39,41,0,0,2,0
13,6,40,42,0,0,2,0
13,6,41,43,0,0,2,0
13,6,42,44,0,0,2,0
13,6,43,45,0,0,2,0
13,6,44,46,0,0,2,0
13,6,45,47,0,0,2,0
13,6,46,48,0,0,2,0
13,6,47,49,0,0,2,0
13,6,48,50,0,0,2,0
6,0,0,2,0,0,2,0
6,0,1,3,0,0,2,0
6,0,2,4,0,0,2,0
6,0,3,5,0,0,2,0
6,0,4,6,0,0,2,0
6,0,5,7,0,0,2,0
6,0,6,8,0,0,2,0
6,0,7,9,0,0,2,0
6,0,8,10,0,0,2,0
6,0,9,11,0,0,2,0
6,0,10,12,0,0,2,0
6,0,11,13,0,0,2,0
6,0,12,14,0,0,2,0
6,0,13,15,0,0,2,0
6,0,14,16,0,0,2,0
6,0,15,17,0,0,2,0
6,0,16,18,0,0,2,0
6,0,17,19,0,0,2,0
6,0,18,20,0,0,2,0
6,0,19,21,0,0,2,0
6,0,20,22,0,0,2,0
6,0,21,23,0,0,2,0
6,0,22,24,0,0,2,0
6,0,23,25,0,0,2,0
6,0,24,26,0,0,2,0
6,0,25,27,0,0,2,0
6,0,26,28,0,0,2,0
6,0,27,29,0,0,2,0
6,0,28,30,0,0,2,0
6,0,29,31,0,0,2,0
6,0,30,32,0,0,2,0
6,0,31,33,0,0,2,0
6,0,32,34,0,0,2,0
6,0,33,35,0,0,2,0
6,0,34,36,0,0,2,0
6,0,35,37,0,0,2,0
6,0,36,38,0,0,2,0
6,0,37,39,0,0,2,0
6,0,38,40,0,0,2,0
6,0,39,41,0,0,2,0
6,0,40,42,0,0,2,0
6,0,41,43,0,0,2,0
6,0,42,44,0,0,2,0
6,0,43,45,0,0,2,0
6,0,44,46,0,0,2,0
6,0,45,47,0,0,2,0
6,0,46,48,0,0,2,0
6,0,47,49,0,0,2,0
6,0,48,50,0,0,2,0
13,15,0,4,0,0,4,0
13,15,1,5,0,0,4,0
13,15,2,6,0,0,4,0
13,15,3,7,0,0,4,0
13,15,4,8,0,0,4,0
13,15,5,9,0,0,4,0
13,15,6,10,0,0,4,0
13,15,7,11,0,0,4,0
13,15,8,12,0,0,4,0
13,15,9,13,0,0,4,0
13,15,10,14,0,0,4,0
13,15,11,15,0,0,4,0
13,15,12,16,0,0,4,0
13,15,13,17,0,0,4,0
13,15,14,18,0,0,4,0
13,15,15,19,0,0,4,0
13,15,16,20,0,0,4,0
13,15,17,21,0,0,4,0
13,15,18,22,0,0,4,0
13,15,19,23,0,0,4,0
13,15,20,24,0,0,4,0
13,15,21,25,0,0,4,0
13,15,22,26,0,0,4,0
13,15,23,27,0,0,4,0
13,15,24,28,0,0,4,0
13,15,25,29,0,0,4,0
13,15,26,30,0,0,4,0
13,15,27,31,0,0,4,0
13,15,28,32,0,0,4,0
13,15,29,33,0,0,4,0
13,15,30,34,0,0,4,0
13,15,31,35,0,0,4,0
13,15,32,36,0,0,4,0
13,15,33,37,0,0,4,0
13,15,34,38,0,0,4,0
13,15,35,39,0,0,4,0
13,15,36,40,0,0,4,0
13,15,37,41,0,0,4,0
13,15,38,42,0,0,4,0
13,15,39,43,0,0,4,0
13,15,40,44,0,0,4,0
13,15,41,45,0,0,4,0
13,15,42,46,0,0,4,0
13,15,43,47,0,0,4,0
13,15,44,48,0,0,4,0
13,15,45,49,0,0,4,0
13,15,46,50,0,0,4,0
6,9,0,6,0,0,6,0
6,9,1,7,0,0,6,0
6,9,2,8,0,0,6,0
6,9,3,9,0,0,6,0
6,9,4,10,0,0,6,0
6,9,5,11,0,0,6,0
6,9,6,12,0,0,6,0
6,9,7,13,0,0,6,0
6,9,8,14,0,0,6,0
6,9,9,15,0,0,6,0
6,9,10,16,0,0,6,0
6,9,11,17,0,0,6,0
6,9,12,18,0,0,6,0
6,9,13,19,0,0,6,0
6,9,14,20,0,0,6,0
6,9,15,21,0,0,6,0
6,9,16,22,0,0,6,0
6,9,17,23,0,0,6,0
6,9,18,24,0,0,6,0
6,9,19,25,0,0,6,0
6,9,20,26,0,0,6,0
6,9,21,27,0,0,6,0
6,9,22,28,0,0,6,0
6,9,23,29,0,0,6,0
6,9,24,30,0,0,6,0
6,9,25,31,0,0,6,0
6,9,26,32,0,0,6,0
6,9,27,33,0,0,6,0
6,9,28,34,0,0,6,0
6,9,29,35,0,0,6,0
6,9,30,36,0,0,6,0
6,9,31,37,0,0,6,0
6,9,32,38,0,0,6,0
6,9,33,39,0,0,6,0
6,9,34,40,0,0,6,0
6,9,35,41,0,0,6,0
6,9,36,42,0,0,6,0
6,9,37,43,0,0,6,0
6,9,38,44,0,0,6,0
6,9,39,45,0,0,6,0
6,9,40,46,0,0,6,0
6,9,41,47,0,0,6,0
6,9,42,48,0,0,6,0
6,9,43,49,0,0,6,0
6,9,44,50,0,0,6,0
7,8,0,1,0,0,1,0
7,8,1,2,0,0,1,0
7,8,2,3,0,0,1,0
7,8,3,4,0,0,1,0
7,8,4,5,0,0,1,0
7,8,5,6,0,0,1,0
7,8,6,7,0,0,1,0
7,8,7,8,0,0,1,0
7,8,8,9,0,0,1,0
7,8,9,10,0,0,1,0
7,8,10,11,0,0,1,0
7,8,11,12,0,0,1,0
7,8,12,13,0,0,1,0
7,8,13,14,0,0,1,0
7,8,14,15,0,0,1,0
7,8,15,16,0,0,1,0
7,8,16,17,0,0,1,0
7,8,17,18,0,0,1,0
7,8,18,19,0,0,1,0
7,8,19,20,0,0,1,0
7,8,20,21,0,0,1,0
7,8,21,22,0,0,1,0
7,8,22,23,0,0,1,0
7,8,23,24,0,0,1,0
7,8,24,25,0,0,1,0
7,8,25,26,0,0,1,0
7,8,26,27,0,0,1,0
7,8,27,28,0,0,1,0
7,8,28,29,0,0,1,0
7,8,29,30,0,0,1,0
7,8,30,31,0,0,1,0
7,8,31,32,0,0,1,0
7,8,32,33,0,0,1,0
7,8,33,34,0,0,1,0
7,8,34,35,0,0,1,0
7,8,35,36,0,0,1,0
7,8,36,37,0,0,1,0
7,8,37,38,0,0,1,0
7,8,38,39,0,0,1,0
7,8,39,40,0,0,1,0
7,8,40,41,0,0,1,0
7,8,41,42,0,0,1,0
7,8,42,43,0,0,1,0
7,8,43,44,0,0,1,0
7,8,44,45,0,0,1,0
7,8,45,46,0,0,1,0
7,8,46,47,0,0,1,0
7,8,47,48,0,0,1,0
7,8,48,49,0,0,1,0
7,8,49,50,0,0,1,0
12,4,0,7,1,1,7,0
12,4,1,8,1,1,7,0
12,4,2,9,1,1,7,0
12,4,3,10,1,1,7,0
12,4,4,11,1,1,7,0
12,4,5,12,1,1,7,0
12,4,6,13,1,1,7,0
12,4,7,14,1,1,7,0
12,4,8,15,1,1,7,0
12,4,9,16,1,1,7,0
12,4,10,17,1,1,7,0
12,4,11,18,1,1,7,0
12,4,12,19,1,1,7,0
12,4,13,20,1,1,7,0
12,4,14,21,1,1,7,0
12,4,15,22,1,1,7,0
12,4,16,23,1,1,7,0
12,4,17,24,1,1,7,0
12,4,18,25,1,1,7,0
12,4,19,26,1,1,7,0
12,4,20,27,1,1,7,0
12,4,21,28,1,1,7,0
12,4,22,29,1,1,7,0
12,4,23,30,1,1,7,0
12,4,24,31,1,1,7,0
12,4,25,32,1,1,7,0
12,4,26,33,1,1,7,0
12,4,27,34,1,1,7,0
12,4,28,35,1,1,7,0
12,4,29,36,1,1,7,0
12,4,30,37,1,1,7,0
12,4,31,38,1,1,7,0
12,4,32,39,1,1,7,0
12,4,33,40,1,1,7,0
12,4,34,41,1,1,7,0
12,4,35,42,1,1,7,0
12,4,36,43,1,1,7,0
12,4,37,44,1,1,7,0
12,4,38,45,1,1,7,0
12,4,39,46,1,1,7,0
12,4,40,47,1,1,7,0
12,4,41,48,1,1,7,0
12,4,42,49,1,1,7,0
12,4,43,50,1,1,7,0
4,0,0,5,1,1,5,0
4,0,1,6,1,1,5,0
4,0,2,7,1,1,5,0
4,0,3,8,1,1,5,0
4,0,4,9,1,1,5,0
4,0,5,10,1,1,5,0
4,0,6,11,1,1,5,0
4,0,7,12,1,1,5,0
4,0,8,13,1,1,5,0
4,0,9,14,1,1,5,0
4,0,10,15,1,1,5,0
4,0,11,16,1,1,5,0
4,0,12,17,1,1,5,0
4,0,13,18,1,1,5,0
4,0,14,19,1,1,5,0
4,0,15,20,1,1,5,0
4,0,16,21,1,1,5,0
4,0,17,22,1,1,5,0
4,0,18,23,1,1,5,0
4,0,19,24,1,1,5,0
4,0,20,25,1,1,5,0
4,0,21,26,1,1,5,0
4,0,22,27,1,1,5,0
4,0,23,28,1,1,5,0
4,0,24,29,1,1,5,0
4,0,25,30,1,1,5,0
4,0,26,31,1,1,5,0
4,0,27,32,1,1,5,0
4,0,28,33,1,1,5,0
4,0,29,34,1,1,5,0
4,0,30,35,1,1,5,0
4,0,31,36,1,1,5,0
4,0,32,37,1,1,5,0
4,0,33,38,1,1,5,0
4,0,34,39,1,1,5,0
4,0,35,40,1,1,5,0
4,0,36,41,1,1,5,0
4,0,37,42,1,1,5,0
4,0,38,43,1,1,5,0
4,0,39,44,1,1,5,0
4,0,40,45,1,1,5,0
4,0,41,46,1,1,5,0
4,0,42,47,1,1,5,0
4,0,43,48,1,1,5,0
4,0,44,49,1,1,5,0
4,0,45,50,1,1,5,0
4,9,0,5,1,1,5,0
4,9,1,6,1,1,5,0
4,9,2,7,1,1,5,0
4,9,3,8,1,1,5,0
4,9,4,9,1,1,5,0
4,9,5,10,1,1,5,0
4,9,6,11,1,1,5,0
4,9,7,12,1,1,5,0
4,9,8,13,1,1,5,0
4,9,9,14,1,1,5,0
4,9,10,15,1,1,5,0
4,9,11,16,1,1,5,0
4,9,12,17,1,1,5,0
4,9,13,18,1,1,5,0
4,9,14,19,1,1,5,0
4,9,15,20,1,1,5,0
4,9,16,21,1,1,5,0
4,9,17,22,1,1,5,0
4,9,18,23,1,1,5,0
4,9,19,24,1,1,5,0
4,9,20,25,1,1,5,0
4,9,21,26,1,1,5,0
4,9,22,27,1,1,5,0
4,9,23,28,1,1,5,0
4,9,24,29,1,1,5,0
4,9,25,30,1,1,5,0
4,9,26,31,1,1,5,0
4,9,27,32,1,1,5,0
4,9,28,33,1,1,5,0
4,9,29,34,1,1,5,0
4,9,30,35,1,1,5,0
4,9,31,36,1,1,5,0
4,9,32,37,1,1,5,0
4,9,33,38,1,1,5,0
4,9,34,39,1,1,5,0
4,9,35,40,1,1,5,0
4,9,36,41,1,1,5,0
4,9,37,42,1,1,5,0
4,9,38,43,1,1,5,0
4,9,39,44,1,1,5,0
4,9,40,45,1,1,5,0
4,9,41,46,1,1,5,0
4,9,42,47,1,1,5,0
4,9,43,48,1,1,5,0
4,9,44,49,1,1,5,0
4,9,45,50,1,1,5,0
5,1,0,5,1,1,5,0
5,1,1,6,1,1,5,0
5,1,2,7,1,1,5,0
5,1,3,8,1,1,5,0
5,1,4,9,1,1,5,0
5,1,5,10,1,1,5,0
5,1,6,11,1,1,5,0
5,1,7,12,1,1,5,0
5,1,8,13,1,1,5,0
5,1,9,14,1,1,5,0
5,1,10,15,1,1,5,0
5,1,11,16,1,1,5,0
5,1,12,17,1,1,5,0
5,1,13,18,1,1,5,0
5,1,14,19,1,1,5,0
5,1,15,20,1,1,5,0
5,1,16,21,1,1,5,0
5,1,17,22,1,1,5,0
5,1,18,23,1,1,5,0
5,1,19,24,1,1,5,0
5,1,20,25,1,1,5,0
5,1,21,26,1,1,5,0
5,1,22,27,1,1,5,0
5,1,23,28,1,1,5,0
5,1,24,29,1,1,5,0
5,1,25,30,1,1,5,0
5,1,26,31,1,1,5,0
5,1,27,32,1,1,5,0
5,1,28,33,1,1,5,0
5,1,29,34,1,1,5,0
5,1,30,35,1,1,5,0
5,1,31,36,1,1,5,0
5,1,32,37,1,1,5,0
5,1,33,38,1,1,5,0
5,1,34,39,1,1,5,0
5,1,35,40,1,1,5,0
5,1,36,41,1,1,5,0
5,1,37,42,1,1,5,0
5,1,38,43,1,1,5,0
5,1,39,44,1,1,5,0
5,1,40,45,1,1,5,0
5,1,41,46,1,1,5,0
5,1,42,47,1,1,5,0
5,1,43,48,1,1,5,0
5,1,44,49,1,1,5,0
5,1,45,50,1,1,5,0
8,0,0,5,1,1,5,0
8,0,1,6,1,1,5,0
8,0,2,7,1,1,5,0
8,0,3,8,1,1,5,0
8,0,4,9,1,1,5,0
8,0,5,10,1,1,5,0
8,0,6,11,1,1,5,0
8,0,7,12,1,1,5,0
8,0,8,13,1,1,5,0
8,0,9,14,1,1,5,0
8,0,10,15,1,1,5,0
8,0,11,16,1,1,5,0
8,0,12,17,1,1,5,0
8,0,13,18,1,1,5,0
8,0,14,19,1,1,5,0
8,0,15,20,1,1,5,0
8,0,16,21,1,1,5,0
8,0,17,22,1,1,5,0
8,0,18,23,1,1,5,0
8,0,19,24,1,1,5,0
8,0,20,25,1,1,5,0
8,0,21,26,1,1,5,0
8,0,22,27,1,1,5,0
8,0,23,28,1,1,5,0
8,0,24,29,1,1,5,0
8,0,25,30,1,1,5,0
8,0,26,31,1,1,5,0
8,0,27,32,1,1,5,0
8,0,28,33,1,1,5,0
8,0,29,34,1,1,5,0
8,0,30,35,1,1,5,0
8,0,31,36,1,1,5,0
8,0,32,37,1,1,5,0
8,0,33,38,1,1,5,0
8,0,34,39,1,1,5,0
8,0,35,40,1,1,5,0
8,0,36,41,1,1,5,0
8,0,37,42,1,1,5,0
8,0,38,43,1,1,5,0
8,0,39,44,1,1,5,0
8,0,40,45,1,1,5,0
8,0,41,46,1,1,5,0
8,0,42,47,1,1,5,0
8,0,43,48,1,1,5,0
8,0,44,49,1,1,5,0
8,0,45,50,1,1,5,0
3,13,0,7,1,1,7,0
3,13,1,8,1,1,7,0
3,13,2,9,1,1,7,0
3,13,3,10,1,1,7,0
3,13,4,11,1,1,7,0
3,13,5,12,1,1,7,0
3,13,6,13,1,1,7,0
3,13,7,14,1,1,7,0
3,13,8,15,1,1,7,0
3,13,9,16,1,1,7,0
3,13,10,17,1,1,7,0
3,13,11,18,1,1,7,0
3,13,12,19,1,1,7,0
3,13,13,20,1,1,7,0
3,13,14,21,1,1,7,0
3,13,15,22,1,1,7,0
3,13,16,23,1,1,7,0
3,13,17,24,1,1,7,0
3,13,18,25,1,1,7,0
3,13,19,26,1,1,7,0
3,13,20,27,1,1,7,0
3,13,21,28,1,1,7,0
3,13,22,29,1,1,7,0
3,13,23,30,1,1,7,0
3,13,24,31,1,1,7,0
3,13,25,32,1,1,7,0
3,13,26,33,1,1,7,0
3,13,27,34,1,1,7,0
3,13,28,35,1,1,7,0
3,13,29,36,1,1,7,0
3,13,30,37,1,1,7,0
3,13,31,38,1,1,7,0
3,13,32,39,1,1,7,0
3,13,33,40,1,1,7,0
3,13,34,41,1,1,7,0
3,13,35,42,1,1,7,0
3,13,36,43,1,1,7,0
3,13,37,44,1,1,7,0
3,13,38,45,1,1,7,0
3,13,39,46,1,1,7,0
3,13,40,47,1,1,7,0
3,13,41,48,1,1,7,0
3,13,42,49,1,1,7,0
3,13,43,50,1,1,7,0
5,10,0,5,1,1,5,0
5,10,1,6,1,1,5,0
5,10,2,7,1,1,5,0
5,10,3,8,1,1,5,0
5,10,4,9,1,1,5,0
5,10,5,10,1,1,5,0
5,10,6,11,1,1,5,0
5,10,7,12,1,1,5,0
5,10,8,13,1,1,5,0
5,10,9,14,1,1,5,0
5,10,10,15,1,1,5,0
5,10,11,16,1,1,5,0
5,10,12,17,1,1,5,0
5,10,13,18,1,1,5,0
5,10,14,19,1,1,5,0
5,10,15,20,1,1,5,0
5,10,16,21,1,1,5,0
5,10,17,22,1,1,5,0
5,10,18,23,1,1,5,0
5,10,19,24,1,1,5,0
5,10,20,25,1,1,5,0
5,10,21,26,1,1,5,0
5,10,22,27,1,1,5,0
5,10,23,28,1,1,5,0
5,10,24,29,1,1,5,0
5,10,25,30,1,1,5,0
5,10,26,31,1,1,5,0
5,10,27,32,1,1,5,0
5,10,28,33,1,1,5,0
5,10,29,34,1,1,5,0
5,10,30,35,1,1,5,0
5,10,31,36,1,1,5,0
5,10,32,37,1,1,5,0
5,10,33,38,1,1,5,0
5,10,34,39,1,1,5,0
5,10,35,40,1,1,5,0
5,10,36,41,1,1,5,0
5,10,37,42,1,1,5,0
5,10,38,43,1,1,5,0
5,10,39,44,1,1,5,0
5,10,40,45,1,1,5,0
5,10,41,46,1,1,5,0
5,10,42,47,1,1,5,0
5,10,43,48,1,1,5,0
5,10,44,49,1,1,5,0
5,10,45,50,1,1,5,0
8,9,0,4,1,1,4,0
8,9,1,5,1,1,4,0
8,9,2,6,1,1,4,0
8,9,3,7,1,1,4,0
8,9,4,8,1,1,4,0
8,9,5,9,1,1,4,0
8,9,6,10,1,1,4,0
8,9,7,11,1,1,4,0
8,9,8,12,1,1,4,0
8,9,9,13,1,1,4,0
8,9,10,14,1,1,4,0
8,9,11,15,1,1,4,0
8,9,12,16,1,1,4,0
8,9,13,17,1,1,4,0
8,9,14,18,1,1,4,0
8,9,15,19,1,1,4,0
8,9,16,20,1,1,4,0
8,9,17,21,1,1,4,0
8,9,18,22,1,1,4,0
8,9,19,23,1,1,4,0
8,9,20,24,1,1,4,0
8,9,21,25,1,1,4,0
8,9,22,26,1,1,4,0
8,9,23,27,1,1,4,0
8,9,24,28,1,1,4,0
8,9,25,29,1,1,4,0
8,9,26,30,1,1,4,0
8,9,27,31,1,1,4,0
8,9,28,32,1,1,4,0
8,9,29,33,1,1,4,0
8,9,30,34,1,1,4,0
8,9,31,35,1,1,4,0
8,9,32,36,1,1,4,0
8,9,33,37,1,1,4,0
8,9,34,38,1,1,4,0
8,9,35,39,1,1,4,0
8,9,36,40,1,1,4,0
8,9,37,41,1,1,4,0
8,9,38,42,1,1,4,0
8,9,39,43,1,1,4,0
8,9,40,44,1,1,4,0
8,9,41,45,1,1,4,0
8,9,42,46,1,1,4,0
8,9,43,47,1,1,4,0
8,9,44,48,1,1,4,0
8,9,45,49,1,1,4,0
8,9,46,50,1,1,4,0
10,6,0,1,1,1,1,0
10,6,1,2,1,1,1,0
10,6,2,3,1,1,1,0
10,6,3,4,1,1,1,0
10,6,4,5,1,1,1,0
10,6,5,6,1,1,1,0
10,6,6,7,1,1,1,0
10,6,7,8,1,1,1,0
10,6,8,9,1,1,1,0
10,6,9,10,1,1,1,0
10,6,10,11,1,1,1,0
10,6,11,12,1,1,1,0
10,6,12,13,1,1,1,0
10,6,13,14,1,1,1,0
10,6,14,15,1,1,1,0
10,6,15,16,1,1,1,0
10,6,16,17,1,1,1,0
10,6,17,18,1,1,1,0
10,6,18,19,1,1,1,0
10,6,19,20,1,1,1,0
10,6,20,21,1,1,1,0
10,6,21,22,1,1,1,0
10,6,22,23,1,1,1,0
10,6,23,24,1,1,1,0
10,6,24,25,1,1,1,0
10,6,25,26,1,1,1,0
10,6,26,27,1,1,1,0
10,6,27,28,1,1,1,0
10,6,28,29,1,1,1,0
10,6,29,30,1,1,1,0
10,6,30,31,1,1,1,0
10,6,31,32,1,1,1,0
10,6,32,33,1,1,1,0
10,6,33,34,1,1,1,0
10,6,34,35,1,1,1,0
10,6,35,36,1,1,1,0
10,6,36,37,1,1,1,0
10,6,37,38,1,1,1,0
10,6,38,39,1,1,1,0
10,6,39,40,1,1,1,0
10,6,40,41,1,1,1,0
10,6,41,42,1,1,1,0
10,6,42,43,1,1,1,0
10,6,43,44,1,1,1,0
10,6,44,45,1,1,1,0
10,6,45,46,1,1,1,0
10,6,46,47,1,1,1,0
10,6,47,48,1,1,1,0
10,6,48,49,1,1,1,0
10,6,49,50,1,1,1,0
9,8,0,4,1,1,4,0
9,8,1,5,1,1,4,0
9,8,2,6,1,1,4,0
9,8,3,7,1,1,4,0
9,8,4,8,1,1,4,0
9,8,5,9,1,1,4,0
9,8,6,10,1,1,4,0
9,8,7,11,1,1,4,0
9,8,8,12,1,1,4,0
9,8,9,13,1,1,4,0
9,8,10,14,1,1,4,0
9,8,11,15,1,1,4,0
9,8,12,16,1,1,4,0
9,8,13,17,1,1,4,0
9,8,14,18,1,1,4,0
9,8,15,19,1,1,4,0
9,8,16,20,1,1,4,0
9,8,17,21,1,1,4,0
9,8,18,22,1,1,4,0
9,8,19,23,1,1,4,0
9,8,20,24,1,1,4,0
9,8,21,25,1,1,4,0
9,8,22,26,1,1,4,0
9,8,23,27,1,1,4,0
9,8,24,28,1,1,4,0
9,8,25,29,1,1,4,0
9,8,26,30,1,1,4,0
9,8,27,31,1,1,4,0
9,8,28,32,1,1,4,0
9,8,29,33,1,1,4,0
9,8,30,34,1,1,4,0
9,8,31,35,1,1,4,0
9,8,32,36,1,1,4,0
9,8,33,37,1,1,4,0
9,8,34,38,1,1,4,0
9,8,35,39,1,1,4,0
9,8,36,40,1,1,4,0
9,8,37,41,1,1,4,0
9,8,38,42,1,1,4,0
9,8,39,43,1,1,4,0
9,8,40,44,1,1,4,0
9,8,41,45,1,1,4,0
9,8,42,46,1,1,4,0
9,8,43,47,1,1,4,0
9,8,44,48,1,1,4,0
9,8,45,49,1,1,4,0
9,8,46,50,1,1,4,0
0,5,0,6,1,1,6,0
0,5,1,7,1,1,6,0
0,5,2,8,1,1,6,0
0,5,3,9,1,1,6,0
0,5,4,10,1,1,6,0
0,5,5,11,1,1,6,0
0,5,6,12,1,1,6,0
0,5,7,13,1,1,6,0
0,5,8,14,1,1,6,0
0,5,9,15,1,1,6,0
0,5,10,16,1,1,6,0
0,5,11,17,1,1,6,0
0,5,12,18,1,1,6,0
0,5,13,19,1,1,6,0
0,5,14,20,1,1,6,0
0,5,15,21,1,1,6,0
0,5,16,22,1,1,6,0
0,5,17,23,1,1,6,0
0,5,18,24,1,1,6,0
0,5,19,25,1,1,6,0
0,5,20,26,1,1,6,0
0,5,21,27,1,1,6,0
0,5,22,28,1,1,6,0
0,5,23,29,1,1,6,0
0,5,24,30,1,1,6,0
0,5,25,31,1,1,6,0
0,5,26,32,1,1,6,0
0,5,27,33,1,1,6,0
0,5,28,34,1,1,6,0
0,5,29,35,1,1,6,0
0,5,30,36,1,1,6,0
0,5,31,37,1,1,6,0
0,5,32,38,1,1,6,0
0,5,33,39,1,1,6,0
0,5,34,40,1,1,6,0
0,5,35,41,1,1,6,0
0,5,36,42,1,1,6,0
0,5,37,43,1,1,6,0
0,5,38,44,1,1,6,0
0,5,39,45,1,1,6,0
0,5,40,46,1,1,6,0
0,5,41,47,1,1,6,0
0,5,42,48,1,1,6,0
0,5,43,49,1,1,6,0
0,5,44,50,1,1,6,0
11,5,0,1,1,1,1,0
11,5,1,2,1,1,1,0
11,5,2,3,1,1,1,0
11,5,3,4,1,1,1,0
11,5,4,5,1,1,1,0
11,5,5,6,1,1,1,0
11,5,6,7,1,1,1,0
11,5,7,8,1,1,1,0
11,5,8,9,1,1,1,0
11,5,9,10,1,1,1,0
11,5,10,11,1,1,1,0
11,5,11,12,1,1,1,0
11,5,12,13,1,1,1,0
11,5,13,14,1,1,1,0
11,5,14,15,1,1,1,0
11,5,15,16,1,1,1,0
11,5,16,17,1,1,1,0
11,5,17,18,1,1,1,0
11,5,18,19,1,1,1,0
11,5,19,20,1,1,1,0
11,5,20,21,1,1,1,0
11,5,21,22,1,1,1,0
11,5,22,23,1,1,1,0
11,5,23,24,1,1,1,0
11,5,24,25,1,1,1,0
11,5,25,26,1,1,1,0
11,5,26,27,1,1,1,0
11,5,27,28,1,1,1,0
11,5,28,29,1,1,1,0
11,5,29,30,1,1,1,0
11,5,30,31,1,1,1,0
11,5,31,32,1,1,1,0
11,5,32,33,1,1,1,0
11,5,33,34,1,1,1,0
11,5,34,35,1,1,1,0
11,5,35,36,1,1,1,0
11,5,36,37,1,1,1,0
11,5,37,38,1,1,1,0
11,5,38,39,1,1,1,0
11,5,39,40,1,1,1,0
11,5,40,41,1,1,1,0
11,5,41,42,1,1,1,0
11,5,42,43,1,1,1,0
11,5,43,44,1,1,1,0
11,5,44,45,1,1,1,0
11,5,45,46,1,1,1,0
11,5,46,47,1,1,1,0
11,5,47,48,1,1,1,0
11,5,48,49,1,1,1,0
11,5,49,50,1,1,1,0
14,13,0,5,1,1,5,0
14,13,1,6,1,1,5,0
14,13,2,7,1,1,5,0
14,13,3,8,1,1,5,0
14,13,4,9,1,1,5,0
14,13,5,10,1,1,5,0
14,13,6,11,1,1,5,0
14,13,7,12,1,1,5,0
14,13,8,13,1,1,5,0
14,13,9,14,1,1,5,0
14,13,10,15,1,1,5,0
14,13,11,16,1,1,5,0
14,13,12,17,1,1,5,0
14,13,13,18,1,1,5,0
14,13,14,19,1,1,5,0
14,13,15,20,1,1,5,0
14,13,16,21,1,1,5,0
14,13,17,22,1,1,5,0
14,13,18,23,1,1,5,0
14,13,19,24,1,1,5,0
14,13,20,25,1,1,5,0
14,13,21,26,1,1,5,0
14,13,22,27,1,1,5,0
14,13,23,28,1,1,5,0
14,13,24,29,1,1,5,0
14,13,25,30,1,1,5,0
14,13,26,31,1,1,5,0
14,13,27,32,1,1,5,0
14,13,28,33,1,1,5,0
14,13,29,34,1,1,5,0
14,13,30,35,1,1,5,0
14,13,31,36,1,1,5,0
14,13,32,37,1,1,5,0
14,13,33,38,1,1,5,0
14,13,34,39,1,1,5,0
14,13,35,40,1,1,5,0
14,13,36,41,1,1,5,0
14,13,37,42,1,1,5,0
14,13,38,43,1,1,5,0
14,13,39,44,1,1,5,0
14,13,40,45,1,1,5,0
14,13,41,46,1,1,5,0
14,13,42,47,1,1,5,0
14,13,43,48,1,1,5,0
14,13,44,49,1,1,5,0
14,13,45,50,1,1,5,0
0,14,0,3,1,1,3,0
0,14,1,4,1,1,3,0
0,14,2,5,1,1,3,0
0,14,3,6,1,1,3,0
0,14,4,7,1,1,3,0
0,14,5,8,1,1,3,0
0,14,6,9,1,1,3,0
0,14,7,10,1,1,3,0
0,14,8,11,1,1,3,0
0,14,9,12,1,1,3,0
0,14,10,13,1,1,3,0
0,14,11,14,1,1,3,0
0,14,12,15,1,1,3,0
0,14,13,16,1,1,3,0
0,14,14,17,1,1,3,0
0,14,15,18,1,1,3,0
0,14,16,19,1,1,3,0
0,14,17,20,1,1,3,0
0,14,18,21,1,1,3,0
0,14,19,22,1,1,3,0
0,14,20,23,1,1,3,0
0,14,21,24,1,1,3,0
0,14,22,25,1,1,3,0
0,14,23,26,1,1,3,0
0,14,24,27,1,1,3,0
0,14,25,28,1,1,3,0
0,14,26,29,1,1,3,0
0,14,27,30,1,1,3,0
0,14,28,31,1,1,3,0
0,14,29,32,1,1,3,0
0,14,30,33,1,1,3,0
0,14,31,34,1,1,3,0
0,14,32,35,1,1,3,0
0,14,33,36,1,1,3,0
0,14,34,37,1,1,3,0
0,14,35,38,1,1,3,0
0,14,36,39,1,1,3,0
0,14,37,40,1,1,3,0
0,14,38,41,1,1,3,0
0,14,39,42,1,1,3,0
0,14,40,43,1,1,3,0
0,14,41,44,1,1,3,0
0,14,42,45,1,1,3,0
0,14,43,46,1,1,3,0
0,14,44,47,1,1,3,0
0,14,45,48,1,1,3,0
0,14,46,49,1,1,3,0
0,14,47,50,1,1,3,0
2,11,0,1,1,1,1,0
2,11,1,2,1,1,1,0
2,11,2,3,1,1,1,0
2,11,3,4,1,1,1,0
2,11,4,5,1,1,1,0
2,11,5,6,1,1,1,0
2,11,6,7,1,1,1,0
2,11,7,8,1,1,1,0
2,11,8,9,1,1,1,0
2,11,9,10,1,1,1,0
2,11,10,11,1,1,1,0
2,11,11,12,1,1,1,0
2,11,12,13,1,1,1,0
2,11,13,14,1,1,1,0
2,11,14,15,1,1,1,0
2,11,15,16,1,1,1,0
2,11,16,17,1,1,1,0
2,11,17,18,1,1,1,0
2,11,18,19,1,1,1,0
2,11,19,20,1,1,1,0
2,11,20,21,1,1,1,0
2,11,21,22,1,1,1,0
2,11,22,23,1,1,1,0
2,11,23,24,1,1,1,0
2,11,24,25,1,1,1,0
2,11,25,26,1,1,1,0
2,11,26,27,1,1,1,0
2,11,27,28,1,1,1,0
2,11,28,29,1,1,1,0
2,11,29,30,1,1,1,0
2,11,30,31,1,1,1,0
2,11,31,32,1,1,1,0
2,11,32,33,1,1,1,0
2,11,33,34,1,1,1,0
2,11,34,35,1,1,1,0
2,11,35,36,1,1,1,0
2,11,36,37,1,1,1,0
2,11,37,38,1,1,1,0
2,11,38,39,1,1,1,0
2,11,39,40,1,1,1,0
2,11,40,41,1,1,1,0
2,11,41,42,1,1,1,0
2,11,42,43,1,1,1,0
2,11,43,44,1,1,1,0
2,11,44,45,1,1,1,0
2,11,45,46,1,1,1,0
2,11,46,47,1,1,1,0
2,11,47,48,1,1,1,0
2,11,48,49,1,1,1,0
2,11,49,50,1,1,1,0
11,14,0,6,1,1,6,0
11,14,1,7,1,1,6,0
11,14,2,8,1,1,6,0
11,14,3,9,1,1,6,0
11,14,4,10,1,1,6,0
11,14,5,11,1,1,6,0
11,14,6,12,1,1,6,0
11,14,7,13,1,1,6,0
11,14,8,14,1,1,6,0
11,14,9,15,1,1,6,0
11,14,10,16,1,1,6,0
11,14,11,17,1,1,6,0
11,14,12,18,1,1,6,0
11,14,13,19,1,1,6,0
11,14,14,20,1,1,6,0
11,14,15,21,1,1,6,0
11,14,16,22,1,1,6,0
11,14,17,23,1,1,6,0
11,14,18,24,1,1,6,0
11,14,19,25,1,1,6,0
11,14,20,26,1,1,6,0
11,14,21,27,1,1,6,0
11,14,22,28,1,1,6,0
11,14,23,29,1,1,6,0
11,14,24,30,1,1,6,0
11,14,25,31,1,1,6,0
11,14,26,32,1,1,6,0
11,14,27,33,1,1,6,0
11,14,28,34,1,1,6,0
11,14,29,35,1,1,6,0
11,14,30,36,1,1,6,0
11,14,31,37,1,1,6,0
11,14,32,38,1,1,6,0
11,14,33,39,1,1,6,0
11,14,34,40,1,1,6,0
11,14,35,41,1,1,6,0
11,14,36,42,1,1,6,0
11,14,37,43,1,1,6,0
11,14,38,44,1,1,6,0
11,14,39,45,1,1,6,0
11,14,40,46,1,1,6,0
11,14,41,47,1,1,6,0
11,14,42,48,1,1,6,0
11,14,43,49,1,1,6,0
11,14,44,50,1,1,6,0
13,8,0,4,1,1,4,0
13,8,1,5,1,1,4,0
13,8,2,6,1,1,4,0
13,8,3,7,1,1,4,0
13,8,4,8,1,1,4,0
13,8,5,9,1,1,4,0
13,8,6,10,1,1,4,0
13,8,7,11,1,1,4,0
13,8,8,12,1,1,4,0
13,8,9,13,1,1,4,0
13,8,10,14,1,1,4,0
13,8,11,15,1,1,4,0
13,8,12,16,1,1,4,0
13,8,13,17,1,1,4,0
13,8,14,18,1,1,4,0
13,8,15,19,1,1,4,0
13,8,16,20,1,1,4,0
13,8,17,21,1,1,4,0
13,8,18,22,1,1,4,0
13,8,19,23,1,1,4,0
13,8,20,24,1,1,4,0
13,8,21,25,1,1,4,0
13,8,22,26,1,1,4,0
13,8,23,27,1,1,4,0
13,8,24,28,1,1,4,0
13,8,25,29,1,1,4,0
13,8,26,30,1,1,4,0
13,8,27,31,1,1,4,0
13,8,28,32,1,1,4,0
13,8,29,33,1,1,4,0
13,8,30,34,1,1,4,0
13,8,31,35,1,1,4,0
13,8,32,36,1,1,4,0
13,8,33,37,1,1,4,0
13,8,34,38,1,1,4,0
13,8,35,39,1,1,4,0
13,8,36,40,1,1,4,0
13,8,37,41,1,1,4,0
13,8,38,42,1,1,4,0
13,8,39,43,1,1,4,0
13,8,40,44,1,1,4,0
13,8,41,45,1,1,4,0
13,8,42,46,1,1,4,0
13,8,43,47,1,1,4,0
13,8,44,48,1,1,4,0
13,8,45,49,1,1,4,0
13,8,46,50,1,1,4,0
6,2,0,5,1,1,5,0
6,2,1,6,1,1,5,0
6,2,2,7,1,1,5,0
6,2,3,8,1,1,5,0
6,2,4,9,1,1,5,0
6,2,5,10,1,1,5,0
6,2,6,11,1,1,5,0
6,2,7,12,1,1,5,0
6,2,8,13,1,1,5,0
6,2,9,14,1,1,5,0
6,2,10,15,1,1,5,0
6,2,11,16,1,1,5,0
6,2,12,17,1,1,5,0
6,2,13,18,1,1,5,0
6,2,14,19,1,1,5,0
6,2,15,20,1,1,5,0
6,2,16,21,1,1,5,0
6,2,17,22,1,1,5,0
6,2,18,23,1,1,5,0
6,2,19,24,1,1,5,0
6,2,20,25,1,1,5,0
6,2,21,26,1,1,5,0
6,2,22,27,1,1,5,0
6,2,23,28,1,1,5,0
6,2,24,29,1,1,5,0
6,2,25,30,1,1,5,0
6,2,26,31,1,1,5,0
6,2,27,32,1,1,5,0
6,2,28,33,1,1,5,0
6,2,29,34,1,1,5,0
6,2,30,35,1,1,5,0
6,2,31,36,1,1,5,0
6,2,32,37,1,1,5,0
6,2,33,38,1,1,5,0
6,2,34,39,1,1,5,0
6,2,35,40,1,1,5,0
6,2,36,41,1,1,5,0
6,2,37,42,1,1,5,0
6,2,38,43,1,1,5,0
6,2,39,44,1,1,5,0
6,2,40,45,1,1,5,0
6,2,41,46,1,1,5,0
6,2,42,47,1,1,5,0
6,2,43,48,1,1,5,0
6,2,44,49,1,1,5,0
6,2,45,50,1,1,5,0
7,1,0,2,1,1,2,0
7,1,1,3,1,1,2,0
7,1,2,4,1,1,2,0
7,1,3,5,1,1,2,0
7,1,4,6,1,1,2,0
7,1,5,7,1,1,2,0
7,1,6,8,1,1,2,0
7,1,7,9,1,1,2,0
7,1,8,10,1,1,2,0
7,1,9,11,1,1,2,0
7,1,10,12,1,1,2,0
7,1,11,13,1,1,2,0
7,1,12,14,1,1,2,0
7,1,13,15,1,1,2,0
7,1,14,16,1,1,2,0
7,1,15,17,1,1,2,0
7,1,16,18,1,1,2,0
7,1,17,19,1,1,2,0
7,1,18,20,1,1,2,0
7,1,19,21,1,1,2,0
7,1,20,22,1,1,2,0
7,1,21,23,1,1,2,0
7,1,22,24,1,1,2,0
7,1,23,25,1,1,2,0
7,1,24,26,1,1,2,0
7,1,25,27,1,1,2,0
7,1,26,28,1,1,2,0
7,1,27,29,1,1,2,0
7,1,28,30,1,1,2,0
7,1,29,31,1,1,2,0
7,1,30,32,1,1,2,0
7,1,31,33,1,1,2,0
7,1,32,34,1,1,2,0
7,1,33,35,1,1,2,0
7,1,34,36,1,1,2,0
7,1,35,37,1,1,2,0
7,1,36,38,1,1,2,0
7,1,37,39,1,1,2,0
7,1,38,40,1,1,2,0
7,1,39,41,1,1,2,0
7,1,40,42,1,1,2,0
7,1,41,43,1,1,2,0
7,1,42,44,1,1,2,0
7,1,43,45,1,1,2,0
7,1,44,46,1,1,2,0
7,1,45,47,1,1,2,0
7,1,46,48,1,1,2,0
7,1,47,49,1,1,2,0
7,1,48,50,1,1,2,0
1,15,0,2,1,1,2,0
1,15,1,3,1,1,2,0
1,15,2,4,1,1,2,0
1,15,3,5,1,1,2,0
1,15,4,6,1,1,2,0
1,15,5,7,1,1,2,0
1,15,6,8,1,1,2,0
1,15,7,9,1,1,2,0
1,15,8,10,1,1,2,0
1,15,9,11,1,1,2,0
1,15,10,12,1,1,2,0
1,15,11,13,1,1,2,0
1,15,12,14,1,1,2,0
1,15,13,15,1,1,2,0
1,15,14,16,1,1,2,0
1,15,15,17,1,1,2,0
1,15,16,18,1,1,2,0
1,15,17,19,1,1,2,0
1,15,18,20,1,1,2,0
1,15,19,21,1,1,2,0
1,15,20,22,1,1,2,0
1,15,21,23,1,1,2,0
1,15,22,24,1,1,2,0
1,15,23,25,1,1,2,0
1,15,24,26,1,1,2,0
1,15,25,27,1,1,2,0
1,15,26,28,1,1,2,0
1,15,27,29,1,1,2,0
1,15,28,30,1,1,2,0
1,15,29,31,1,1,2,0
1,15,30,32,1,1,2,0
1,15,31,33,1,1,2,0
1,15,32,34,1,1,2,0
1,15,33,35,1,1,2,0
1,15,34,36,1,1,2,0
1,15,35,37,1,1,2,0
1,15,36,38,1,1,2,0
1,15,37,39,1,1,2,0
1,15,38,40,1,1,2,0
1,15,39,41,1,1,2,0
1,15,40,42,1,1,2,0
1,15,41,43,1,1,2,0
1,15,42,44,1,1,2,0
1,15,43,45,1,1,2,0
1,15,44,46,1,1,2,0
1,15,45,47,1,1,2,0
1,15,46,48,1,1,2,0
1,15,47,49,1,1,2,0
1,15,48,50,1,1,2,0
6,11,0,5,1,1,5,0
6,11,1,6,1,1,5,0
6,11,2,7,1,1,5,0
6,11,3,8,1,1,5,0
6,11,4,9,1,1,5,0
6,11,5,10,1,1,5,0
6,11,6,11,1,1,5,0
6,11,7,12,1,1,5,0
6,11,8,13,1,1,5,0
6,11,9,14,1,1,5,0
6,11,10,15,1,1,5,0
6,11,11,16,1,1,5,0
6,11,12,17,1,1,5,0
6,11,13,18,1,1,5,0
6,11,14,19,1,1,5,0
6,11,15,20,1,1,5,0
6,11,16,21,1,1,5,0
6,11,17,22,1,1,5,0
6,11,18,23,1,1,5,0
6,11,19,24,1,1,5,0
6,11,20,25,1,1,5,0
6,11,21,26,1,1,5,0
6,11,22,27,1,1,5,0
6,11,23,28,1,1,5,0
6,11,24,29,1,1,5,0
6,11,25,30,1,1,5,0
6,11,26,31,1,1,5,0
6,11,27,32,1,1,5,0
6,11,28,33,1,1,5,0
6,11,29,34,1,1,5,0
6,11,30,35,1,1,5,0
6,11,31,36,1,1,5,0
6,11,32,37,1,1,5,0
6,11,33,38,1,1,5,0
6,11,34,39,1,1,5,0
6,11,35,40,1,1,5,0
6,11,36,41,1,1,5,0
6,11,37,42,1,1,5,0
6,11,38,43,1,1,5,0
6,11,39,44,1,1,5,0
6,11,40,45,1,1,5,0
6,11,41,46,1,1,5,0
6,11,42,47,1,1,5,0
6,11,43,48,1,1,5,0
6,11,44,49,1,1,5,0
6,11,45,50,1,1,5,0
7,10,0,3,1,1,3,0
7,10,1,4,1,1,3,0
7,10,2,5,1,1,3,0
7,10,3,6,1,1,3,0
7,10,4,7,1,1,3,0
7,10,5,8,1,1,3,0
7,10,6,9,1,1,3,0
7,10,7,10,1,1,3,0
7,10,8,11,1,1,3,0
7,10,9,12,1,1,3,0
7,10,10,13,1,1,3,0
7,10,11,14,1,1,3,0
7,10,12,15,1,1,3,0
7,10,13,16,1,1,3,0
7,10,14,17,1,1,3,0
7,10,15,18,1,1,3,0
7,10,16,19,1,1,3,0
7,10,17,20,1,1,3,0
7,10,18,21,1,1,3,0
7,10,19,22,1,1,3,0
7,10,20,23,1,1,3,0
7,10,21,24,1,1,3,0
7,10,22,25,1,1,3,0
7,10,23,26,1,1,3,0
7,10,24,27,1,1,3,0
7,10,25,28,1,1,3,0
7,10,26,29,1,1,3,0
7,10,27,30,1,1,3,0
7,10,28,31,1,1,3,0
7,10,29,32,1,1,3,0
7,10,30,33,1,1,3,0
7,10,31,34,1,1,3,0
7,10,32,35,1,1,3,0
7,10,33,36,1,1,3,0
7,10,34,37,1,1,3,0
7,10,35,38,1,1,3,0
7,10,36,39,1,1,3,0
7,10,37,40,1,1,3,0
7,10,38,41,1,1,3,0
7,10,39,42,1,1,3,0
7,10,40,43,1,1,3,0
7,10,41,44,1,1,3,0
7,10,42,45,1,1,3,0
7,10,43,46,1,1,3,0
7,10,44,47,1,1,3,0
7,10,45,48,1,1,3,0
7,10,46,49,1,1,3,0
7,10,47,50,1,1,3,0
4,2,0,5,1,1,5,0
4,2,1,6,1,1,5,0
4,2,2,7,1,1,5,0
4,2,3,8,1,1,5,0
4,2,4,9,1,1,5,0
4,2,5,10,1,1,5,0
4,2,6,11,1,1,5,0
4,2,7,12,1,1,5,0
4,2,8,13,1,1,5,0
4,2,9,14,1,1,5,0
4,2,10,15,1,1,5,0
4,2,11,16,1,1,5,0
4,2,12,17,1,1,5,0
4,2,13,18,1,1,5,0
4,2,14,19,1,1,5,0
4,2,15,20,1,1,5,0
4,2,16,21,1,1,5,0
4,2,17,22,1,1,5,0
4,2,18,23,1,1,5,0
4,2,19,24,1,1,5,0
4,2,20,25,1,1,5,0
4,2,21,26,1,1,5,0
4,2,22,27,1,1,5,0
4,2,23,28,1,1,5,0
4,2,24,29,1,1,5,0
4,2,25,30,1,1,5,0
4,2,26,31,1,1,5,0
4,2,27,32,1,1,5,0
4,2,28,33,1,1,5,0
4,2,29,34,1,1,5,0
4,2,30,35,1,1,5,0
4,2,31,36,1,1,5,0
4,2,32,37,1,1,5,0
4,2,33,38,1,1,5,0
4,2,34,39,1,1,5,0
4,2,35,40,1,1,5,0
4,2,36,41,1,1,5,0
4,2,37,42,1,1,5,0
4,2,38,43,1,1,5,0
4,2,39,44,1,1,5,0
4,2,40,45,1,1,5,0
4,2,41,46,1,1,5,0
4,2,42,47,1,1,5,0
4,2,43,48,1,1,5,0
4,2,44,49,1,1,5,0
4,2,45,50,1,1,5,0
3,6,0,5,1,1,5,0
3,6,1,6,1,1,5,0
3,6,2,7,1,1,5,0
3,6,3,8,1,1,5,0
3,6,4,9,1,1,5,0
3,6,5,10,1,1,5,0
3,6,6,11,1,1,5,0
3,6,7,12,1,1,5,0
3,6,8,13,1,1,5,0
3,6,9,14,1,1,5,0
3,6,10,15,1,1,5,0
3,6,11,16,1,1,5,0
3,6,12,17,1,1,5,0
3,6,13,18,1,1,5,0
3,6,14,19,1,1,5,0
3,6,15,20,1,1,5,0
3,6,16,21,1,1,5,0
3,6,17,22,1,1,5,0
3,6,18,23,1,1,5,0
3,6,19,24,1,1,5,0
3,6,20,25,1,1,5,0
3,6,21,26,1,1,5,0
3,6,22,27,1,1,5,0
3,6,23,28,1,1,5,0
3,6,24,29,1,1,5,0
3,6,25,30,1,1,5,0
3,6,26,31,1,1,5,0
3,6,27,32,1,1,5,0
3,6,28,33,1,1,5,0
3,6,29,34,1,1,5,0
3,6,30,35,1,1,5,0
3,6,31,36,1,1,5,0
3,6,32,37,1,1,5,0
3,6,33,38,1,1,5,0
3,6,34,39,1,1,5,0
3,6,35,40,1,1,5,0
3,6,36,41,1,1,5,0
3,6,37,42,1,1,5,0
3,6,38,43,1,1,5,0
3,6,39,44,1,1,5,0
3,6,40,45,1,1,5,0
3,6,41,46,1,1,5,0
3,6,42,47,1,1,5,0
3,6,43,48,1,1,5,0
3,6,44,49,1,1,5,0
3,6,45,50,1,1,5,0
5,3,0,5,1,1,5,0
5,3,1,6,1,1,5,0
5,3,2,7,1,1,5,0
5,3,3,8,1,1,5,0
5,3,4,9,1,1,5,0
5,3,5,10,1,1,5,0
5,3,6,11,1,1,5,0
5,3,7,12,1,1,5,0
5,3,8,13,1,1,5,0
5,3,9,14,1,1,5,0
5,3,10,15,1,1,5,0
5,3,11,16,1,1,5,0
5,3,12,17,1,1,5,0
5,3,13,18,1,1,5,0
5,3,14,19,1,1,5,0
5,3,15,20,1,1,5,0
5,3,16,21,1,1,5,0
5,3,17,22,1,1,5,0
5,3,18,23,1,1,5,0
5,3,19,24,1,1,5,0
5,3,20,25,1,1,5,0
5,3,21,26,1,1,5,0
5,3,22,27,1,1,5,0
5,3,23,28,1,1,5,0
5,3,24,29,1,1,5,0
5,3,25,30,1,1,5,0
5,3,26,31,1,1,5,0
5,3,27,32,1,1,5,0
5,3,28,33,1,1,5,0
5,3,29,34,1,1,5,0
5,3,30,35,1,1,5,0
5,3,31,36,1,1,5,0
5,3,32,37,1,1,5,0
5,3,33,38,1,1,5,0
5,3,34,39,1,1,5,0
5,3,35,40,1,1,5,0
5,3,36,41,1,1,5,0
5,3,37,42,1,1,5,0
5,3,38,43,1,1,5,0
5,3,39,44,1,1,5,0
5,3,40,45,1,1,5,0
5,3,41,46,1,1,5,0
5,3,42,47,1,1,5,0
5,3,43,48,1,1,5,0
5,3,44,49,1,1,5,0
5,3,45,50,1,1,5,0
8,2,0,2,1,1,2,0
8,2,1,3,1,1,2,0
8,2,2,4,1,1,2,0
8,2,3,5,1,1,2,0
8,2,4,6,1,1,2,0
8,2,5,7,1,1,2,0
8,2,6,8,1,1,2,0
8,2,7,9,1,1,2,0
8,2,8,10,1,1,2,0
8,2,9,11,1,1,2,0
8,2,10,12,1,1,2,0
8,2,11,13,1,1,2,0
8,2,12,14,1,1,2,0
8,2,13,15,1,1,2,0
8,2,14,16,1,1,2,0
8,2,15,17,1,1,2,0
8,2,16,18,1,1,2,0
8,2,17,19,1,1,2,0
8,2,18,20,1,1,2,0
8,2,19,21,1,1,2,0
8,2,20,22,1,1,2,0
8,2,21,23,1,1,2,0
8,2,22,24,1,1,2,0
8,2,23,25,1,1,2,0
8,2,24,26,1,1,2,0
8,2,25,27,1,1,2,0
8,2,26,28,1,1,2,0
8,2,27,29,1,1,2,0
8,2,28,30,1,1,2,0
8,2,29,31,1,1,2,0
8,2,30,32,1,1,2,0
8,2,31,33,1,1,2,0
8,2,32,34,1,1,2,0
8,2,33,35,1,1,2,0
8,2,34,36,1,1,2,0
8,2,35,37,1,1,2,0
8,2,36,38,1,1,2,0
8,2,37,39,1,1,2,0
8,2,38,40,1,1,2,0
8,2,39,41,1,1,2,0
8,2,40,42,1,1,2,0
8,2,41,43,1,1,2,0
8,2,42,44,1,1,2,0
8,2,43,45,1,1,2,0
8,2,44,46,1,1,2,0
8,2,45,47,1,1,2,0
8,2,46,48,1,1,2,0
8,2,47,49,1,1,2,0
8,2,48,50,1,1,2,0
9,1,0,6,1,1,6,0
9,1,1,7,1,1,6,0
9,1,2,8,1,1,6,0
9,1,3,9,1,1,6,0
9,1,4,10,1,1,6,0
9,1,5,11,1,1,6,0
9,1,6,12,1,1,6,0
9,1,7,13,1,1,6,0
9,1,8,14,1,1,6,0
9,1,9,15,1,1,6,0
9,1,10,16,1,1,6,0
9,1,11,17,1,1,6,0
9,1,12,18,1,1,6,0
9,1,13,19,1,1,6,0
9,1,14,20,1,1,6,0
9,1,15,21,1,1,6,0
9,1,16,22,1,1,6,0
9,1,17,23,1,1,6,0
9,1,18,24,1,1,6,0
9,1,19,25,1,1,6,0
9,1,20,26,1,1,6,0
9,1,21,27,1,1,6,0
9,1,22,28,1,1,6,0
9,1,23,29,1,1,6,0
9,1,24,30,1,1,6,0
9,1,25,31,1,1,6,0
9,1,26,32,1,1,6,0
9,1,27,33,1,1,6,0
9,1,28,34,1,1,6,0
9,1,29,35,1,1,6,0
9,1,30,36,1,1,6,0
9,1,31,37,1,1,6,0
9,1,32,38,1,1,6,0
9,1,33,39,1,1,6,0
9,1,34,40,1,1,6,0
9,1,35,41,1,1,6,0
9,1,36,42,1,1,6,0
9,1,37,43,1,1,6,0
9,1,38,44,1,1,6,0
9,1,39,45,1,1,6,0
9,1,40,46,1,1,6,0
9,1,41,47,1,1,6,0
9,1,42,48,1,1,6,0
9,1,43,49,1,1,6,0
9,1,44,50,1,1,6,0
3,15,0,5,1,1,5,0
3,15,1,6,1,1,5,0
3,15,2,7,1,1,5,0
3,15,3,8,1,1,5,0
3,15,4,9,1,1,5,0
3,15,5,10,1,1,5,0
3,15,6,11,1,1,5,0
3,15,7,12,1,1,5,0
3,15,8,13,1,1,5,0
3,15,9,14,1,1,5,0
3,15,10,15,1,1,5,0
3,15,11,16,1,1,5,0
3,15,12,17,1,1,5,0
3,15,13,18,1,1,5,0
3,15,14,19,1,1,5,0
3,15,15,20,1,1,5,0
3,15,16,21,1,1,5,0
3,15,17,22,1,1,5,0
3,15,18,23,1,1,5,0
3,15,19,24,1,1,5,0
3,15,20,25,1,1,5,0
3,15,21,26,1,1,5,0
3,15,22,27,1,1,5,0
3,15,23,28,1,1,5,0
3,15,24,29,1,1,5,0
3,15,25,30,1,1,5,0
3,15,26,31,1,1,5,0
3,15,27,32,1,1,5,0
3,15,28,33,1,1,5,0
3,15,29,34,1,1,5,0
3,15,30,35,1,1,5,0
3,15,31,36,1,1,5,0
3,15,32,37,1,1,5,0
3,15,33,38,1,1,5,0
3,15,34,39,1,1,5,0
3,15,35,40,1,1,5,0
3,15,36,41,1,1,5,0
3,15,37,42,1,1,5,0
3,15,38,43,1,1,5,0
3,15,39,44,1,1,5,0
3,15,40,45,1,1,5,0
3,15,41,46,1,1,5,0
3,15,42,47,1,1,5,0
3,15,43,48,1,1,5,0
3,15,44,49,1,1,5,0
3,15,45,50,1,1,5,0
5,12,0,4,1,1,4,0
5,12,1,5,1,1,4,0
5,12,2,6,1,1,4,0
5,12,3,7,1,1,4,0
5,12,4,8,1,1,4,0
5,12,5,9,1,1,4,0
5,12,6,10,1,1,4,0
5,12,7,11,1,1,4,0
5,12,8,12,1,1,4,0
5,12,9,13,1,1,4,0
5,12,10,14,1,1,4,0
5,12,11,15,1,1,4,0
5,12,12,16,1,1,4,0
5,12,13,17,1,1,4,0
5,12,14,18,1,1,4,0
5,12,15,19,1,1,4,0
5,12,16,20,1,1,4,0
5,12,17,21,1,1,4,0
5,12,18,22,1,1,4,0
5,12,19,23,1,1,4,0
5,12,20,24,1,1,4,0
5,12,21,25,1,1,4,0
5,12,22,26,1,1,4,0
5,12,23,27,1,1,4,0
5,12,24,28,1,1,4,0
5,12,25,29,1,1,4,0
5,12,26,30,1,1,4,0
5,12,27,31,1,1,4,0
5,12,28,32,1,1,4,0
5,12,29,33,1,1,4,0
5,12,30,34,1,1,4,0
5,12,31,35,1,1,4,0
5,12,32,36,1,1,4,0
5,12,33,37,1,1,4,0
5,12,34,38,1,1,4,0
5,12,35,39,1,1,4,0
5,12,36,40,1,1,4,0
5,12,37,41,1,1,4,0
5,12,38,42,1,1,4,0
5,12,39,43,1,1,4,0
5,12,40,44,1,1,4,0
5,12,41,45,1,1,4,0
5,12,42,46,1,1,4,0
5,12,43,47,1,1,4,0
5,12,44,48,1,1,4,0
5,12,45,49,1,1,4,0
5,12,46,50,1,1,4,0
8,11,0,3,1,1,3,0
8,11,1,4,1,1,3,0
8,11,2,5,1,1,3,0
8,11,3,6,1,1,3,0
8,11,4,7,1,1,3,0
8,11,5,8,1,1,3,0
8,11,6,9,1,1,3,0
8,11,7,10,1,1,3,0
8,11,8,11,1,1,3,0
8,11,9,12,1,1,3,0
8,11,10,13,1,1,3,0
8,11,11,14,1,1,3,0
8,11,12,15,1,1,3,0
8,11,13,16,1,1,3,0
8,11,14,17,1,1,3,0
8,11,15,18,1,1,3,0
8,11,16,19,1,1,3,0
8,11,17,20,1,1,3,0
8,11,18,21,1,1,3,0
8,11,19,22,1,1,3,0
8,11,20,23,1,1,3,0
8,11,21,24,1,1,3,0
8,11,22,25,1,1,3,0
8,11,23,26,1,1,3,0
8,11,24,27,1,1,3,0
8,11,25,28,1,1,3,0
8,11,26,29,1,1,3,0
8,11,27,30,1,1,3,0
8,11,28,31,1,1,3,0
8,11,29,32,1,1,3,0
8,11,30,33,1,1,3,0
8,11,31,34,1,1,3,0
8,11,32,35,1,1,3,0
8,11,33,36,1,1,3,0
8,11,34,37,1,1,3,0
8,11,35,38,1,1,3,0
8,11,36,39,1,1,3,0
8,11,37,40,1,1,3,0
8,11,38,41,1,1,3,0
8,11,39,42,1,1,3,0
8,11,40,43,1,1,3,0
8,11,41,44,1,1,3,0
8,11,42,45,1,1,3,0
8,11,43,46,1,1,3,0
8,11,44,47,1,1,3,0
8,11,45,48,1,1,3,0
8,11,46,49,1,1,3,0
8,11,47,50,1,1,3,0
14,15,0,3,1,1,3,0
14,15,1,4,1,1,3,0
14,15,2,5,1,1,3,0
14,15,3,6,1,1,3,0
14,15,4,7,1,1,3,0
14,15,5,8,1,1,3,0
14,15,6,9,1,1,3,0
14,15,7,10,1,1,3,0
14,15,8,11,1,1,3,0
14,15,9,12,1,1,3,0
14,15,10,13,1,1,3,0
14,15,11,14,1,1,3,0
14,15,12,15,1,1,3,0
14,15,13,16,1,1,3,0
14,15,14,17,1,1,3,0
14,15,15,18,1,1,3,0
14,15,16,19,1,1,3,0
14,15,17,20,1,1,3,0
14,15,18,21,1,1,3,0
14,15,19,22,1,1,3,0
14,15,20,23,1,1,3,0
14,15,21,24,1,1,3,0
14,15,22,25,1,1,3,0
14,15,23,26,1,1,3,0
14,15,24,27,1,1,3,0
14,15,25,28,1,1,3,0
14,15,26,29,1,1,3,0
14,15,27,30,1,1,3,0
14,15,28,31,1,1,3,0
14,15,29,32,1,1,3,0
14,15,30,33,1,1,3,0
14,15,31,34,1,1,3,0
14,15,32,35,1,1,3,0
14,15,33,36,1,1,3,0
14,15,34,37,1,1,3,0
14,15,35,38,1,1,3,0
14,15,36,39,1,1,3,0
14,15,37,40,1,1,3,0
14,15,38,41,1,1,3,0
14,15,39,42,1,1,3,0
14,15,40,43,1,1,3,0
14,15,41,44,1,1,3,0
14,15,42,45,1,1,3,0
14,15,43,46,1,1,3,0
14,15,44,47,1,1,3,0
14,15,45,48,1,1,3,0
14,15,46,49,1,1,3,0
14,15,47,50,1,1,3,0
9,10,0,7,1,1,7,0
9,10,1,8,1,1,7,0
9,10,2,9,1,1,7,0
9,10,3,10,1,1,7,0
9,10,4,11,1,1,7,0
9,10,5,12,1,1,7,0
9,10,6,13,1,1,7,0
9,10,7,14,1,1,7,0
9,10,8,15,1,1,7,0
9,10,9,16,1,1,7,0
9,10,10,17,1,1,7,0
9,10,11,18,1,1,7,0
9,10,12,19,1,1,7,0
9,10,13,20,1,1,7,0
9,10,14,21,1,1,7,0
9,10,15,22,1,1,7,0
9,10,16,23,1,1,7,0
9,10,17,24,1,1,7,0
9,10,18,25,1,1,7,0
9,10,19,26,1,1,7,0
9,10,20,27,1,1,7,0
9,10,21,28,1,1,7,0
9,10,22,29,1,1,7,0
9,10,23,30,1,1,7,0
9,10,24,31,1,1,7,0
9,10,25,32,1,1,7,0
9,10,26,33,1,1,7,0
9,10,27,34,1,1,7,0
9,10,28,35,1,1,7,0
9,10,29,36,1,1,7,0
9,10,30,37,1,1,7,0
9,10,31,38,1,1,7,0
9,10,32,39,1,1,7,0
9,10,33,40,1,1,7,0
9,10,34,41,1,1,7,0
9,10,35,42,1,1,7,0
9,10,36,43,1,1,7,0
9,10,37,44,1,1,7,0
9,10,38,45,1,1,7,0
9,10,39,46,1,1,7,0
9,10,40,47,1,1,7,0
9,10,41,48,1,1,7,0
9,10,42,49,1,1,7,0
9,10,43,50,1,1,7,0
0,7,0,4,1,1,4,0
0,7,1,5,1,1,4,0
0,7,2,6,1,1,4,0
0,7,3,7,1,1,4,0
0,7,4,8,1,1,4,0
0,7,5,9,1,1,4,0
0,7,6,10,1,1,4,0
0,7,7,11,1,1,4,0
0,7,8,12,1,1,4,0
0,7,9,13,1,1,4,0
0,7,10,14,1,1,4,0
0,7,11,15,1,1,4,0
0,7,12,16,1,1,4,0
0,7,13,17,1,1,4,0
0,7,14,18,1,1,4,0
0,7,15,19,1,1,4,0
0,7,16,20,1,1,4,0
0,7,17,21,1,1,4,0
0,7,18,22,1,1,4,0
0,7,19,23,1,1,4,0
0,7,20,24,1,1,4,0
0,7,21,25,1,1,4,0
0,7,22,26,1,1,4,0
0,7,23,27,1,1,4,0
0,7,24,28,1,1,4,0
0,7,25,29,1,1,4,0
0,7,26,30,1,1,4,0
0,7,27,31,1,1,4,0
0,7,28,32,1,1,4,0
0,7,29,33,1,1,4,0
0,7,30,34,1,1,4,0
0,7,31,35,1,1,4,0
0,7,32,36,1,1,4,0
0,7,33,37,1,1,4,0
0,7,34,38,1,1,4,0
0,7,35,39,1,1,4,0
0,7,36,40,1,1,4,0
0,7,37,41,1,1,4,0
0,7,38,42,1,1,4,0
0,7,39,43,1,1,4,0
0,7,40,44,1,1,4,0
0,7,41,45,1,1,4,0
0,7,42,46,1,1,4,0
0,7,43,47,1,1,4,0
0,7,44,48,1,1,4,0
0,7,45,49,1,1,4,0
0,7,46,50,1,1,4,0
2,4,0,8,1,1,8,0
2,4,1,9,1,1,8,0
2,4,2,10,1,1,8,0
2,4,3,11,1,1,8,0
2,4,4,12,1,1,8,0
2,4,5,13,1,1,8,0
2,4,6,14,1,1,8,0
2,4,7,15,1,1,8,0
2,4,8,16,1,1,8,0
2,4,9,17,1,1,8,0
2,4,10,18,1,1,8,0
2,4,11,19,1,1,8,0
2,4,12,20,1,1,8,0
2,4,13,21,1,1,8,0
2,4,14,22,1,1,8,0
2,4,15,23,1,1,8,0
2,4,16,24,1,1,8,0
2,4,17,25,1,1,8,0
2,4,18,26,1,1,8,0
2,4,19,27,1,1,8,0
2,4,20,28,1,1,8,0
2,4,21,29,1,1,8,0
2,4,22,30,1,1,8,0
2,4,23,31,1,1,8,0
2,4,24,32,1,1,8,0
2,4,25,33,1,1,8,0
2,4,26,34,1,1,8,0
2,4,27,35,1,1,8,0
2,4,28,36,1,1,8,0
2,4,29,37,1,1,8,0
2,4,30,38,1,1,8,0
2,4,31,39,1,1,8,0
2,4,32,40,1,1,8,0
2,4,33,41,1,1,8,0
2,4,34,42,1,1,8,0
2,4,35,43,1,1,8,0
2,4,36,44,1,1,8,0
2,4,37,45,1,1,8,0
2,4,38,46,1,1,8,0
2,4,39,47,1,1,8,0
2,4,40,48,1,1,8,0
2,4,41,49,1,1,8,0
2,4,42,50,1,1,8,0
11,7,0,4,1,1,4,0
11,7,1,5,1,1,4,0
11,7,2,6,1,1,4,0
11,7,3,7,1,1,4,0
11,7,4,8,1,1,4,0
11,7,5,9,1,1,4,0
11,7,6,10,1,1,4,0
11,7,7,11,1,1,4,0
11,7,8,12,1,1,4,0
11,7,9,13,1,1,4,0
11,7,10,14,1,1,4,0
11,7,11,15,1,1,4,0
11,7,12,16,1,1,4,0
11,7,13,17,1,1,4,0
11,7,14,18,1,1,4,0
11,7,15,19,1,1,4,0
11,7,16,20,1,1,4,0
11,7,17,21,1,1,4,0
11,7,18,22,1,1,4,0
11,7,19,23,1,1,4,0
11,7,20,24,1,1,4,0
11,7,21,25,1,1,4,0
11,7,22,26,1,1,4,0
11,7,23,27,1,1,4,0
11,7,24,28,1,1,4,0
11,7,25,29,1,1,4,0
11,7,26,30,1,1,4,0
11,7,27,31,1,1,4,0
11,7,28,32,1,1,4,0
11,7,29,33,1,1,4,0
11,7,30,34,1,1,4,0
11,7,31,35,1,1,4,0
11,7,32,36,1,1,4,0
11,7,33,37,1,1,4,0
11,7,34,38,1,1,4,0
11,7,35,39,1,1,4,0
11,7,36,40,1,1,4,0
11,7,37,41,1,1,4,0
11,7,38,42,1,1,4,0
11,7,39,43,1,1,4,0
11,7,40,44,1,1,4,0
11,7,41,45,1,1,4,0
11,7,42,46,1,1,4,0
11,7,43,47,1,1,4,0
11,7,44,48,1,1,4,0
11,7,45,49,1,1,4,0
11,7,46,50,1,1,4,0
13,1,0,4,1,1,4,0
13,1,1,5,1,1,4,0
13,1,2,6,1,1,4,0
13,1,3,7,1,1,4,0
13,1,4,8,1,1,4,0
13,1,5,9,1,1,4,0
13,1,6,10,1,1,4,0
13,1,7,11,1,1,4,0
13,1,8,12,1,1,4,0
13,1,9,13,1,1,4,0
13,1,10,14,1,1,4,0
13,1,11,15,1,1,4,0
13,1,12,16,1,1,4,0
13,1,13,17,1,1,4,0
13,1,14,18,1,1,4,0
13,1,15,19,1,1,4,0
13,1,16,20,1,1,4,0
13,1,17,21,1,1,4,0
13,1,18,22,1,1,4,0
13,1,19,23,1,1,4,0
13,1,20,24,1,1,4,0
13,1,21,25,1,1,4,0
13,1,22,26,1,1,4,0
13,1,23,27,1,1,4,0
13,1,24,28,1,1,4,0
13,1,25,29,1,1,4,0
13,1,26,30,1,1,4,0
13,1,27,31,1,1,4,0
13,1,28,32,1,1,4,0
13,1,29,33,1,1,4,0
13,1,30,34,1,1,4,0
13,1,31,35,1,1,4,0
13,1,32,36,1,1,4,0
13,1,33,37,1,1,4,0
13,1,34,38,1,1,4,0
13,1,35,39,1,1,4,0
13,1,36,40,1,1,4,0
13,1,37,41,1,1,4,0
13,1,38,42,1,1,4,0
13,1,39,43,1,1,4,0
13,1,40,44,1,1,4,0
13,1,41,45,1,1,4,0
13,1,42,46,1,1,4,0
13,1,43,47,1,1,4,0
13,1,44,48,1,1,4,0
13,1,45,49,1,1,4,0
13,1,46,50,1,1,4,0
1,8,0,3,1,1,3,0
1,8,1,4,1,1,3,0
1,8,2,5,1,1,3,0
1,8,3,6,1,1,3,0
1,8,4,7,1,1,3,0
1,8,5,8,1,1,3,0
1,8,6,9,1,1,3,0
1,8,7,10,1,1,3,0
1,8,8,11,1,1,3,0
1,8,9,12,1,1,3,0
1,8,10,13,1,1,3,0
1,8,11,14,1,1,3,0
1,8,12,15,1,1,3,0
1,8,13,16,1,1,3,0
1,8,14,17,1,1,3,0
1,8,15,18,1,1,3,0
1,8,16,19,1,1,3,0
1,8,17,20,1,1,3,0
1,8,18,21,1,1,3,0
1,8,19,22,1,1,3,0
1,8,20,23,1,1,3,0
1,8,21,24,1,1,3,0
1,8,22,25,1,1,3,0
1,8,23,26,1,1,3,0
1,8,24,27,1,1,3,0
1,8,25,28,1,1,3,0
1,8,26,29,1,1,3,0
1,8,27,30,1,1,3,0
1,8,28,31,1,1,3,0
1,8,29,32,1,1,3,0
1,8,30,33,1,1,3,0
1,8,31,34,1,1,3,0
1,8,32,35,1,1,3,0
1,8,33,36,1,1,3,0
1,8,34,37,1,1,3,0
1,8,35,38,1,1,3,0
1,8,36,39,1,1,3,0
1,8,37,40,1,1,3,0
1,8,38,41,1,1,3,0
1,8,39,42,1,1,3,0
1,8,40,43,1,1,3,0
1,8,41,44,1,1,3,0
1,8,42,45,1,1,3,0
1,8,43,46,1,1,3,0
1,8,44,47,1,1,3,0
1,8,45,48,1,1,3,0
1,8,46,49,1,1,3,0
1,8,47,50,1,1,3,0
13,10,0,3,1,1,3,0
13,10,1,4,1,1,3,0
13,10,2,5,1,1,3,0
13,10,3,6,1,1,3,0
13,10,4,7,1,1,3,0
13,10,5,8,1,1,3,0
13,10,6,9,1,1,3,0
13,10,7,10,1,1,3,0
13,10,8,11,1,1,3,0
13,10,9,12,1,1,3,0
13,10,10,13,1,1,3,0
13,10,11,14,1,1,3,0
13,10,12,15,1,1,3,0
13,10,13,16,1,1,3,0
13,10,14,17,1,1,3,0
13,10,15,18,1,1,3,0
13,10,16,19,1,1,3,0
13,10,17,20,1,1,3,0
13,10,18,21,1,1,3,0
13,10,19,22,1,1,3,0
13,10,20,23,1,1,3,0
13,10,21,24,1,1,3,0
13,10,22,25,1,1,3,0
13,10,23,26,1,1,3,0
13,10,24,27,1,1,3,0
13,10,25,28,1,1,3,0
13,10,26,29,1,1,3,0
13,10,27,30,1,1,3,0
13,10,28,31,1,1,3,0
13,10,29,32,1,1,3,0
13,10,30,33,1,1,3,0
13,10,31,34,1,1,3,0
13,10,32,35,1,1,3,0
13,10,33,36,1,1,3,0
13,10,34,37,1,1,3,0
13,10,35,38,1,1,3,0
13,10,36,39,1,1,3,0
13,10,37,40,1,1,3,0
13,10,38,41,1,1,3,0
13,10,39,42,1,1,3,0
13,10,40,43,1,1,3,0
13,10,41,44,1,1,3,0
13,10,42,45,1,1,3,0
13,10,43,46,1,1,3,0
13,10,44,47,1,1,3,0
13,10,45,48,1,1,3,0
13,10,46,49,1,1,3,0
13,10,47,50,1,1,3,0
6,4,0,3,1,1,3,0
6,4,1,4,1,1,3,0
6,4,2,5,1,1,3,0
6,4,3,6,1,1,3,0
6,4,4,7,1,1,3,0
6,4,5,8,1,1,3,0
6,4,6,9,1,1,3,0
6,4,7,10,1,1,3,0
6,4,8,11,1,1,3,0
6,4,9,12,1,1,3,0
6,4,10,13,1,1,3,0
6,4,11,14,1,1,3,0
6,4,12,15,1,1,3,0
6,4,13,16,1,1,3,0
6,4,14,17,1,1,3,0
6,4,15,18,1,1,3,0
6,4,16,19,1,1,3,0
6,4,17,20,1,1,3,0
6,4,18,21,1,1,3,0
6,4,19,22,1,1,3,0
6,4,20,23,1,1,3,0
6,4,21,24,1,1,3,0
6,4,22,25,1,1,3,0
6,4,23,26,1,1,3,0
6,4,24,27,1,1,3,0
6,4,25,28,1,1,3,0
6,4,26,29,1,1,3,0
6,4,27,30,1,1,3,0
6,4,28,31,1,1,3,0
6,4,29,32,1,1,3,0
6,4,30,33,1,1,3,0
6,4,31,34,1,1,3,0
6,4,32,35,1,1,3,0
6,4,33,36,1,1,3,0
6,4,34,37,1,1,3,0
6,4,35,38,1,1,3,0
6,4,36,39,1,1,3,0
6,4,37,40,1,1,3,0
6,4,38,41,1,1,3,0
6,4,39,42,1,1,3,0
6,4,40,43,1,1,3,0
6,4,41,44,1,1,3,0
6,4,42,45,1,1,3,0
6,4,43,46,1,1,3,0
6,4,44,47,1,1,3,0
6,4,45,48,1,1,3,0
6,4,46,49,1,1,3,0
6,4,47,50,1,1,3,0
7,3,0,5,1,1,5,0
7,3,1,6,1,1,5,0
7,3,2,7,1,1,5,0
7,3,3,8,1,1,5,0
7,3,4,9,1,1,5,0
7,3,5,10,1,1,5,0
7,3,6,11,1,1,5,0
7,3,7,12,1,1,5,0
7,3,8,13,1,1,5,0
7,3,9,14,1,1,5,0
7,3,10,15,1,1,5,0
7,3,11,16,1,1,5,0
7,3,12,17,1,1,5,0
7,3,13,18,1,1,5,0
7,3,14,19,1,1,5,0
7,3,15,20,1,1,5,0
7,3,16,21,1,1,5,0
7,3,17,22,1,1,5,0
7,3,18,23,1,1,5,0
7,3,19,24,1,1,5,0
7,3,20,25,1,1,5,0
7,3,21,26,1,1,5,0
7,3,22,27,1,1,5,0
7,3,23,28,1,1,5,0
7,3,24,29,1,1,5,0
7,3,25,30,1,1,5,0
7,3,26,31,1,1,5,0
7,3,27,32,1,1,5,0
7,3,28,33,1,1,5,0
7,3,29,34,1,1,5,0
7,3,30,35,1,1,5,0
7,3,31,36,1,1,5,0
7,3,32,37,1,1,5,0
7,3,33,38,1,1,5,0
7,3,34,39,1,1,5,0
7,3,35,40,1,1,5,0
7,3,36,41,1,1,5,0
7,3,37,42,1,1,5,0
7,3,38,43,1,1,5,0
7,3,39,44,1,1,5,0
7,3,40,45,1,1,5,0
7,3,41,46,1,1,5,0
7,3,42,47,1,1,5,0
7,3,43,48,1,1,5,0
7,3,44,49,1,1,5,0
7,3,45,50,1,1,5,0
6,13,0,2,1,1,2,0
6,13,1,3,1,1,2,0
6,13,2,4,1,1,2,0
6,13,3,5,1,1,2,0
6,13,4,6,1,1,2,0
6,13,5,7,1,1,2,0
6,13,6,8,1,1,2,0
6,13,7,9,1,1,2,0
6,13,8,10,1,1,2,0
6,13,9,11,1,1,2,0
6,13,10,12,1,1,2,0
6,13,11,13,1,1,2,0
6,13,12,14,1,1,2,0
6,13,13,15,1,1,2,0
6,13,14,16,1,1,2,0
6,13,15,17,1,1,2,0
6,13,16,18,1,1,2,0
6,13,17,19,1,1,2,0
6,13,18,20,1,1,2,0
6,13,19,21,1,1,2,0
6,13,20,22,1,1,2,0
6,13,21,23,1,1,2,0
6,13,22,24,1,1,2,0
6,13,23,25,1,1,2,0
6,13,24,26,1,1,2,0
6,13,25,27,1,1,2,0
6,13,26,28,1,1,2,0
6,13,27,29,1,1,2,0
6,13,28,30,1,1,2,0
6,13,29,31,1,1,2,0
6,13,30,32,1,1,2,0
6,13,31,33,1,1,2,0
6,13,32,34,1,1,2,0
6,13,33,35,1,1,2,0
6,13,34,36,1,1,2,0
6,13,35,37,1,1,2,0
6,13,36,38,1,1,2,0
6,13,37,39,1,1,2,0
6,13,38,40,1,1,2,0
6,13,39,41,1,1,2,0
6,13,40,42,1,1,2,0
6,13,41,43,1,1,2,0
6,13,42,44,1,1,2,0
6,13,43,45,1,1,2,0
6,13,44,46,1,1,2,0
6,13,45,47,1,1,2,0
6,13,46,48,1,1,2,0
6,13,47,49,1,1,2,0
6,13,48,50,1,1,2,0
7,12,0,4,1,1,4,0
7,12,1,5,1,1,4,0
7,12,2,6,1,1,4,0
7,12,3,7,1,1,4,0
7,12,4,8,1,1,4,0
7,12,5,9,1,1,4,0
7,12,6,10,1,1,4,0
7,12,7,11,1,1,4,0
7,12,8,12,1,1,4,0
7,12,9,13,1,1,4,0
7,12,10,14,1,1,4,0
7,12,11,15,1,1,4,0
7,12,12,16,1,1,4,0
7,12,13,17,1,1,4,0
7,12,14,18,1,1,4,0
7,12,15,19,1,1,4,0
7,12,16,20,1,1,4,0
7,12,17,21,1,1,4,0
7,12,18,22,1,1,4,0
7,12,19,23,1,1,4,0
7,12,20,24,1,1,4,0
7,12,21,25,1,1,4,0
7,12,22,26,1,1,4,0
7,12,23,27,1,1,4,0
7,12,24,28,1,1,4,0
7,12,25,29,1,1,4,0
7,12,26,30,1,1,4,0
7,12,27,31,1,1,4,0
7,12,28,32,1,1,4,0
7,12,29,33,1,1,4,0
7,12,30,34,1,1,4,0
7,12,31,35,1,1,4,0
7,12,32,36,1,1,4,0
7,12,33,37,1,1,4,0
7,12,34,38,1,1,4,0
7,12,35,39,1,1,4,0
7,12,36,40,1,1,4,0
7,12,37,41,1,1,4,0
7,12,38,42,1,1,4,0
7,12,39,43,1,1,4,0
7,12,40,44,1,1,4,0
7,12,41,45,1,1,4,0
7,12,42,46,1,1,4,0
7,12,43,47,1,1,4,0
7,12,44,48,1,1,4,0
7,12,45,49,1,1,4,0
7,12,46,50,1,1,4,0
3,8,0,5,1,1,5,0
3,8,1,6,1,1,5,0
3,8,2,7,1,1,5,0
3,8,3,8,1,1,5,0
3,8,4,9,1,1,5,0
3,8,5,10,1,1,5,0
3,8,6,11,1,1,5,0
3,8,7,12,1,1,5,0
3,8,8,13,1,1,5,0
3,8,9,14,1,1,5,0
3,8,10,15,1,1,5,0
3,8,11,16,1,1,5,0
3,8,12,17,1,1,5,0
3,8,13,18,1,1,5,0
3,8,14,19,1,1,5,0
3,8,15,20,1,1,5,0
3,8,16,21,1,1,5,0
3,8,17,22,1,1,5,0
3,8,18,23,1,1,5,0
3,8,19,24,1,1,5,0
3,8,20,25,1,1,5,0
3,8,21,26,1,1,5,0
3,8,22,27,1,1,5,0
3,8,23,28,1,1,5,0
3,8,24,29,1,1,5,0
3,8,25,30,1,1,5,0
3,8,26,31,1,1,5,0
3,8,27,32,1,1,5,0
3,8,28,33,1,1,5,0
3,8,29,34,1,1,5,0
3,8,30,35,1,1,5,0
3,8,31,36,1,1,5,0
3,8,32,37,1,1,5,0
3,8,33,38,1,1,5,0
3,8,34,39,1,1,5,0
3,8,35,40,1,1,5,0
3,8,36,41,1,1,5,0
3,8,37,42,1,1,5,0
3,8,38,43,1,1,5,0
3,8,39,44,1,1,5,0
3,8,40,45,1,1,5,0
3,8,41,46,1,1,5,0
3,8,42,47,1,1,5,0
3,8,43,48,1,1,5,0
3,8,44,49,1,1,5,0
3,8,45,50,1,1,5,0
8,4,0,5,1,1,5,0
8,4,1,6,1,1,5,0
8,4,2,7,1,1,5,0
8,4,3,8,1,1,5,0
8,4,4,9,1,1,5,0
8,4,5,10,1,1,5,0
8,4,6,11,1,1,5,0
8,4,7,12,1,1,5,0
8,4,8,13,1,1,5,0
8,4,9,14,1,1,5,0
8,4,10,15,1,1,5,0
8,4,11,16,1,1,5,0
8,4,12,17,1,1,5,0
8,4,13,18,1,1,5,0
8,4,14,19,1,1,5,0
8,4,15,20,1,1,5,0
8,4,16,21,1,1,5,0
8,4,17,22,1,1,5,0
8,4,18,23,1,1,5,0
8,4,19,24,1,1,5,0
8,4,20,25,1,1,5,0
8,4,21,26,1,1,5,0
8,4,22,27,1,1,5,0
8,4,23,28,1,1,5,0
8,4,24,29,1,1,5,0
8,4,25,30,1,1,5,0
8,4,26,31,1,1,5,0
8,4,27,32,1,1,5,0
8,4,28,33,1,1,5,0
8,4,29,34,1,1,5,0
8,4,30,35,1,1,5,0
8,4,31,36,1,1,5,0
8,4,32,37,1,1,5,0
8,4,33,38,1,1,5,0
8,4,34,39,1,1,5,0
8,4,35,40,1,1,5,0
8,4,36,41,1,1,5,0
8,4,37,42,1,1,5,0
8,4,38,43,1,1,5,0
8,4,39,44,1,1,5,0
8,4,40,45,1,1,5,0
8,4,41,46,1,1,5,0
8,4,42,47,1,1,5,0
8,4,43,48,1,1,5,0
8,4,44,49,1,1,5,0
8,4,45,50,1,1,5,0
14,8,0,4,1,1,4,0
14,8,1,5,1,1,4,0
14,8,2,6,1,1,4,0
14,8,3,7,1,1,4,0
14,8,4,8,1,1,4,0
14,8,5,9,1,1,4,0
14,8,6,10,1,1,4,0
14,8,7,11,1,1,4,0
14,8,8,12,1,1,4,0
14,8,9,13,1,1,4,0
14,8,10,14,1,1,4,0
14,8,11,15,1,1,4,0
14,8,12,16,1,1,4,0
14,8,13,17,1,1,4,0
14,8,14,18,1,1,4,0
14,8,15,19,1,1,4,0
14,8,16,20,1,1,4,0
14,8,17,21,1,1,4,0
14,8,18,22,1,1,4,0
14,8,19,23,1,1,4,0
14,8,20,24,1,1,4,0
14,8,21,25,1,1,4,0
14,8,22,26,1,1,4,0
14,8,23,27,1,1,4,0
14,8,24,28,1,1,4,0
14,8,25,29,1,1,4,0
14,8,26,30,1,1,4,0
14,8,27,31,1,1,4,0
14,8,28,32,1,1,4,0
14,8,29,33,1,1,4,0
14,8,30,34,1,1,4,0
14,8,31,35,1,1,4,0
14,8,32,36,1,1,4,0
14,8,33,37,1,1,4,0
14,8,34,38,1,1,4,0
14,8,35,39,1,1,4,0
14,8,36,40,1,1,4,0
14,8,37,41,1,1,4,0
14,8,38,42,1,1,4,0
14,8,39,43,1,1,4,0
14,8,40,44,1,1,4,0
14,8,41,45,1,1,4,0
14,8,42,46,1,1,4,0
14,8,43,47,1,1,4,0
14,8,44,48,1,1,4,0
14,8,45,49,1,1,4,0
14,8,46,50,1,1,4,0
9,3,0,5,1,1,5,0
9,3,1,6,1,1,5,0
9,3,2,7,1,1,5,0
9,3,3,8,1,1,5,0
9,3,4,9,1,1,5,0
9,3,5,10,1,1,5,0
9,3,6,11,1,1,5,0
9,3,7,12,1,1,5,0
9,3,8,13,1,1,5,0
9,3,9,14,1,1,5,0
9,3,10,15,1,1,5,0
9,3,11,16,1,1,5,0
9,3,12,17,1,1,5,0
9,3,13,18,1,1,5,0
9,3,14,19,1,1,5,0
9,3,15,20,1,1,5,0
9,3,16,21,1,1,5,0
9,3,17,22,1,1,5,0
9,3,18,23,1,1,5,0
9,3,19,24,1,1,5,0
9,3,20,25,1,1,5,0
9,3,21,26,1,1,5,0
9,3,22,27,1,1,5,0
9,3,23,28,1,1,5,0
9,3,24,29,1,1,5,0
9,3,25,30,1,1,5,0
9,3,26,31,1,1,5,0
9,3,27,32,1,1,5,0
9,3,28,33,1,1,5,0
9,3,29,34,1,1,5,0
9,3,30,35,1,1,5,0
9,3,31,36,1,1,5,0
9,3,32,37,1,1,5,0
9,3,33,38,1,1,5,0
9,3,34,39,1,1,5,0
9,3,35,40,1,1,5,0
9,3,36,41,1,1,5,0
9,3,37,42,1,1,5,0
9,3,38,43,1,1,5,0
9,3,39,44,1,1,5,0
9,3,40,45,1,1,5,0
9,3,41,46,1,1,5,0
9,3,42,47,1,1,5,0
9,3,43,48,1,1,5,0
9,3,44,49,1,1,5,0
9,3,45,50,1,1,5,0
5,14,0,6,1,1,6,0
5,14,1,7,1,1,6,0
5,14,2,8,1,1,6,0
5,14,3,9,1,1,6,0
5,14,4,10,1,1,6,0
5,14,5,11,1,1,6,0
5,14,6,12,1,1,6,0
5,14,7,13,1,1,6,0
5,14,8,14,1,1,6,0
5,14,9,15,1,1,6,0
5,14,10,16,1,1,6,0
5,14,11,17,1,1,6,0
5,14,12,18,1,1,6,0
5,14,13,19,1,1,6,0
5,14,14,20,1,1,6,0
5,14,15,21,1,1,6,0
5,14,16,22,1,1,6,0
5,14,17,23,1,1,6,0
5,14,18,24,1,1,6,0
5,14,19,25,1,1,6,0
5,14,20,26,1,1,6,0
5,14,21,27,1,1,6,0
5,14,22,28,1,1,6,0
5,14,23,29,1,1,6,0
5,14,24,30,1,1,6,0
5,14,25,31,1,1,6,0
5,14,26,32,1,1,6,0
5,14,27,33,1,1,6,0
5,14,28,34,1,1,6,0
5,14,29,35,1,1,6,0
5,14,30,36,1,1,6,0
5,14,31,37,1,1,6,0
5,14,32,38,1,1,6,0
5,14,33,39,1,1,6,0
5,14,34,40,1,1,6,0
5,14,35,41,1,1,6,0
5,14,36,42,1,1,6,0
5,14,37,43,1,1,6,0
5,14,38,44,1,1,6,0
5,14,39,45,1,1,6,0
5,14,40,46,1,1,6,0
5,14,41,47,1,1,6,0
5,14,42,48,1,1,6,0
5,14,43,49,1,1,6,0
5,14,44,50,1,1,6,0
11,0,0,7,1,1,7,0
11,0,1,8,1,1,7,0
11,0,2,9,1,1,7,0
11,0,3,10,1,1,7,0
11,0,4,11,1,1,7,0
11,0,5,12,1,1,7,0
11,0,6,13,1,1,7,0
11,0,7,14,1,1,7,0
11,0,8,15,1,1,7,0
11,0,9,16,1,1,7,0
11,0,10,17,1,1,7,0
11,0,11,18,1,1,7,0
11,0,12,19,1,1,7,0
11,0,13,20,1,1,7,0
11,0,14,21,1,1,7,0
11,0,15,22,1,1,7,0
11,0,16,23,1,1,7,0
11,0,17,24,1,1,7,0
11,0,18,25,1,1,7,0
11,0,19,26,1,1,7,0
11,0,20,27,1,1,7,0
11,0,21,28,1,1,7,0
11,0,22,29,1,1,7,0
11,0,23,30,1,1,7,0
11,0,24,31,1,1,7,0
11,0,25,32,1,1,7,0
11,0,26,33,1,1,7,0
11,0,27,34,1,1,7,0
11,0,28,35,1,1,7,0
11,0,29,36,1,1,7,0
11,0,30,37,1,1,7,0
11,0,31,38,1,1,7,0
11,0,32,39,1,1,7,0
11,0,33,40,1,1,7,0
11,0,34,41,1,1,7,0
11,0,35,42,1,1,7,0
11,0,36,43,1,1,7,0
11,0,37,44,1,1,7,0
11,0,38,45,1,1,7,0
11,0,39,46,1,1,7,0
11,0,40,47,1,1,7,0
11,0,41,48,1,1,7,0
11,0,42,49,1,1,7,0
11,0,43,50,1,1,7,0
9,12,0,4,1,1,4,0
9,12,1,5,1,1,4,0
9,12,2,6,1,1,4,0
9,12,3,7,1,1,4,0
9,12,4,8,1,1,4,0
9,12,5,9,1,1,4,0
9,12,6,10,1,1,4,0
9,12,7,11,1,1,4,0
9,12,8,12,1,1,4,0
9,12,9,13,1,1,4,0
9,12,10,14,1,1,4,0
9,12,11,15,1,1,4,0
9,12,12,16,1,1,4,0
9,12,13,17,1,1,4,0
9,12,14,18,1,1,4,0
9,12,15,19,1,1,4,0
9,12,16,20,1,1,4,0
9,12,17,21,1,1,4,0
9,12,18,22,1,1,4,0
9,12,19,23,1,1,4,0
9,12,20,24,1,1,4,0
9,12,21,25,1,1,4,0
9,12,22,26,1,1,4,0
9,12,23,27,1,1,4,0
9,12,24,28,1,1,4,0
9,12,25,29,1,1,4,0
9,12,26,30,1,1,4,0
9,12,27,31,1,1,4,0
9,12,28,32,1,1,4,0
9,12,29,33,1,1,4,0
9,12,30,34,1,1,4,0
9,12,31,35,1,1,4,0
9,12,32,36,1,1,4,0
9,12,33,37,1,1,4,0
9,12,34,38,1,1,4,0
9,12,35,39,1,1,4,0
9,12,36,40,1,1,4,0
9,12,37,41,1,1,4,0
9,12,38,42,1,1,4,0
9,12,39,43,1,1,4,0
9,12,40,44,1,1,4,0
9,12,41,45,1,1,4,0
9,12,42,46,1,1,4,0
9,12,43,47,1,1,4,0
9,12,44,48,1,1,4,0
9,12,45,49,1,1,4,0
9,12,46,50,1,1,4,0
0,9,0,8,1,1,8,0
0,9,1,9,1,1,8,0
0,9,2,10,1,1,8,0
0,9,3,11,1,1,8,0
0,9,4,12,1,1,8,0
0,9,5,13,1,1,8,0
0,9,6,14,1,1,8,0
0,9,7,15,1,1,8,0
0,9,8,16,1,1,8,0
0,9,9,17,1,1,8,0
0,9,10,18,1,1,8,0
0,9,11,19,1,1,8,0
0,9,12,20,1,1,8,0
0,9,13,21,1,1,8,0
0,9,14,22,1,1,8,0
0,9,15,23,1,1,8,0
0,9,16,24,1,1,8,0
0,9,17,25,1,1,8,0
0,9,18,26,1,1,8,0
0,9,19,27,1,1,8,0
0,9,20,28,1,1,8,0
0,9,21,29,1,1,8,0
0,9,22,30,1,1,8,0
0,9,23,31,1,1,8,0
0,9,24,32,1,1,8,0
0,9,25,33,1,1,8,0
0,9,26,34,1,1,8,0
0,9,27,35,1,1,8,0
0,9,28,36,1,1,8,0
0,9,29,37,1,1,8,0
0,9,30,38,1,1,8,0
0,9,31,39,1,1,8,0
0,9,32,40,1,1,8,0
0,9,33,41,1,1,8,0
0,9,34,42,1,1,8,0
0,9,35,43,1,1,8,0
0,9,36,44,1,1,8,0
0,9,37,45,1,1,8,0
0,9,38,46,1,1,8,0
0,9,39,47,1,1,8,0
0,9,40,48,1,1,8,0
0,9,41,49,1,1,8,0
0,9,42,50,1,1,8,0
11,9,0,3,1,1,3,0
11,9,1,4,1,1,3,0
11,9,2,5,1,1,3,0
11,9,3,6,1,1,3,0
11,9,4,7,1,1,3,0
11,9,5,8,1,1,3,0
11,9,6,9,1,1,3,0
11,9,7,10,1,1,3,0
11,9,8,11,1,1,3,0
11,9,9,12,1,1,3,0
11,9,10,13,1,1,3,0
11,9,11,14,1,1,3,0
11,9,12,15,1,1,3,0
11,9,13,16,1,1,3,0
11,9,14,17,1,1,3,0
11,9,15,18,1,1,3,0
11,9,16,19,1,1,3,0
11,9,17,20,1,1,3,0
11,9,18,21,1,1,3,0
11,9,19,22,1,1,3,0
11,9,20,23,1,1,3,0
11,9,21,24,1,1,3,0
11,9,22,25,1,1,3,0
11,9,23,26,1,1,3,0
11,9,24,27,1,1,3,0
11,9,25,28,1,1,3,0
11,9,26,29,1,1,3,0
11,9,27,30,1,1,3,0
11,9,28,31,1,1,3,0
11,9,29,32,1,1,3,0
11,9,30,33,1,1,3,0
11,9,31,34,1,1,3,0
11,9,32,35,1,1,3,0
11,9,33,36,1,1,3,0
11,9,34,37,1,1,3,0
11,9,35,38,1,1,3,0
11,9,36,39,1,1,3,0
11,9,37,40,1,1,3,0
11,9,38,41,1,1,3,0
11,9,39,42,1,1,3,0
11,9,40,43,1,1,3,0
11,9,41,44,1,1,3,0
11,9,42,45,1,1,3,0
11,9,43,46,1,1,3,0
11,9,44,47,1,1,3,0
11,9,45,48,1,1,3,0
11,9,46,49,1,1,3,0
11,9,47,50,1,1,3,0
13,3,0,7,1,1,7,0
13,3,1,8,1,1,7,0
13,3,2,9,1,1,7,0
13,3,3,10,1,1,7,0
13,3,4,11,1,1,7,0
13,3,5,12,1,1,7,0
13,3,6,13,1,1,7,0
13,3,7,14,1,1,7,0
13,3,8,15,1,1,7,0
13,3,9,16,1,1,7,0
13,3,10,17,1,1,7,0
13,3,11,18,1,1,7,0
13,3,12,19,1,1,7,0
13,3,13,20,1,1,7,0
13,3,14,21,1,1,7,0
13,3,15,22,1,1,7,0
13,3,16,23,1,1,7,0
13,3,17,24,1,1,7,0
13,3,18,25,1,1,7,0
13,3,19,26,1,1,7,0
13,3,20,27,1,1,7,0
13,3,21,28,1,1,7,0
13,3,22,29,1,1,7,0
13,3,23,30,1,1,7,0
13,3,24,31,1,1,7,0
13,3,25,32,1,1,7,0
13,3,26,33,1,1,7,0
13,3,27,34,1,1,7,0
13,3,28,35,1,1,7,0
13,3,29,36,1,1,7,0
13,3,30,37,1,1,7,0
13,3,31,38,1,1,7,0
13,3,32,39,1,1,7,0
13,3,33,40,1,1,7,0
13,3,34,41,1,1,7,0
13,3,35,42,1,1,7,0
13,3,36,43,1,1,7,0
13,3,37,44,1,1,7,0
13,3,38,45,1,1,7,0
13,3,39,46,1,1,7,0
13,3,40,47,1,1,7,0
13,3,41,48,1,1,7,0
13,3,42,49,1,1,7,0
13,3,43,50,1,1,7,0
1,10,0,1,1,1,1,0
1,10,1,2,1,1,1,0
1,10,2,3,1,1,1,0
1,10,3,4,1,1,1,0
1,10,4,5,1,1,1,0
1,10,5,6,1,1,1,0
1,10,6,7,1,1,1,0
1,10,7,8,1,1,1,0
1,10,8,9,1,1,1,0
1,10,9,10,1,1,1,0
1,10,10,11,1,1,1,0
1,10,11,12,1,1,1,0
1,10,12,13,1,1,1,0
1,10,13,14,1,1,1,0
1,10,14,15,1,1,1,0
1,10,15,16,1,1,1,0
1,10,16,17,1,1,1,0
1,10,17,18,1,1,1,0
1,10,18,19,1,1,1,0
1,10,19,20,1,1,1,0
1,10,20,21,1,1,1,0
1,10,21,22,1,1,1,0
1,10,22,23,1,1,1,0
1,10,23,24,1,1,1,0
1,10,24,25,1,1,1,0
1,10,25,26,1,1,1,0
1,10,26,27,1,1,1,0
1,10,27,28,1,1,1,0
1,10,28,29,1,1,1,0
1,10,29,30,1,1,1,0
1,10,30,31,1,1,1,0
1,10,31,32,1,1,1,0
1,10,32,33,1,1,1,0
1,10,33,34,1,1,1,0
1,10,34,35,1,1,1,0
1,10,35,36,1,1,1,0
1,10,36,37,1,1,1,0
1,10,37,38,1,1,1,0
1,10,38,39,1,1,1,0
1,10,39,40,1,1,1,0
1,10,40,41,1,1,1,0
1,10,41,42,1,1,1,0
1,10,42,43,1,1,1,0
1,10,43,44,1,1,1,0
1,10,44,45,1,1,1,0
1,10,45,46,1,1,1,0
1,10,46,47,1,1,1,0
1,10,47,48,1,1,1,0
1,10,48,49,1,1,1,0
1,10,49,50,1,1,1,0
13,12,0,6,1,1,6,0
13,12,1,7,1,1,6,0
13,12,2,8,1,1,6,0
13,12,3,9,1,1,6,0
13,12,4,10,1,1,6,0
13,12,5,11,1,1,6,0
13,12,6,12,1,1,6,0
13,12,7,13,1,1,6,0
13,12,8,14,1,1,6,0
13,12,9,15,1,1,6,0
13,12,10,16,1,1,6,0
13,12,11,17,1,1,6,0
13,12,12,18,1,1,6,0
13,12,13,19,1,1,6,0
13,12,14,20,1,1,6,0
13,12,15,21,1,1,6,0
13,12,16,22,1,1,6,0
13,12,17,23,1,1,6,0
13,12,18,24,1,1,6,0
13,12,19,25,1,1,6,0
13,12,20,26,1,1,6,0
13,12,21,27,1,1,6,0
13,12,22,28,1,1,6,0
13,12,23,29,1,1,6,0
13,12,24,30,1,1,6,0
13,12,25,31,1,1,6,0
13,12,26,32,1,1,6,0
13,12,27,33,1,1,6,0
13,12,28,34,1,1,6,0
13,12,29,35,1,1,6,0
13,12,30,36,1,1,6,0
13,12,31,37,1,1,6,0
13,12,32,38,1,1,6,0
13,12,33,39,1,1,6,0
13,12,34,40,1,1,6,0
13,12,35,41,1,1,6,0
13,12,36,42,1,1,6,0
13,12,37,43,1,1,6,0
13,12,38,44,1,1,6,0
13,12,39,45,1,1,6,0
13,12,40,46,1,1,6,0
13,12,41,47,1,1,6,0
13,12,42,48,1,1,6,0
13,12,43,49,1,1,6,0
13,12,44,50,1,1,6,0
7,5,0,3,1,1,3,0
7,5,1,4,1,1,3,0
7,5,2,5,1,1,3,0
7,5,3,6,1,1,3,0
7,5,4,7,1,1,3,0
7,5,5,8,1,1,3,0
7,5,6,9,1,1,3,0
7,5,7,10,1,1,3,0
7,5,8,11,1,1,3,0
7,5,9,12,1,1,3,0
7,5,10,13,1,1,3,0
7,5,11,14,1,1,3,0
7,5,12,15,1,1,3,0
7,5,13,16,1,1,3,0
7,5,14,17,1,1,3,0
7,5,15,18,1,1,3,0
7,5,16,19,1,1,3,0
7,5,17,20,1,1,3,0
7,5,18,21,1,1,3,0
7,5,19,22,1,1,3,0
7,5,20,23,1,1,3,0
7,5,21,24,1,1,3,0
7,5,22,25,1,1,3,0
7,5,23,26,1,1,3,0
7,5,24,27,1,1,3,0
7,5,25,28,1,1,3,0
7,5,26,29,1,1,3,0
7,5,27,30,1,1,3,0
7,5,28,31,1,1,3,0
7,5,29,32,1,1,3,0
7,5,30,33,1,1,3,0
7,5,31,34,1,1,3,0
7,5,32,35,1,1,3,0
7,5,33,36,1,1,3,0
7,5,34,37,1,1,3,0
7,5,35,38,1,1,3,0
7,5,36,39,1,1,3,0
7,5,37,40,1,1,3,0
7,5,38,41,1,1,3,0
7,5,39,42,1,1,3,0
7,5,40,43,1,1,3,0
7,5,41,44,1,1,3,0
7,5,42,45,1,1,3,0
7,5,43,46,1,1,3,0
7,5,44,47,1,1,3,0
7,5,45,48,1,1,3,0
7,5,46,49,1,1,3,0
7,5,47,50,1,1,3,0
7,14,0,3,1,1,3,0
7,14,1,4,1,1,3,0
7,14,2,5,1,1,3,0
7,14,3,6,1,1,3,0
7,14,4,7,1,1,3,0
7,14,5,8,1,1,3,0
7,14,6,9,1,1,3,0
7,14,7,10,1,1,3,0
7,14,8,11,1,1,3,0
7,14,9,12,1,1,3,0
7,14,10,13,1,1,3,0
7,14,11,14,1,1,3,0
7,14,12,15,1,1,3,0
7,14,13,16,1,1,3,0
7,14,14,17,1,1,3,0
7,14,15,18,1,1,3,0
7,14,16,19,1,1,3,0
7,14,17,20,1,1,3,0
7,14,18,21,1,1,3,0
7,14,19,22,1,1,3,0
7,14,20,23,1,1,3,0
7,14,21,24,1,1,3,0
7,14,22,25,1,1,3,0
7,14,23,26,1,1,3,0
7,14,24,27,1,1,3,0
7,14,25,28,1,1,3,0
7,14,26,29,1,1,3,0
7,14,27,30,1,1,3,0
7,14,28,31,1,1,3,0
7,14,29,32,1,1,3,0
7,14,30,33,1,1,3,0
7,14,31,34,1,1,3,0
7,14,32,35,1,1,3,0
7,14,33,36,1,1,3,0
7,14,34,37,1,1,3,0
7,14,35,38,1,1,3,0
7,14,36,39,1,1,3,0
7,14,37,40,1,1,3,0
7,14,38,41,1,1,3,0
7,14,39,42,1,1,3,0
7,14,40,43,1,1,3,0
7,14,41,44,1,1,3,0
7,14,42,45,1,1,3,0
7,14,43,46,1,1,3,0
7,14,44,47,1,1,3,0
7,14,45,48,1,1,3,0
7,14,46,49,1,1,3,0
7,14,47,50,1,1,3,0
3,1,0,3,1,1,3,0
3,1,1,4,1,1,3,0
3,1,2,5,1,1,3,0
3,1,3,6,1,1,3,0
3,1,4,7,1,1,3,0
3,1,5,8,1,1,3,0
3,1,6,9,1,1,3,0
3,1,7,10,1,1,3,0
3,1,8,11,1,1,3,0
3,1,9,12,1,1,3,0
3,1,10,13,1,1,3,0
3,1,11,14,1,1,3,0
3,1,12,15,1,1,3,0
3,1,13,16,1,1,3,0
3,1,14,17,1,1,3,0
3,1,15,18,1,1,3,0
3,1,16,19,1,1,3,0
3,1,17,20,1,1,3,0
3,1,18,21,1,1,3,0
3,1,19,22,1,1,3,0
3,1,20,23,1,1,3,0
3,1,21,24,1,1,3,0
3,1,22,25,1,1,3,0
3,1,23,26,1,1,3,0
3,1,24,27,1,1,3,0
3,1,25,28,1,1,3,0
3,1,26,29,1,1,3,0
3,1,27,30,1,1,3,0
3,1,28,31,1,1,3,0
3,1,29,32,1,1,3,0
3,1,30,33,1,1,3,0
3,1,31,34,1,1,3,0
3,1,32,35,1,1,3,0
3,1,33,36,1,1,3,0
3,1,34,37,1,1,3,0
3,1,35,38,1,1,3,0
3,1,36,39,1,1,3,0
3,1,37,40,1,1,3,0
3,1,38,41,1,1,3,0
3,1,39,42,1,1,3,0
3,1,40,43,1,1,3,0
3,1,41,44,1,1,3,0
3,1,42,45,1,1,3,0
3,1,43,46,1,1,3,0
3,1,44,47,1,1,3,0
3,1,45,48,1,1,3,0
3,1,46,49,1,1,3,0
3,1,47,50,1,1,3,0
14,1,0,1,1,1,1,0
14,1,1,2,1,1,1,0
14,1,2,3,1,1,1,0
14,1,3,4,1,1,1,0
14,1,4,5,1,1,1,0
14,1,5,6,1,1,1,0
14,1,6,7,1,1,1,0
14,1,7,8,1,1,1,0
14,1,8,9,1,1,1,0
14,1,9,10,1,1,1,0
14,1,10,11,1,1,1,0
14,1,11,12,1,1,1,0
14,1,12,13,1,1,1,0
14,1,13,14,1,1,1,0
14,1,14,15,1,1,1,0
14,1,15,16,1,1,1,0
14,1,16,17,1,1,1,0
14,1,17,18,1,1,1,0
14,1,18,19,1,1,1,0
14,1,19,20,1,1,1,0
14,1,20,21,1,1,1,0
14,1,21,22,1,1,1,0
14,1,22,23,1,1,1,0
14,1,23,24,1,1,1,0
14,1,24,25,1,1,1,0
14,1,25,26,1,1,1,0
14,1,26,27,1,1,1,0
14,1,27,28,1,1,1,0
14,1,28,29,1,1,1,0
14,1,29,30,1,1,1,0
14,1,30,31,1,1,1,0
14,1,31,32,1,1,1,0
14,1,32,33,1,1,1,0
14,1,33,34,1,1,1,0
14,1,34,35,1,1,1,0
14,1,35,36,1,1,1,0
14,1,36,37,1,1,1,0
14,1,37,38,1,1,1,0
14,1,38,39,1,1,1,0
14,1,39,40,1,1,1,0
14,1,40,41,1,1,1,0
14,1,41,42,1,1,1,0
14,1,42,43,1,1,1,0
14,1,43,44,1,1,1,0
14,1,44,45,1,1,1,0
14,1,45,46,1,1,1,0
14,1,46,47,1,1,1,0
14,1,47,48,1,1,1,0
14,1,48,49,1,1,1,0
14,1,49,50,1,1,1,0
12,13,0,6,1,1,6,0
12,13,1,7,1,1,6,0
12,13,2,8,1,1,6,0
12,13,3,9,1,1,6,0
12,13,4,10,1,1,6,0
12,13,5,11,1,1,6,0
12,13,6,12,1,1,6,0
12,13,7,13,1,1,6,0
12,13,8,14,1,1,6,0
12,13,9,15,1,1,6,0
12,13,10,16,1,1,6,0
12,13,11,17,1,1,6,0
12,13,12,18,1,1,6,0
12,13,13,19,1,1,6,0
12,13,14,20,1,1,6,0
12,13,15,21,1,1,6,0
12,13,16,22,1,1,6,0
12,13,17,23,1,1,6,0
12,13,18,24,1,1,6,0
12,13,19,25,1,1,6,0
12,13,20,26,1,1,6,0
12,13,21,27,1,1,6,0
12,13,22,28,1,1,6,0
12,13,23,29,1,1,6,0
12,13,24,30,1,1,6,0
12,13,25,31,1,1,6,0
12,13,26,32,1,1,6,0
12,13,27,33,1,1,6,0
12,13,28,34,1,1,6,0
12,13,29,35,1,1,6,0
12,13,30,36,1,1,6,0
12,13,31,37,1,1,6,0
12,13,32,38,1,1,6,0
12,13,33,39,1,1,6,0
12,13,34,40,1,1,6,0
12,13,35,41,1,1,6,0
12,13,36,42,1,1,6,0
12,13,37,43,1,1,6,0
12,13,38,44,1,1,6,0
12,13,39,45,1,1,6,0
12,13,40,46,1,1,6,0
12,13,41,47,1,1,6,0
12,13,42,48,1,1,6,0
12,13,43,49,1,1,6,0
12,13,44,50,1,1,6,0
3,10,0,4,1,1,4,0
3,10,1,5,1,1,4,0
3,10,2,6,1,1,4,0
3,10,3,7,1,1,4,0
3,10,4,8,1,1,4,0
3,10,5,9,1,1,4,0
3,10,6,10,1,1,4,0
3,10,7,11,1,1,4,0
3,10,8,12,1,1,4,0
3,10,9,13,1,1,4,0
3,10,10,14,1,1,4,0
3,10,11,15,1,1,4,0
3,10,12,16,1,1,4,0
3,10,13,17,1,1,4,0
3,10,14,18,1,1,4,0
3,10,15,19,1,1,4,0
3,10,16,20,1,1,4,0
3,10,17,21,1,1,4,0
3,10,18,22,1,1,4,0
3,10,19,23,1,1,4,0
3,10,20,24,1,1,4,0
3,10,21,25,1,1,4,0
3,10,22,26,1,1,4,0
3,10,23,27,1,1,4,0
3,10,24,28,1,1,4,0
3,10,25,29,1,1,4,0
3,10,26,30,1,1,4,0
3,10,27,31,1,1,4,0
3,10,28,32,1,1,4,0
3,10,29,33,1,1,4,0
3,10,30,34,1,1,4,0
3,10,31,35,1,1,4,0
3,10,32,36,1,1,4,0
3,10,33,37,1,1,4,0
3,10,34,38,1,1,4,0
3,10,35,39,1,1,4,0
3,10,36,40,1,1,4,0
3,10,37,41,1,1,4,0
3,10,38,42,1,1,4,0
3,10,39,43,1,1,4,0
3,10,40,44,1,1,4,0
3,10,41,45,1,1,4,0
3,10,42,46,1,1,4,0
3,10,43,47,1,1,4,0
3,10,44,48,1,1,4,0
3,10,45,49,1,1,4,0
3,10,46,50,1,1,4,0
5,7,0,3,1,1,3,0
5,7,1,4,1,1,3,0
5,7,2,5,1,1,3,0
5,7,3,6,1,1,3,0
5,7,4,7,1,1,3,0
5,7,5,8,1,1,3,0
5,7,6,9,1,1,3,0
5,7,7,10,1,1,3,0
5,7,8,11,1,1,3,0
5,7,9,12,1,1,3,0
5,7,10,13,1,1,3,0
5,7,11,14,1,1,3,0
5,7,12,15,1,1,3,0
5,7,13,16,1,1,3,0
5,7,14,17,1,1,3,0
5,7,15,18,1,1,3,0
5,7,16,19,1,1,3,0
5,7,17,20,1,1,3,0
5,7,18,21,1,1,3,0
5,7,19,22,1,1,3,0
5,7,20,23,1,1,3,0
5,7,21,24,1,1,3,0
5,7,22,25,1,1,3,0
5,7,23,26,1,1,3,0
5,7,24,27,1,1,3,0
5,7,25,28,1,1,3,0
5,7,26,29,1,1,3,0
5,7,27,30,1,1,3,0
5,7,28,31,1,1,3,0
5,7,29,32,1,1,3,0
5,7,30,33,1,1,3,0
5,7,31,34,1,1,3,0
5,7,32,35,1,1,3,0
5,7,33,36,1,1,3,0
5,7,34,37,1,1,3,0
5,7,35,38,1,1,3,0
5,7,36,39,1,1,3,0
5,7,37,40,1,1,3,0
5,7,38,41,1,1,3,0
5,7,39,42,1,1,3,0
5,7,40,43,1,1,3,0
5,7,41,44,1,1,3,0
5,7,42,45,1,1,3,0
5,7,43,46,1,1,3,0
5,7,44,47,1,1,3,0
5,7,45,48,1,1,3,0
5,7,46,49,1,1,3,0
5,7,47,50,1,1,3,0
14,10,0,2,1,1,2,0
14,10,1,3,1,1,2,0
14,10,2,4,1,1,2,0
14,10,3,5,1,1,2,0
14,10,4,6,1,1,2,0
14,10,5,7,1,1,2,0
14,10,6,8,1,1,2,0
14,10,7,9,1,1,2,0
14,10,8,10,1,1,2,0
14,10,9,11,1,1,2,0
14,10,10,12,1,1,2,0
14,10,11,13,1,1,2,0
14,10,12,14,1,1,2,0
14,10,13,15,1,1,2,0
14,10,14,16,1,1,2,0
14,10,15,17,1,1,2,0
14,10,16,18,1,1,2,0
14,10,17,19,1,1,2,0
14,10,18,20,1,1,2,0
14,10,19,21,1,1,2,0
14,10,20,22,1,1,2,0
14,10,21,23,1,1,2,0
14,10,22,24,1,1,2,0
14,10,23,25,1,1,2,0
14,10,24,26,1,1,2,0
14,10,25,27,1,1,2,0
14,10,26,28,1,1,2,0
14,10,27,29,1,1,2,0
14,10,28,30,1,1,2,0
14,10,29,31,1,1,2,0
14,10,30,32,1,1,2,0
14,10,31,33,1,1,2,0
14,10,32,34,1,1,2,0
14,10,33,35,1,1,2,0
14,10,34,36,1,1,2,0
14,10,35,37,1,1,2,0
14,10,36,38,1,1,2,0
14,10,37,39,1,1,2,0
14,10,38,40,1,1,2,0
14,10,39,41,1,1,2,0
14,10,40,42,1,1,2,0
14,10,41,43,1,1,2,0
14,10,42,44,1,1,2,0
14,10,43,45,1,1,2,0
14,10,44,46,1,1,2,0
14,10,45,47,1,1,2,0
14,10,46,48,1,1,2,0
14,10,47,49,1,1,2,0
14,10,48,50,1,1,2,0
9,5,0,2,1,1,2,0
9,5,1,3,1,1,2,0
9,5,2,4,1,1,2,0
9,5,3,5,1,1,2,0
9,5,4,6,1,1,2,0
9,5,5,7,1,1,2,0
9,5,6,8,1,1,2,0
9,5,7,9,1,1,2,0
9,5,8,10,1,1,2,0
9,5,9,11,1,1,2,0
9,5,10,12,1,1,2,0
9,5,11,13,1,1,2,0
9,5,12,14,1,1,2,0
9,5,13,15,1,1,2,0
9,5,14,16,1,1,2,0
9,5,15,17,1,1,2,0
9,5,16,18,1,1,2,0
9,5,17,19,1,1,2,0
9,5,18,20,1,1,2,0
9,5,19,21,1,1,2,0
9,5,20,22,1,1,2,0
9,5,21,23,1,1,2,0
9,5,22,24,1,1,2,0
9,5,23,25,1,1,2,0
9,5,24,26,1,1,2,0
9,5,25,27,1,1,2,0
9,5,26,28,1,1,2,0
9,5,27,29,1,1,2,0
9,5,28,30,1,1,2,0
9,5,29,31,1,1,2,0
9,5,30,32,1,1,2,0
9,5,31,33,1,1,2,0
9,5,32,34,1,1,2,0
9,5,33,35,1,1,2,0
9,5,34,36,1,1,2,0
9,5,35,37,1,1,2,0
9,5,36,38,1,1,2,0
9,5,37,39,1,1,2,0
9,5,38,40,1,1,2,0
9,5,39,41,1,1,2,0
9,5,40,42,1,1,2,0
9,5,41,43,1,1,2,0
9,5,42,44,1,1,2,0
9,5,43,45,1,1,2,0
9,5,44,46,1,1,2,0
9,5,45,47,1,1,2,0
9,5,46,48,1,1,2,0
9,5,47,49,1,1,2,0
9,5,48,50,1,1,2,0
0,2,0,6,1,1,6,0
0,2,1,7,1,1,6,0
0,2,2,8,1,1,6,0
0,2,3,9,1,1,6,0
0,2,4,10,1,1,6,0
0,2,5,11,1,1,6,0
0,2,6,12,1,1,6,0
0,2,7,13,1,1,6,0
0,2,8,14,1,1,6,0
0,2,9,15,1,1,6,0
0,2,10,16,1,1,6,0
0,2,11,17,1,1,6,0
0,2,12,18,1,1,6,0
0,2,13,19,1,1,6,0
0,2,14,20,1,1,6,0
0,2,15,21,1,1,6,0
0,2,16,22,1,1,6,0
0,2,17,23,1,1,6,0
0,2,18,24,1,1,6,0
0,2,19,25,1,1,6,0
0,2,20,26,1,1,6,0
0,2,21,27,1,1,6,0
0,2,22,28,1,1,6,0
0,2,23,29,1,1,6,0
0,2,24,30,1,1,6,0
0,2,25,31,1,1,6,0
0,2,26,32,1,1,6,0
0,2,27,33,1,1,6,0
0,2,28,34,1,1,6,0
0,2,29,35,1,1,6,0
0,2,30,36,1,1,6,0
0,2,31,37,1,1,6,0
0,2,32,38,1,1,6,0
0,2,33,39,1,1,6,0
0,2,34,40,1,1,6,0
0,2,35,41,1,1,6,0
0,2,36,42,1,1,6,0
0,2,37,43,1,1,6,0
0,2,38,44,1,1,6,0
0,2,39,45,1,1,6,0
0,2,40,46,1,1,6,0
0,2,41,47,1,1,6,0
0,2,42,48,1,1,6,0
0,2,43,49,1,1,6,0
0,2,44,50,1,1,6,0
11,2,0,1,1,1,1,0
11,2,1,2,1,1,1,0
11,2,2,3,1,1,1,0
11,2,3,4,1,1,1,0
11,2,4,5,1,1,1,0
11,2,5,6,1,1,1,0
11,2,6,7,1,1,1,0
11,2,7,8,1,1,1,0
11,2,8,9,1,1,1,0
11,2,9,10,1,1,1,0
11,2,10,11,1,1,1,0
11,2,11,12,1,1,1,0
11,2,12,13,1,1,1,0
11,2,13,14,1,1,1,0
11,2,14,15,1,1,1,0
11,2,15,16,1,1,1,0
11,2,16,17,1,1,1,0
11,2,17,18,1,1,1,0
11,2,18,19,1,1,1,0
11,2,19,20,1,1,1,0
11,2,20,21,1,1,1,0
11,2,21,22,1,1,1,0
11,2,22,23,1,1,1,0
11,2,23,24,1,1,1,0
11,2,24,25,1,1,1,0
11,2,25,26,1,1,1,0
11,2,26,27,1,1,1,0
11,2,27,28,1,1,1,0
11,2,28,29,1,1,1,0
11,2,29,30,1,1,1,0
11,2,30,31,1,1,1,0
11,2,31,32,1,1,1,0
11,2,32,33,1,1,1,0
11,2,33,34,1,1,1,0
11,2,34,35,1,1,1,0
11,2,35,36,1,1,1,0
11,2,36,37,1,1,1,0
11,2,37,38,1,1,1,0
11,2,38,39,1,1,1,0
11,2,39,40,1,1,1,0
11,2,40,41,1,1,1,0
11,2,41,42,1,1,1,0
11,2,42,43,1,1,1,0
11,2,43,44,1,1,1,0
11,2,44,45,1,1,1,0
11,2,45,46,1,1,1,0
11,2,46,47,1,1,1,0
11,2,47,48,1,1,1,0
11,2,48,49,1,1,1,0
11,2,49,50,1,1,1,0
9,14,0,8,1,1,8,0
9,14,1,9,1,1,8,0
9,14,2,10,1,1,8,0
9,14,3,11,1,1,8,0
9,14,4,12,1,1,8,0
9,14,5,13,1,1,8,0
9,14,6,14,1,1,8,0
9,14,7,15,1,1,8,0
9,14,8,16,1,1,8,0
9,14,9,17,1,1,8,0
9,14,10,18,1,1,8,0
9,14,11,19,1,1,8,0
9,14,12,20,1,1,8,0
9,14,13,21,1,1,8,0
9,14,14,22,1,1,8,0
9,14,15,23,1,1,8,0
9,14,16,24,1,1,8,0
9,14,17,25,1,1,8,0
9,14,18,26,1,1,8,0
9,14,19,27,1,1,8,0
9,14,20,28,1,1,8,0
9,14,21,29,1,1,8,0
9,14,22,30,1,1,8,0
9,14,23,31,1,1,8,0
9,14,24,32,1,1,8,0
9,14,25,33,1,1,8,0
9,14,26,34,1,1,8,0
9,14,27,35,1,1,8,0
9,14,28,36,1,1,8,0
9,14,29,37,1,1,8,0
9,14,30,38,1,1,8,0
9,14,31,39,1,1,8,0
9,14,32,40,1,1,8,0
9,14,33,41,1,1,8,0
9,14,34,42,1,1,8,0
9,14,35,43,1,1,8,0
9,14,36,44,1,1,8,0
9,14,37,45,1,1,8,0
9,14,38,46,1,1,8,0
9,14,39,47,1,1,8,0
9,14,40,48,1,1,8,0
9,14,41,49,1,1,8,0
9,14,42,50,1,1,8,0
1,3,0,3,1,1,3,0
1,3,1,4,1,1,3,0
1,3,2,5,1,1,3,0
1,3,3,6,1,1,3,0
1,3,4,7,1,1,3,0
1,3,5,8,1,1,3,0
1,3,6,9,1,1,3,0
1,3,7,10,1,1,3,0
1,3,8,11,1,1,3,0
1,3,9,12,1,1,3,0
1,3,10,13,1,1,3,0
1,3,11,14,1,1,3,0
1,3,12,15,1,1,3,0
1,3,13,16,1,1,3,0
1,3,14,17,1,1,3,0
1,3,15,18,1,1,3,0
1,3,16,19,1,1,3,0
1,3,17,20,1,1,3,0
1,3,18,21,1,1,3,0
1,3,19,22,1,1,3,0
1,3,20,23,1,1,3,0
1,3,21,24,1,1,3,0
1,3,22,25,1,1,3,0
1,3,23,26,1,1,3,0
1,3,24,27,1,1,3,0
1,3,25,28,1,1,3,0
1,3,26,29,1,1,3,0
1,3,27,30,1,1,3,0
1,3,28,31,1,1,3,0
1,3,29,32,1,1,3,0
1,3,30,33,1,1,3,0
1,3,31,34,1,1,3,0
1,3,32,35,1,1,3,0
1,3,33,36,1,1,3,0
1,3,34,37,1,1,3,0
1,3,35,38,1,1,3,0
1,3,36,39,1,1,3,0
1,3,37,40,1,1,3,0
1,3,38,41,1,1,3,0
1,3,39,42,1,1,3,0
1,3,40,43,1,1,3,0
1,3,41,44,1,1,3,0
1,3,42,45,1,1,3,0
1,3,43,46,1,1,3,0
1,3,44,47,1,1,3,0
1,3,45,48,1,1,3,0
1,3,46,49,1,1,3,0
1,3,47,50,1,1,3,0
13,5,0,2,1,1,2,0
13,5,1,3,1,1,2,0
13,5,2,4,1,1,2,0
13,5,3,5,1,1,2,0
13,5,4,6,1,1,2,0
13,5,5,7,1,1,2,0
13,5,6,8,1,1,2,0
13,5,7,9,1,1,2,0
13,5,8,10,1,1,2,0
13,5,9,11,1,1,2,0
13,5,10,12,1,1,2,0
13,5,11,13,1,1,2,0
13,5,12,14,1,1,2,0
13,5,13,15,1,1,2,0
13,5,14,16,1,1,2,0
13,5,15,17,1,1,2,0
13,5,16,18,1,1,2,0
13,5,17,19,1,1,2,0
13,5,18,20,1,1,2,0
13,5,19,21,1,1,2,0
13,5,20,22,1,1,2,0
13,5,21,23,1,1,2,0
13,5,22,24,1,1,2,0
13,5,23,25,1,1,2,0
13,5,24,26,1,1,2,0
13,5,25,27,1,1,2,0
13,5,26,28,1,1,2,0
13,5,27,29,1,1,2,0
13,5,28,30,1,1,2,0
13,5,29,31,1,1,2,0
13,5,30,32,1,1,2,0
13,5,31,33,1,1,2,0
13,5,32,34,1,1,2,0
13,5,33,35,1,1,2,0
13,5,34,36,1,1,2,0
13,5,35,37,1,1,2,0
13,5,36,38,1,1,2,0
13,5,37,39,1,1,2,0
13,5,38,40,1,1,2,0
13,5,39,41,1,1,2,0
13,5,40,42,1,1,2,0
13,5,41,43,1,1,2,0
13,5,42,44,1,1,2,0
13,5,43,45,1,1,2,0
13,5,44,46,1,1,2,0
13,5,45,47,1,1,2,0
13,5,46,48,1,1,2,0
13,5,47,49,1,1,2,0
13,5,48,50,1,1,2,0
10,15,0,3,1,1,3,0
10,15,1,4,1,1,3,0
10,15,2,5,1,1,3,0
10,15,3,6,1,1,3,0
10,15,4,7,1,1,3,0
10,15,5,8,1,1,3,0
10,15,6,9,1,1,3,0
10,15,7,10,1,1,3,0
10,15,8,11,1,1,3,0
10,15,9,12,1,1,3,0
10,15,10,13,1,1,3,0
10,15,11,14,1,1,3,0
10,15,12,15,1,1,3,0
10,15,13,16,1,1,3,0
10,15,14,17,1,1,3,0
10,15,15,18,1,1,3,0
10,15,16,19,1,1,3,0
10,15,17,20,1,1,3,0
10,15,18,21,1,1,3,0
10,15,19,22,1,1,3,0
10,15,20,23,1,1,3,0
10,15,21,24,1,1,3,0
10,15,22,25,1,1,3,0
10,15,23,26,1,1,3,0
10,15,24,27,1,1,3,0
10,15,25,28,1,1,3,0
10,15,26,29,1,1,3,0
10,15,27,30,1,1,3,0
10,15,28,31,1,1,3,0
10,15,29,32,1,1,3,0
10,15,30,33,1,1,3,0
10,15,31,34,1,1,3,0
10,15,32,35,1,1,3,0
10,15,33,36,1,1,3,0
10,15,34,37,1,1,3,0
10,15,35,38,1,1,3,0
10,15,36,39,1,1,3,0
10,15,37,40,1,1,3,0
10,15,38,41,1,1,3,0
10,15,39,42,1,1,3,0
10,15,40,43,1,1,3,0
10,15,41,44,1,1,3,0
10,15,42,45,1,1,3,0
10,15,43,46,1,1,3,0
10,15,44,47,1,1,3,0
10,15,45,48,1,1,3,0
10,15,46,49,1,1,3,0
10,15,47,50,1,1,3,0
1,12,0,2,1,1,2,0
1,12,1,3,1,1,2,0
1,12,2,4,1,1,2,0
1,12,3,5,1,1,2,0
1,12,4,6,1,1,2,0
1,12,5,7,1,1,2,0
1,12,6,8,1,1,2,0
1,12,7,9,1,1,2,0
1,12,8,10,1,1,2,0
1,12,9,11,1,1,2,0
1,12,10,12,1,1,2,0
1,12,11,13,1,1,2,0
1,12,12,14,1,1,2,0
1,12,13,15,1,1,2,0
1,12,14,16,1,1,2,0
1,12,15,17,1,1,2,0
1,12,16,18,1,1,2,0
1,12,17,19,1,1,2,0
1,12,18,20,1,1,2,0
1,12,19,21,1,1,2,0
1,12,20,22,1,1,2,0
1,12,21,23,1,1,2,0
1,12,22,24,1,1,2,0
1,12,23,25,1,1,2,0
1,12,24,26,1,1,2,0
1,12,25,27,1,1,2,0
1,12,26,28,1,1,2,0
1,12,27,29,1,1,2,0
1,12,28,30,1,1,2,0
1,12,29,31,1,1,2,0
1,12,30,32,1,1,2,0
1,12,31,33,1,1,2,0
1,12,32,34,1,1,2,0
1,12,33,35,1,1,2,0
1,12,34,36,1,1,2,0
1,12,35,37,1,1,2,0
1,12,36,38,1,1,2,0
1,12,37,39,1,1,2,0
1,12,38,40,1,1,2,0
1,12,39,41,1,1,2,0
1,12,40,42,1,1,2,0
1,12,41,43,1,1,2,0
1,12,42,44,1,1,2,0
1,12,43,45,1,1,2,0
1,12,44,46,1,1,2,0
1,12,45,47,1,1,2,0
1,12,46,48,1,1,2,0
1,12,47,49,1,1,2,0
1,12,48,50,1,1,2,0
13,14,0,5,1,1,5,0
13,14,1,6,1,1,5,0
13,14,2,7,1,1,5,0
13,14,3,8,1,1,5,0
13,14,4,9,1,1,5,0
13,14,5,10,1,1,5,0
13,14,6,11,1,1,5,0
13,14,7,12,1,1,5,0
13,14,8,13,1,1,5,0
13,14,9,14,1,1,5,0
13,14,10,15,1,1,5,0
13,14,11,16,1,1,5,0
13,14,12,17,1,1,5,0
13,14,13,18,1,1,5,0
13,14,14,19,1,1,5,0
13,14,15,20,1,1,5,0
13,14,16,21,1,1,5,0
13,14,17,22,1,1,5,0
13,14,18,23,1,1,5,0
13,14,19,24,1,1,5,0
13,14,20,25,1,1,5,0
13,14,21,26,1,1,5,0
13,14,22,27,1,1,5,0
13,14,23,28,1,1,5,0
13,14,24,29,1,1,5,0
13,14,25,30,1,1,5,0
13,14,26,31,1,1,5,0
13,14,27,32,1,1,5,0
13,14,28,33,1,1,5,0
13,14,29,34,1,1,5,0
13,14,30,35,1,1,5,0
13,14,31,36,1,1,5,0
13,14,32,37,1,1,5,0
13,14,33,38,1,1,5,0
13,14,34,39,1,1,5,0
13,14,35,40,1,1,5,0
13,14,36,41,1,1,5,0
13,14,37,42,1,1,5,0
13,14,38,43,1,1,5,0
13,14,39,44,1,1,5,0
13,14,40,45,1,1,5,0
13,14,41,46,1,1,5,0
13,14,42,47,1,1,5,0
13,14,43,48,1,1,5,0
13,14,44,49,1,1,5,0
13,14,45,50,1,1,5,0
12,6,0,4,1,1,4,0
12,6,1,5,1,1,4,0
12,6,2,6,1,1,4,0
12,6,3,7,1,1,4,0
12,6,4,8,1,1,4,0
12,6,5,9,1,1,4,0
12,6,6,10,1,1,4,0
12,6,7,11,1,1,4,0
12,6,8,12,1,1,4,0
12,6,9,13,1,1,4,0
12,6,10,14,1,1,4,0
12,6,11,15,1,1,4,0
12,6,12,16,1,1,4,0
12,6,13,17,1,1,4,0
12,6,14,18,1,1,4,0
12,6,15,19,1,1,4,0
12,6,16,20,1,1,4,0
12,6,17,21,1,1,4,0
12,6,18,22,1,1,4,0
12,6,19,23,1,1,4,0
12,6,20,24,1,1,4,0
12,6,21,25,1,1,4,0
12,6,22,26,1,1,4,0
12,6,23,27,1,1,4,0
12,6,24,28,1,1,4,0
12,6,25,29,1,1,4,0
12,6,26,30,1,1,4,0
12,6,27,31,1,1,4,0
12,6,28,32,1,1,4,0
12,6,29,33,1,1,4,0
12,6,30,34,1,1,4,0
12,6,31,35,1,1,4,0
12,6,32,36,1,1,4,0
12,6,33,37,1,1,4,0
12,6,34,38,1,1,4,0
12,6,35,39,1,1,4,0
12,6,36,40,1,1,4,0
12,6,37,41,1,1,4,0
12,6,38,42,1,1,4,0
12,6,39,43,1,1,4,0
12,6,40,44,1,1,4,0
12,6,41,45,1,1,4,0
12,6,42,46,1,1,4,0
12,6,43,47,1,1,4,0
12,6,44,48,1,1,4,0
12,6,45,49,1,1,4,0
12,6,46,50,1,1,4,0
5,0,0,6,1,1,6,0
5,0,1,7,1,1,6,0
5,0,2,8,1,1,6,0
5,0,3,9,1,1,6,0
5,0,4,10,1,1,6,0
5,0,5,11,1,1,6,0
5,0,6,12,1,1,6,0
5,0,7,13,1,1,6,0
5,0,8,14,1,1,6,0
5,0,9,15,1,1,6,0
5,0,10,16,1,1,6,0
5,0,11,17,1,1,6,0
5,0,12,18,1,1,6,0
5,0,13,19,1,1,6,0
5,0,14,20,1,1,6,0
5,0,15,21,1,1,6,0
5,0,16,22,1,1,6,0
5,0,17,23,1,1,6,0
5,0,18,24,1,1,6,0
5,0,19,25,1,1,6,0
5,0,20,26,1,1,6,0
5,0,21,27,1,1,6,0
5,0,22,28,1,1,6,0
5,0,23,29,1,1,6,0
5,0,24,30,1,1,6,0
5,0,25,31,1,1,6,0
5,0,26,32,1,1,6,0
5,0,27,33,1,1,6,0
5,0,28,34,1,1,6,0
5,0,29,35,1,1,6,0
5,0,30,36,1,1,6,0
5,0,31,37,1,1,6,0
5,0,32,38,1,1,6,0
5,0,33,39,1,1,6,0
5,0,34,40,1,1,6,0
5,0,35,41,1,1,6,0
5,0,36,42,1,1,6,0
5,0,37,43,1,1,6,0
5,0,38,44,1,1,6,0
5,0,39,45,1,1,6,0
5,0,40,46,1,1,6,0
5,0,41,47,1,1,6,0
5,0,42,48,1,1,6,0
5,0,43,49,1,1,6,0
5,0,44,50,1,1,6,0
14,3,0,4,1,1,4,0
14,3,1,5,1,1,4,0
14,3,2,6,1,1,4,0
14,3,3,7,1,1,4,0
14,3,4,8,1,1,4,0
14,3,5,9,1,1,4,0
14,3,6,10,1,1,4,0
14,3,7,11,1,1,4,0
14,3,8,12,1,1,4,0
14,3,9,13,1,1,4,0
14,3,10,14,1,1,4,0
14,3,11,15,1,1,4,0
14,3,12,16,1,1,4,0
14,3,13,17,1,1,4,0
14,3,14,18,1,1,4,0
14,3,15,19,1,1,4,0
14,3,16,20,1,1,4,0
14,3,17,21,1,1,4,0
14,3,18,22,1,1,4,0
14,3,19,23,1,1,4,0
14,3,20,24,1,1,4,0
14,3,21,25,1,1,4,0
14,3,22,26,1,1,4,0
14,3,23,27,1,1,4,0
14,3,24,28,1,1,4,0
14,3,25,29,1,1,4,0
14,3,26,30,1,1,4,0
14,3,27,31,1,1,4,0
14,3,28,32,1,1,4,0
14,3,29,33,1,1,4,0
14,3,30,34,1,1,4,0
14,3,31,35,1,1,4,0
14,3,32,36,1,1,4,0
14,3,33,37,1,1,4,0
14,3,34,38,1,1,4,0
14,3,35,39,1,1,4,0
14,3,36,40,1,1,4,0
14,3,37,41,1,1,4,0
14,3,38,42,1,1,4,0
14,3,39,43,1,1,4,0
14,3,40,44,1,1,4,0
14,3,41,45,1,1,4,0
14,3,42,46,1,1,4,0
14,3,43,47,1,1,4,0
14,3,44,48,1,1,4,0
14,3,45,49,1,1,4,0
14,3,46,50,1,1,4,0
12,15,0,4,1,1,4,0
12,15,1,5,1,1,4,0
12,15,2,6,1,1,4,0
12,15,3,7,1,1,4,0
12,15,4,8,1,1,4,0
12,15,5,9,1,1,4,0
12,15,6,10,1,1,4,0
12,15,7,11,1,1,4,0
12,15,8,12,1,1,4,0
12,15,9,13,1,1,4,0
12,15,10,14,1,1,4,0
12,15,11,15,1,1,4,0
12,15,12,16,1,1,4,0
12,15,13,17,1,1,4,0
12,15,14,18,1,1,4,0
12,15,15,19,1,1,4,0
12,15,16,20,1,1,4,0
12,15,17,21,1,1,4,0
12,15,18,22,1,1,4,0
12,15,19,23,1,1,4,0
12,15,20,24,1,1,4,0
12,15,21,25,1,1,4,0
12,15,22,26,1,1,4,0
12,15,23,27,1,1,4,0
12,15,24,28,1,1,4,0
12,15,25,29,1,1,4,0
12,15,26,30,1,1,4,0
12,15,27,31,1,1,4,0
12,15,28,32,1,1,4,0
12,15,29,33,1,1,4,0
12,15,30,34,1,1,4,0
12,15,31,35,1,1,4,0
12,15,32,36,1,1,4,0
12,15,33,37,1,1,4,0
12,15,34,38,1,1,4,0
12,15,35,39,1,1,4,0
12,15,36,40,1,1,4,0
12,15,37,41,1,1,4,0
12,15,38,42,1,1,4,0
12,15,39,43,1,1,4,0
12,15,40,44,1,1,4,0
12,15,41,45,1,1,4,0
12,15,42,46,1,1,4,0
12,15,43,47,1,1,4,0
12,15,44,48,1,1,4,0
12,15,45,49,1,1,4,0
12,15,46,50,1,1,4,0
3,12,0,5,1,1,5,0
3,12,1,6,1,1,5,0
3,12,2,7,1,1,5,0
3,12,3,8,1,1,5,0
3,12,4,9,1,1,5,0
3,12,5,10,1,1,5,0
3,12,6,11,1,1,5,0
3,12,7,12,1,1,5,0
3,12,8,13,1,1,5,0
3,12,9,14,1,1,5,0
3,12,10,15,1,1,5,0
3,12,11,16,1,1,5,0
3,12,12,17,1,1,5,0
3,12,13,18,1,1,5,0
3,12,14,19,1,1,5,0
3,12,15,20,1,1,5,0
3,12,16,21,1,1,5,0
3,12,17,22,1,1,5,0
3,12,18,23,1,1,5,0
3,12,19,24,1,1,5,0
3,12,20,25,1,1,5,0
3,12,21,26,1,1,5,0
3,12,22,27,1,1,5,0
3,12,23,28,1,1,5,0
3,12,24,29,1,1,5,0
3,12,25,30,1,1,5,0
3,12,26,31,1,1,5,0
3,12,27,32,1,1,5,0
3,12,28,33,1,1,5,0
3,12,29,34,1,1,5,0
3,12,30,35,1,1,5,0
3,12,31,36,1,1,5,0
3,12,32,37,1,1,5,0
3,12,33,38,1,1,5,0
3,12,34,39,1,1,5,0
3,12,35,40,1,1,5,0
3,12,36,41,1,1,5,0
3,12,37,42,1,1,5,0
3,12,38,43,1,1,5,0
3,12,39,44,1,1,5,0
3,12,40,45,1,1,5,0
3,12,41,46,1,1,5,0
3,12,42,47,1,1,5,0
3,12,43,48,1,1,5,0
3,12,44,49,1,1,5,0
3,12,45,50,1,1,5,0
5,9,0,2,1,1,2,0
5,9,1,3,1,1,2,0
5,9,2,4,1,1,2,0
5,9,3,5,1,1,2,0
5,9,4,6,1,1,2,0
5,9,5,7,1,1,2,0
5,9,6,8,1,1,2,0
5,9,7,9,1,1,2,0
5,9,8,10,1,1,2,0
5,9,9,11,1,1,2,0
5,9,10,12,1,1,2,0
5,9,11,13,1,1,2,0
5,9,12,14,1,1,2,0
5,9,13,15,1,1,2,0
5,9,14,16,1,1,2,0
5,9,15,17,1,1,2,0
5,9,16,18,1,1,2,0
5,9,17,19,1,1,2,0
5,9,18,20,1,1,2,0
5,9,19,21,1,1,2,0
5,9,20,22,1,1,2,0
5,9,21,23,1,1,2,0
5,9,22,24,1,1,2,0
5,9,23,25,1,1,2,0
5,9,24,26,1,1,2,0
5,9,25,27,1,1,2,0
5,9,26,28,1,1,2,0
5,9,27,29,1,1,2,0
5,9,28,30,1,1,2,0
5,9,29,31,1,1,2,0
5,9,30,32,1,1,2,0
5,9,31,33,1,1,2,0
5,9,32,34,1,1,2,0
5,9,33,35,1,1,2,0
5,9,34,36,1,1,2,0
5,9,35,37,1,1,2,0
5,9,36,38,1,1,2,0
5,9,37,39,1,1,2,0
5,9,38,40,1,1,2,0
5,9,39,41,1,1,2,0
5,9,40,42,1,1,2,0
5,9,41,43,1,1,2,0
5,9,42,44,1,1,2,0
5,9,43,45,1,1,2,0
5,9,44,46,1,1,2,0
5,9,45,47,1,1,2,0
5,9,46,48,1,1,2,0
5,9,47,49,1,1,2,0
5,9,48,50,1,1,2,0
4,11,0,4,1,1,4,0
4,11,1,5,1,1,4,0
4,11,2,6,1,1,4,0
4,11,3,7,1,1,4,0
4,11,4,8,1,1,4,0
4,11,5,9,1,1,4,0
4,11,6,10,1,1,4,0
4,11,7,11,1,1,4,0
4,11,8,12,1,1,4,0
4,11,9,13,1,1,4,0
4,11,10,14,1,1,4,0
4,11,11,15,1,1,4,0
4,11,12,16,1,1,4,0
4,11,13,17,1,1,4,0
4,11,14,18,1,1,4,0
4,11,15,19,1,1,4,0
4,11,16,20,1,1,4,0
4,11,17,21,1,1,4,0
4,11,18,22,1,1,4,0
4,11,19,23,1,1,4,0
4,11,20,24,1,1,4,0
4,11,21,25,1,1,4,0
4,11,22,26,1,1,4,0
4,11,23,27,1,1,4,0
4,11,24,28,1,1,4,0
4,11,25,29,1,1,4,0
4,11,26,30,1,1,4,0
4,11,27,31,1,1,4,0
4,11,28,32,1,1,4,0
4,11,29,33,1,1,4,0
4,11,30,34,1,1,4,0
4,11,31,35,1,1,4,0
4,11,32,36,1,1,4,0
4,11,33,37,1,1,4,0
4,11,34,38,1,1,4,0
4,11,35,39,1,1,4,0
4,11,36,40,1,1,4,0
4,11,37,41,1,1,4,0
4,11,38,42,1,1,4,0
4,11,39,43,1,1,4,0
4,11,40,44,1,1,4,0
4,11,41,45,1,1,4,0
4,11,42,46,1,1,4,0
4,11,43,47,1,1,4,0
4,11,44,48,1,1,4,0
4,11,45,49,1,1,4,0
4,11,46,50,1,1,4,0
14,12,0,3,1,1,3,0
14,12,1,4,1,1,3,0
14,12,2,5,1,1,3,0
14,12,3,6,1,1,3,0
14,12,4,7,1,1,3,0
14,12,5,8,1,1,3,0
14,12,6,9,1,1,3,0
14,12,7,10,1,1,3,0
14,12,8,11,1,1,3,0
14,12,9,12,1,1,3,0
14,12,10,13,1,1,3,0
14,12,11,14,1,1,3,0
14,12,12,15,1,1,3,0
14,12,13,16,1,1,3,0
14,12,14,17,1,1,3,0
14,12,15,18,1,1,3,0
14,12,16,19,1,1,3,0
14,12,17,20,1,1,3,0
14,12,18,21,1,1,3,0
14,12,19,22,1,1,3,0
14,12,20,23,1,1,3,0
14,12,21,24,1,1,3,0
14,12,22,25,1,1,3,0
14,12,23,26,1,1,3,0
14,12,24,27,1,1,3,0
14,12,25,28,1,1,3,0
14,12,26,29,1,1,3,0
14,12,27,30,1,1,3,0
14,12,28,31,1,1,3,0
14,12,29,32,1,1,3,0
14,12,30,33,1,1,3,0
14,12,31,34,1,1,3,0
14,12,32,35,1,1,3,0
14,12,33,36,1,1,3,0
14,12,34,37,1,1,3,0
14,12,35,38,1,1,3,0
14,12,36,39,1,1,3,0
14,12,37,40,1,1,3,0
14,12,38,41,1,1,3,0
14,12,39,42,1,1,3,0
14,12,40,43,1,1,3,0
14,12,41,44,1,1,3,0
14,12,42,45,1,1,3,0
14,12,43,46,1,1,3,0
14,12,44,47,1,1,3,0
14,12,45,48,1,1,3,0
14,12,46,49,1,1,3,0
14,12,47,50,1,1,3,0
9,7,0,5,1,1,5,0
9,7,1,6,1,1,5,0
9,7,2,7,1,1,5,0
9,7,3,8,1,1,5,0
9,7,4,9,1,1,5,0
9,7,5,10,1,1,5,0
9,7,6,11,1,1,5,0
9,7,7,12,1,1,5,0
9,7,8,13,1,1,5,0
9,7,9,14,1,1,5,0
9,7,10,15,1,1,5,0
9,7,11,16,1,1,5,0
9,7,12,17,1,1,5,0
9,7,13,18,1,1,5,0
9,7,14,19,1,1,5,0
9,7,15,20,1,1,5,0
9,7,16,21,1,1,5,0
9,7,17,22,1,1,5,0
9,7,18,23,1,1,5,0
9,7,19,24,1,1,5,0
9,7,20,25,1,1,5,0
9,7,21,26,1,1,5,0
9,7,22,27,1,1,5,0
9,7,23,28,1,1,5,0
9,7,24,29,1,1,5,0
9,7,25,30,1,1,5,0
9,7,26,31,1,1,5,0
9,7,27,32,1,1,5,0
9,7,28,33,1,1,5,0
9,7,29,34,1,1,5,0
9,7,30,35,1,1,5,0
9,7,31,36,1,1,5,0
9,7,32,37,1,1,5,0
9,7,33,38,1,1,5,0
9,7,34,39,1,1,5,0
9,7,35,40,1,1,5,0
9,7,36,41,1,1,5,0
9,7,37,42,1,1,5,0
9,7,38,43,1,1,5,0
9,7,39,44,1,1,5,0
9,7,40,45,1,1,5,0
9,7,41,46,1,1,5,0
9,7,42,47,1,1,5,0
9,7,43,48,1,1,5,0
9,7,44,49,1,1,5,0
9,7,45,50,1,1,5,0
11,4,0,4,1,1,4,0
11,4,1,5,1,1,4,0
11,4,2,6,1,1,4,0
11,4,3,7,1,1,4,0
11,4,4,8,1,1,4,0
11,4,5,9,1,1,4,0
11,4,6,10,1,1,4,0
11,4,7,11,1,1,4,0
11,4,8,12,1,1,4,0
11,4,9,13,1,1,4,0
11,4,10,14,1,1,4,0
11,4,11,15,1,1,4,0
11,4,12,16,1,1,4,0
11,4,13,17,1,1,4,0
11,4,14,18,1,1,4,0
11,4,15,19,1,1,4,0
11,4,16,20,1,1,4,0
11,4,17,21,1,1,4,0
11,4,18,22,1,1,4,0
11,4,19,23,1,1,4,0
11,4,20,24,1,1,4,0
11,4,21,25,1,1,4,0
11,4,22,26,1,1,4,0
11,4,23,27,1,1,4,0
11,4,24,28,1,1,4,0
11,4,25,29,1,1,4,0
11,4,26,30,1,1,4,0
11,4,27,31,1,1,4,0
11,4,28,32,1,1,4,0
11,4,29,33,1,1,4,0
11,4,30,34,1,1,4,0
11,4,31,35,1,1,4,0
11,4,32,36,1,1,4,0
11,4,33,37,1,1,4,0
11,4,34,38,1,1,4,0
11,4,35,39,1,1,4,0
11,4,36,40,1,1,4,0
11,4,37,41,1,1,4,0
11,4,38,42,1,1,4,0
11,4,39,43,1,1,4,0
11,4,40,44,1,1,4,0
11,4,41,45,1,1,4,0
11,4,42,46,1,1,4,0
11,4,43,47,1,1,4,0
11,4,44,48,1,1,4,0
11,4,45,49,1,1,4,0
11,4,46,50,1,1,4,0
10,8,0,4,1,1,4,0
10,8,1,5,1,1,4,0
10,8,2,6,1,1,4,0
10,8,3,7,1,1,4,0
10,8,4,8,1,1,4,0
10,8,5,9,1,1,4,0
10,8,6,10,1,1,4,0
10,8,7,11,1,1,4,0
10,8,8,12,1,1,4,0
10,8,9,13,1,1,4,0
10,8,10,14,1,1,4,0
10,8,11,15,1,1,4,0
10,8,12,16,1,1,4,0
10,8,13,17,1,1,4,0
10,8,14,18,1,1,4,0
10,8,15,19,1,1,4,0
10,8,16,20,1,1,4,0
10,8,17,21,1,1,4,0
10,8,18,22,1,1,4,0
10,8,19,23,1,1,4,0
10,8,20,24,1,1,4,0
10,8,21,25,1,1,4,0
10,8,22,26,1,1,4,0
10,8,23,27,1,1,4,0
10,8,24,28,1,1,4,0
10,8,25,29,1,1,4,0
10,8,26,30,1,1,4,0
10,8,27,31,1,1,4,0
10,8,28,32,1,1,4,0
10,8,29,33,1,1,4,0
10,8,30,34,1,1,4,0
10,8,31,35,1,1,4,0
10,8,32,36,1,1,4,0
10,8,33,37,1,1,4,0
10,8,34,38,1,1,4,0
10,8,35,39,1,1,4,0
10,8,36,40,1,1,4,0
10,8,37,41,1,1,4,0
10,8,38,42,1,1,4,0
10,8,39,43,1,1,4,0
10,8,40,44,1,1,4,0
10,8,41,45,1,1,4,0
10,8,42,46,1,1,4,0
10,8,43,47,1,1,4,0
10,8,44,48,1,1,4,0
10,8,45,49,1,1,4,0
10,8,46,50,1,1,4,0
1,5,0,5,1,1,5,0
1,5,1,6,1,1,5,0
1,5,2,7,1,1,5,0
1,5,3,8,1,1,5,0
1,5,4,9,1,1,5,0
1,5,5,10,1,1,5,0
1,5,6,11,1,1,5,0
1,5,7,12,1,1,5,0
1,5,8,13,1,1,5,0
1,5,9,14,1,1,5,0
1,5,10,15,1,1,5,0
1,5,11,16,1,1,5,0
1,5,12,17,1,1,5,0
1,5,13,18,1,1,5,0
1,5,14,19,1,1,5,0
1,5,15,20,1,1,5,0
1,5,16,21,1,1,5,0
1,5,17,22,1,1,5,0
1,5,18,23,1,1,5,0
1,5,19,24,1,1,5,0
1,5,20,25,1,1,5,0
1,5,21,26,1,1,5,0
1,5,22,27,1,1,5,0
1,5,23,28,1,1,5,0
1,5,24,29,1,1,5,0
1,5,25,30,1,1,5,0
1,5,26,31,1,1,5,0
1,5,27,32,1,1,5,0
1,5,28,33,1,1,5,0
1,5,29,34,1,1,5,0
1,5,30,35,1,1,5,0
1,5,31,36,1,1,5,0
1,5,32,37,1,1,5,0
1,5,33,38,1,1,5,0
1,5,34,39,1,1,5,0
1,5,35,40,1,1,5,0
1,5,36,41,1,1,5,0
1,5,37,42,1,1,5,0
1,5,38,43,1,1,5,0
1,5,39,44,1,1,5,0
1,5,40,45,1,1,5,0
1,5,41,46,1,1,5,0
1,5,42,47,1,1,5,0
1,5,43,48,1,1,5,0
1,5,44,49,1,1,5,0
1,5,45,50,1,1,5,0
13,7,0,4,1,1,4,0
13,7,1,5,1,1,4,0
13,7,2,6,1,1,4,0
13,7,3,7,1,1,4,0
13,7,4,8,1,1,4,0
13,7,5,9,1,1,4,0
13,7,6,10,1,1,4,0
13,7,7,11,1,1,4,0
13,7,8,12,1,1,4,0
13,7,9,13,1,1,4,0
13,7,10,14,1,1,4,0
13,7,11,15,1,1,4,0
13,7,12,16,1,1,4,0
13,7,13,17,1,1,4,0
13,7,14,18,1,1,4,0
13,7,15,19,1,1,4,0
13,7,16,20,1,1,4,0
13,7,17,21,1,1,4,0
13,7,18,22,1,1,4,0
13,7,19,23,1,1,4,0
13,7,20,24,1,1,4,0
13,7,21,25,1,1,4,0
13,7,22,26,1,1,4,0
13,7,23,27,1,1,4,0
13,7,24,28,1,1,4,0
13,7,25,29,1,1,4,0
13,7,26,30,1,1,4,0
13,7,27,31,1,1,4,0
13,7,28,32,1,1,4,0
13,7,29,33,1,1,4,0
13,7,30,34,1,1,4,0
13,7,31,35,1,1,4,0
13,7,32,36,1,1,4,0
13,7,33,37,1,1,4,0
13,7,34,38,1,1,4,0
13,7,35,39,1,1,4,0
13,7,36,40,1,1,4,0
13,7,37,41,1,1,4,0
13,7,38,42,1,1,4,0
13,7,39,43,1,1,4,0
13,7,40,44,1,1,4,0
13,7,41,45,1,1,4,0
13,7,42,46,1,1,4,0
13,7,43,47,1,1,4,0
13,7,44,48,1,1,4,0
13,7,45,49,1,1,4,0
13,7,46,50,1,1,4,0
6,1,0,2,1,1,2,0
6,1,1,3,1,1,2,0
6,1,2,4,1,1,2,0
6,1,3,5,1,1,2,0
6,1,4,6,1,1,2,0
6,1,5,7,1,1,2,0
6,1,6,8,1,1,2,0
6,1,7,9,1,1,2,0
6,1,8,10,1,1,2,0
6,1,9,11,1,1,2,0
6,1,10,12,1,1,2,0
6,1,11,13,1,1,2,0
6,1,12,14,1,1,2,0
6,1,13,15,1,1,2,0
6,1,14,16,1,1,2,0
6,1,15,17,1,1,2,0
6,1,16,18,1,1,2,0
6,1,17,19,1,1,2,0
6,1,18,20,1,1,2,0
6,1,19,21,1,1,2,0
6,1,20,22,1,1,2,0
6,1,21,23,1,1,2,0
6,1,22,24,1,1,2,0
6,1,23,25,1,1,2,0
6,1,24,26,1,1,2,0
6,1,25,27,1,1,2,0
6,1,26,28,1,1,2,0
6,1,27,29,1,1,2,0
6,1,28,30,1,1,2,0
6,1,29,31,1,1,2,0
6,1,30,32,1,1,2,0
6,1,31,33,1,1,2,0
6,1,32,34,1,1,2,0
6,1,33,35,1,1,2,0
6,1,34,36,1,1,2,0
6,1,35,37,1,1,2,0
6,1,36,38,1,1,2,0
6,1,37,39,1,1,2,0
6,1,38,40,1,1,2,0
6,1,39,41,1,1,2,0
6,1,40,42,1,1,2,0
6,1,41,43,1,1,2,0
6,1,42,44,1,1,2,0
6,1,43,45,1,1,2,0
6,1,44,46,1,1,2,0
6,1,45,47,1,1,2,0
6,1,46,48,1,1,2,0
6,1,47,49,1,1,2,0
6,1,48,50,1,1,2,0
7,0,0,4,1,1,4,0
7,0,1,5,1,1,4,0
7,0,2,6,1,1,4,0
7,0,3,7,1,1,4,0
7,0,4,8,1,1,4,0
7,0,5,9,1,1,4,0
7,0,6,10,1,1,4,0
7,0,7,11,1,1,4,0
7,0,8,12,1,1,4,0
7,0,9,13,1,1,4,0
7,0,10,14,1,1,4,0
7,0,11,15,1,1,4,0
7,0,12,16,1,1,4,0
7,0,13,17,1,1,4,0
7,0,14,18,1,1,4,0
7,0,15,19,1,1,4,0
7,0,16,20,1,1,4,0
7,0,17,21,1,1,4,0
7,0,18,22,1,1,4,0
7,0,19,23,1,1,4,0
7,0,20,24,1,1,4,0
7,0,21,25,1,1,4,0
7,0,22,26,1,1,4,0
7,0,23,27,1,1,4,0
7,0,24,28,1,1,4,0
7,0,25,29,1,1,4,0
7,0,26,30,1,1,4,0
7,0,27,31,1,1,4,0
7,0,28,32,1,1,4,0
7,0,29,33,1,1,4,0
7,0,30,34,1,1,4,0
7,0,31,35,1,1,4,0
7,0,32,36,1,1,4,0
7,0,33,37,1,1,4,0
7,0,34,38,1,1,4,0
7,0,35,39,1,1,4,0
7,0,36,40,1,1,4,0
7,0,37,41,1,1,4,0
7,0,38,42,1,1,4,0
7,0,39,43,1,1,4,0
7,0,40,44,1,1,4,0
7,0,41,45,1,1,4,0
7,0,42,46,1,1,4,0
7,0,43,47,1,1,4,0
7,0,44,48,1,1,4,0
7,0,45,49,1,1,4,0
7,0,46,50,1,1,4,0
1,14,0,1,1,1,1,0
1,14,1,2,1,1,1,0
1,14,2,3,1,1,1,0
1,14,3,4,1,1,1,0
1,14,4,5,1,1,1,0
1,14,5,6,1,1,1,0
1,14,6,7,1,1,1,0
1,14,7,8,1,1,1,0
1,14,8,9,1,1,1,0
1,14,9,10,1,1,1,0
1,14,10,11,1,1,1,0
1,14,11,12,1,1,1,0
1,14,12,13,1,1,1,0
1,14,13,14,1,1,1,0
1,14,14,15,1,1,1,0
1,14,15,16,1,1,1,0
1,14,16,17,1,1,1,0
1,14,17,18,1,1,1,0
1,14,18,19,1,1,1,0
1,14,19,20,1,1,1,0
1,14,20,21,1,1,1,0
1,14,21,22,1,1,1,0
1,14,22,23,1,1,1,0
1,14,23,24,1,1,1,0
1,14,24,25,1,1,1,0
1,14,25,26,1,1,1,0
1,14,26,27,1,1,1,0
1,14,27,28,1,1,1,0
1,14,28,29,1,1,1,0
1,14,29,30,1,1,1,0
1,14,30,31,1,1,1,0
1,14,31,32,1,1,1,0
1,14,32,33,1,1,1,0
1,14,33,34,1,1,1,0
1,14,34,35,1,1,1,0
1,14,35,36,1,1,1,0
1,14,36,37,1,1,1,0
1,14,37,38,1,1,1,0
1,14,38,39,1,1,1,0
1,14,39,40,1,1,1,0
1,14,40,41,1,1,1,0
1,14,41,42,1,1,1,0
1,14,42,43,1,1,1,0
1,14,43,44,1,1,1,0
1,14,44,45,1,1,1,0
1,14,45,46,1,1,1,0
1,14,46,47,1,1,1,0
1,14,47,48,1,1,1,0
1,14,48,49,1,1,1,0
1,14,49,50,1,1,1,0
2,13,0,4,1,1,4,0
2,13,1,5,1,1,4,0
2,13,2,6,1,1,4,0
2,13,3,7,1,1,4,0
2,13,4,8,1,1,4,0
2,13,5,9,1,1,4,0
2,13,6,10,1,1,4,0
2,13,7,11,1,1,4,0
2,13,8,12,1,1,4,0
2,13,9,13,1,1,4,0
2,13,10,14,1,1,4,0
2,13,11,15,1,1,4,0
2,13,12,16,1,1,4,0
2,13,13,17,1,1,4,0
2,13,14,18,1,1,4,0
2,13,15,19,1,1,4,0
2,13,16,20,1,1,4,0
2,13,17,21,1,1,4,0
2,13,18,22,1,1,4,0
2,13,19,23,1,1,4,0
2,13,20,24,1,1,4,0
2,13,21,25,1,1,4,0
2,13,22,26,1,1,4,0
2,13,23,27,1,1,4,0
2,13,24,28,1,1,4,0
2,13,25,29,1,1,4,0
2,13,26,30,1,1,4,0
2,13,27,31,1,1,4,0
2,13,28,32,1,1,4,0
2,13,29,33,1,1,4,0
2,13,30,34,1,1,4,0
2,13,31,35,1,1,4,0
2,13,32,36,1,1,4,0
2,13,33,37,1,1,4,0
2,13,34,38,1,1,4,0
2,13,35,39,1,1,4,0
2,13,36,40,1,1,4,0
2,13,37,41,1,1,4,0
2,13,38,42,1,1,4,0
2,13,39,43,1,1,4,0
2,13,40,44,1,1,4,0
2,13,41,45,1,1,4,0
2,13,42,46,1,1,4,0
2,13,43,47,1,1,4,0
2,13,44,48,1,1,4,0
2,13,45,49,1,1,4,0
2,13,46,50,1,1,4,0
7,9,0,5,1,1,5,0
7,9,1,6,1,1,5,0
7,9,2,7,1,1,5,0
7,9,3,8,1,1,5,0
7,9,4,9,1,1,5,0
7,9,5,10,1,1,5,0
7,9,6,11,1,1,5,0
7,9,7,12,1,1,5,0
7,9,8,13,1,1,5,0
7,9,9,14,1,1,5,0
7,9,10,15,1,1,5,0
7,9,11,16,1,1,5,0
7,9,12,17,1,1,5,0
7,9,13,18,1,1,5,0
7,9,14,19,1,1,5,0
7,9,15,20,1,1,5,0
7,9,16,21,1,1,5,0
7,9,17,22,1,1,5,0
7,9,18,23,1,1,5,0
7,9,19,24,1,1,5,0
7,9,20,25,1,1,5,0
7,9,21,26,1,1,5,0
7,9,22,27,1,1,5,0
7,9,23,28,1,1,5,0
7,9,24,29,1,1,5,0
7,9,25,30,1,1,5,0
7,9,26,31,1,1,5,0
7,9,27,32,1,1,5,0
7,9,28,33,1,1,5,0
7,9,29,34,1,1,5,0
7,9,30,35,1,1,5,0
7,9,31,36,1,1,5,0
7,9,32,37,1,1,5,0
7,9,33,38,1,1,5,0
7,9,34,39,1,1,5,0
7,9,35,40,1,1,5,0
7,9,36,41,1,1,5,0
7,9,37,42,1,1,5,0
7,9,38,43,1,1,5,0
7,9,39,44,1,1,5,0
7,9,40,45,1,1,5,0
7,9,41,46,1,1,5,0
7,9,42,47,1,1,5,0
7,9,43,48,1,1,5,0
7,9,44,49,1,1,5,0
7,9,45,50,1,1,5,0
12,8,0,4,1,1,4,0
12,8,1,5,1,1,4,0
12,8,2,6,1,1,4,0
12,8,3,7,1,1,4,0
12,8,4,8,1,1,4,0
12,8,5,9,1,1,4,0
12,8,6,10,1,1,4,0
12,8,7,11,1,1,4,0
12,8,8,12,1,1,4,0
12,8,9,13,1,1,4,0
12,8,10,14,1,1,4,0
12,8,11,15,1,1,4,0
12,8,12,16,1,1,4,0
12,8,13,17,1,1,4,0
12,8,14,18,1,1,4,0
12,8,15,19,1,1,4,0
12,8,16,20,1,1,4,0
12,8,17,21,1,1,4,0
12,8,18,22,1,1,4,0
12,8,19,23,1,1,4,0
12,8,20,24,1,1,4,0
12,8,21,25,1,1,4,0
12,8,22,26,1,1,4,0
12,8,23,27,1,1,4,0
12,8,24,28,1,1,4,0
12,8,25,29,1,1,4,0
12,8,26,30,1,1,4,0
12,8,27,31,1,1,4,0
12,8,28,32,1,1,4,0
12,8,29,33,1,1,4,0
12,8,30,34,1,1,4,0
12,8,31,35,1,1,4,0
12,8,32,36,1,1,4,0
12,8,33,37,1,1,4,0
12,8,34,38,1,1,4,0
12,8,35,39,1,1,4,0
12,8,36,40,1,1,4,0
12,8,37,41,1,1,4,0
12,8,38,42,1,1,4,0
12,8,39,43,1,1,4,0
12,8,40,44,1,1,4,0
12,8,41,45,1,1,4,0
12,8,42,46,1,1,4,0
12,8,43,47,1,1,4,0
12,8,44,48,1,1,4,0
12,8,45,49,1,1,4,0
12,8,46,50,1,1,4,0
3,5,0,5,1,1,5,0
3,5,1,6,1,1,5,0
3,5,2,7,1,1,5,0
3,5,3,8,1,1,5,0
3,5,4,9,1,1,5,0
3,5,5,10,1,1,5,0
3,5,6,11,1,1,5,0
3,5,7,12,1,1,5,0
3,5,8,13,1,1,5,0
3,5,9,14,1,1,5,0
3,5,10,15,1,1,5,0
3,5,11,16,1,1,5,0
3,5,12,17,1,1,5,0
3,5,13,18,1,1,5,0
3,5,14,19,1,1,5,0
3,5,15,20,1,1,5,0
3,5,16,21,1,1,5,0
3,5,17,22,1,1,5,0
3,5,18,23,1,1,5,0
3,5,19,24,1,1,5,0
3,5,20,25,1,1,5,0
3,5,21,26,1,1,5,0
3,5,22,27,1,1,5,0
3,5,23,28,1,1,5,0
3,5,24,29,1,1,5,0
3,5,25,30,1,1,5,0
3,5,26,31,1,1,5,0
3,5,27,32,1,1,5,0
3,5,28,33,1,1,5,0
3,5,29,34,1,1,5,0
3,5,30,35,1,1,5,0
3,5,31,36,1,1,5,0
3,5,32,37,1,1,5,0
3,5,33,38,1,1,5,0
3,5,34,39,1,1,5,0
3,5,35,40,1,1,5,0
3,5,36,41,1,1,5,0
3,5,37,42,1,1,5,0
3,5,38,43,1,1,5,0
3,5,39,44,1,1,5,0
3,5,40,45,1,1,5,0
3,5,41,46,1,1,5,0
3,5,42,47,1,1,5,0
3,5,43,48,1,1,5,0
3,5,44,49,1,1,5,0
3,5,45,50,1,1,5,0
5,2,0,2,1,1,2,0
5,2,1,3,1,1,2,0
5,2,2,4,1,1,2,0
5,2,3,5,1,1,2,0
5,2,4,6,1,1,2,0
5,2,5,7,1,1,2,0
5,2,6,8,1,1,2,0
5,2,7,9,1,1,2,0
5,2,8,10,1,1,2,0
5,2,9,11,1,1,2,0
5,2,10,12,1,1,2,0
5,2,11,13,1,1,2,0
5,2,12,14,1,1,2,0
5,2,13,15,1,1,2,0
5,2,14,16,1,1,2,0
5,2,15,17,1,1,2,0
5,2,16,18,1,1,2,0
5,2,17,19,1,1,2,0
5,2,18,20,1,1,2,0
5,2,19,21,1,1,2,0
5,2,20,22,1,1,2,0
5,2,21,23,1,1,2,0
5,2,22,24,1,1,2,0
5,2,23,25,1,1,2,0
5,2,24,26,1,1,2,0
5,2,25,27,1,1,2,0
5,2,26,28,1,1,2,0
5,2,27,29,1,1,2,0
5,2,28,30,1,1,2,0
5,2,29,31,1,1,2,0
5,2,30,32,1,1,2,0
5,2,31,33,1,1,2,0
5,2,32,34,1,1,2,0
5,2,33,35,1,1,2,0
5,2,34,36,1,1,2,0
5,2,35,37,1,1,2,0
5,2,36,38,1,1,2,0
5,2,37,39,1,1,2,0
5,2,38,40,1,1,2,0
5,2,39,41,1,1,2,0
5,2,40,42,1,1,2,0
5,2,41,43,1,1,2,0
5,2,42,44,1,1,2,0
5,2,43,45,1,1,2,0
5,2,44,46,1,1,2,0
5,2,45,47,1,1,2,0
5,2,46,48,1,1,2,0
5,2,47,49,1,1,2,0
5,2,48,50,1,1,2,0
14,5,0,6,1,1,6,0
14,5,1,7,1,1,6,0
14,5,2,8,1,1,6,0
14,5,3,9,1,1,6,0
14,5,4,10,1,1,6,0
14,5,5,11,1,1,6,0
14,5,6,12,1,1,6,0
14,5,7,13,1,1,6,0
14,5,8,14,1,1,6,0
14,5,9,15,1,1,6,0
14,5,10,16,1,1,6,0
14,5,11,17,1,1,6,0
14,5,12,18,1,1,6,0
14,5,13,19,1,1,6,0
14,5,14,20,1,1,6,0
14,5,15,21,1,1,6,0
14,5,16,22,1,1,6,0
14,5,17,23,1,1,6,0
14,5,18,24,1,1,6,0
14,5,19,25,1,1,6,0
14,5,20,26,1,1,6,0
14,5,21,27,1,1,6,0
14,5,22,28,1,1,6,0
14,5,23,29,1,1,6,0
14,5,24,30,1,1,6,0
14,5,25,31,1,1,6,0
14,5,26,32,1,1,6,0
14,5,27,33,1,1,6,0
14,5,28,34,1,1,6,0
14,5,29,35,1,1,6,0
14,5,30,36,1,1,6,0
14,5,31,37,1,1,6,0
14,5,32,38,1,1,6,0
14,5,33,39,1,1,6,0
14,5,34,40,1,1,6,0
14,5,35,41,1,1,6,0
14,5,36,42,1,1,6,0
14,5,37,43,1,1,6,0
14,5,38,44,1,1,6,0
14,5,39,45,1,1,6,0
14,5,40,46,1,1,6,0
14,5,41,47,1,1,6,0
14,5,42,48,1,1,6,0
14,5,43,49,1,1,6,0
14,5,44,50,1,1,6,0
9,0,0,8,1,1,8,0
9,0,1,9,1,1,8,0
9,0,2,10,1,1,8,0
9,0,3,11,1,1,8,0
9,0,4,12,1,1,8,0
9,0,5,13,1,1,8,0
9,0,6,14,1,1,8,0
9,0,7,15,1,1,8,0
9,0,8,16,1,1,8,0
9,0,9,17,1,1,8,0
9,0,10,18,1,1,8,0
9,0,11,19,1,1,8,0
9,0,12,20,1,1,8,0
9,0,13,21,1,1,8,0
9,0,14,22,1,1,8,0
9,0,15,23,1,1,8,0
9,0,16,24,1,1,8,0
9,0,17,25,1,1,8,0
9,0,18,26,1,1,8,0
9,0,19,27,1,1,8,0
9,0,20,28,1,1,8,0
9,0,21,29,1,1,8,0
9,0,22,30,1,1,8,0
9,0,23,31,1,1,8,0
9,0,24,32,1,1,8,0
9,0,25,33,1,1,8,0
9,0,26,34,1,1,8,0
9,0,27,35,1,1,8,0
9,0,28,36,1,1,8,0
9,0,29,37,1,1,8,0
9,0,30,38,1,1,8,0
9,0,31,39,1,1,8,0
9,0,32,40,1,1,8,0
9,0,33,41,1,1,8,0
9,0,34,42,1,1,8,0
9,0,35,43,1,1,8,0
9,0,36,44,1,1,8,0
9,0,37,45,1,1,8,0
9,0,38,46,1,1,8,0
9,0,39,47,1,1,8,0
9,0,40,48,1,1,8,0
9,0,41,49,1,1,8,0
9,0,42,50,1,1,8,0
3,14,0,4,1,1,4,0
3,14,1,5,1,1,4,0
3,14,2,6,1,1,4,0
3,14,3,7,1,1,4,0
3,14,4,8,1,1,4,0
3,14,5,9,1,1,4,0
3,14,6,10,1,1,4,0
3,14,7,11,1,1,4,0
3,14,8,12,1,1,4,0
3,14,9,13,1,1,4,0
3,14,10,14,1,1,4,0
3,14,11,15,1,1,4,0
3,14,12,16,1,1,4,0
3,14,13,17,1,1,4,0
3,14,14,18,1,1,4,0
3,14,15,19,1,1,4,0
3,14,16,20,1,1,4,0
3,14,17,21,1,1,4,0
3,14,18,22,1,1,4,0
3,14,19,23,1,1,4,0
3,14,20,24,1,1,4,0
3,14,21,25,1,1,4,0
3,14,22,26,1,1,4,0
3,14,23,27,1,1,4,0
3,14,24,28,1,1,4,0
3,14,25,29,1,1,4,0
3,14,26,30,1,1,4,0
3,14,27,31,1,1,4,0
3,14,28,32,1,1,4,0
3,14,29,33,1,1,4,0
3,14,30,34,1,1,4,0
3,14,31,35,1,1,4,0
3,14,32,36,1,1,4,0
3,14,33,37,1,1,4,0
3,14,34,38,1,1,4,0
3,14,35,39,1,1,4,0
3,14,36,40,1,1,4,0
3,14,37,41,1,1,4,0
3,14,38,42,1,1,4,0
3,14,39,43,1,1,4,0
3,14,40,44,1,1,4,0
3,14,41,45,1,1,4,0
3,14,42,46,1,1,4,0
3,14,43,47,1,1,4,0
3,14,44,48,1,1,4,0
3,14,45,49,1,1,4,0
3,14,46,50,1,1,4,0
5,11,0,1,1,1,1,0
5,11,1,2,1,1,1,0
5,11,2,3,1,1,1,0
5,11,3,4,1,1,1,0
5,11,4,5,1,1,1,0
5,11,5,6,1,1,1,0
5,11,6,7,1,1,1,0
5,11,7,8,1,1,1,0
5,11,8,9,1,1,1,0
5,11,9,10,1,1,1,0
5,11,10,11,1,1,1,0
5,11,11,12,1,1,1,0
5,11,12,13,1,1,1,0
5,11,13,14,1,1,1,0
5,11,14,15,1,1,1,0
5,11,15,16,1,1,1,0
5,11,16,17,1,1,1,0
5,11,17,18,1,1,1,0
5,11,18,19,1,1,1,0
5,11,19,20,1,1,1,0
5,11,20,21,1,1,1,0
5,11,21,22,1,1,1,0
5,11,22,23,1,1,1,0
5,11,23,24,1,1,1,0
5,11,24,25,1,1,1,0
5,11,25,26,1,1,1,0
5,11,26,27,1,1,1,0
5,11,27,28,1,1,1,0
5,11,28,29,1,1,1,0
5,11,29,30,1,1,1,0
5,11,30,31,1,1,1,0
5,11,31,32,1,1,1,0
5,11,32,33,1,1,1,0
5,11,33,34,1,1,1,0
5,11,34,35,1,1,1,0
5,11,35,36,1,1,1,0
5,11,36,37,1,1,1,0
5,11,37,38,1,1,1,0
5,11,38,39,1,1,1,0
5,11,39,40,1,1,1,0
5,11,40,41,1,1,1,0
5,11,41,42,1,1,1,0
5,11,42,43,1,1,1,0
5,11,43,44,1,1,1,0
5,11,44,45,1,1,1,0
5,11,45,46,1,1,1,0
5,11,46,47,1,1,1,0
5,11,47,48,1,1,1,0
5,11,48,49,1,1,1,0
5,11,49,50,1,1,1,0
4,13,0,5,1,1,5,0
4,13,1,6,1,1,5,0
4,13,2,7,1,1,5,0
4,13,3,8,1,1,5,0
4,13,4,9,1,1,5,0
4,13,5,10,1,1,5,0
4,13,6,11,1,1,5,0
4,13,7,12,1,1,5,0
4,13,8,13,1,1,5,0
4,13,9,14,1,1,5,0
4,13,10,15,1,1,5,0
4,13,11,16,1,1,5,0
4,13,12,17,1,1,5,0
4,13,13,18,1,1,5,0
4,13,14,19,1,1,5,0
4,13,15,20,1,1,5,0
4,13,16,21,1,1,5,0
4,13,17,22,1,1,5,0
4,13,18,23,1,1,5,0
4,13,19,24,1,1,5,0
4,13,20,25,1,1,5,0
4,13,21,26,1,1,5,0
4,13,22,27,1,1,5,0
4,13,23,28,1,1,5,0
4,13,24,29,1,1,5,0
4,13,25,30,1,1,5,0
4,13,26,31,1,1,5,0
4,13,27,32,1,1,5,0
4,13,28,33,1,1,5,0
4,13,29,34,1,1,5,0
4,13,30,35,1,1,5,0
4,13,31,36,1,1,5,0
4,13,32,37,1,1,5,0
4,13,33,38,1,1,5,0
4,13,34,39,1,1,5,0
4,13,35,40,1,1,5,0
4,13,36,41,1,1,5,0
4,13,37,42,1,1,5,0
4,13,38,43,1,1,5,0
4,13,39,44,1,1,5,0
4,13,40,45,1,1,5,0
4,13,41,46,1,1,5,0
4,13,42,47,1,1,5,0
4,13,43,48,1,1,5,0
4,13,44,49,1,1,5,0
4,13,45,50,1,1,5,0
10,1,0,1,1,1,1,0
10,1,1,2,1,1,1,0
10,1,2,3,1,1,1,0
10,1,3,4,1,1,1,0
10,1,4,5,1,1,1,0
10,1,5,6,1,1,1,0
10,1,6,7,1,1,1,0
10,1,7,8,1,1,1,0
10,1,8,9,1,1,1,0
10,1,9,10,1,1,1,0
10,1,10,11,1,1,1,0
10,1,11,12,1,1,1,0
10,1,12,13,1,1,1,0
10,1,13,14,1,1,1,0
10,1,14,15,1,1,1,0
10,1,15,16,1,1,1,0
10,1,16,17,1,1,1,0
10,1,17,18,1,1,1,0
10,1,18,19,1,1,1,0
10,1,19,20,1,1,1,0
10,1,20,21,1,1,1,0
10,1,21,22,1,1,1,0
10,1,22,23,1,1,1,0
10,1,23,24,1,1,1,0
10,1,24,25,1,1,1,0
10,1,25,26,1,1,1,0
10,1,26,27,1,1,1,0
10,1,27,28,1,1,1,0
10,1,28,29,1,1,1,0
10,1,29,30,1,1,1,0
10,1,30,31,1,1,1,0
10,1,31,32,1,1,1,0
10,1,32,33,1,1,1,0
10,1,33,34,1,1,1,0
10,1,34,35,1,1,1,0
10,1,35,36,1,1,1,0
10,1,36,37,1,1,1,0
10,1,37,38,1,1,1,0
10,1,38,39,1,1,1,0
10,1,39,40,1,1,1,0
10,1,40,41,1,1,1,0
10,1,41,42,1,1,1,0
10,1,42,43,1,1,1,0
10,1,43,44,1,1,1,0
10,1,44,45,1,1,1,0
10,1,45,46,1,1,1,0
10,1,46,47,1,1,1,0
10,1,47,48,1,1,1,0
10,1,48,49,1,1,1,0
10,1,49,50,1,1,1,0
13,0,0,4,1,1,4,0
13,0,1,5,1,1,4,0
13,0,2,6,1,1,4,0
13,0,3,7,1,1,4,0
13,0,4,8,1,1,4,0
13,0,5,9,1,1,4,0
13,0,6,10,1,1,4,0
13,0,7,11,1,1,4,0
13,0,8,12,1,1,4,0
13,0,9,13,1,1,4,0
13,0,10,14,1,1,4,0
13,0,11,15,1,1,4,0
13,0,12,16,1,1,4,0
13,0,13,17,1,1,4,0
13,0,14,18,1,1,4,0
13,0,15,19,1,1,4,0
13,0,16,20,1,1,4,0
13,0,17,21,1,1,4,0
13,0,18,22,1,1,4,0
13,0,19,23,1,1,4,0
13,0,20,24,1,1,4,0
13,0,21,25,1,1,4,0
13,0,22,26,1,1,4,0
13,0,23,27,1,1,4,0
13,0,24,28,1,1,4,0
13,0,25,29,1,1,4,0
13,0,26,30,1,1,4,0
13,0,27,31,1,1,4,0
13,0,28,32,1,1,4,0
13,0,29,33,1,1,4,0
13,0,30,34,1,1,4,0
13,0,31,35,1,1,4,0
13,0,32,36,1,1,4,0
13,0,33,37,1,1,4,0
13,0,34,38,1,1,4,0
13,0,35,39,1,1,4,0
13,0,36,40,1,1,4,0
13,0,37,41,1,1,4,0
13,0,38,42,1,1,4,0
13,0,39,43,1,1,4,0
13,0,40,44,1,1,4,0
13,0,41,45,1,1,4,0
13,0,42,46,1,1,4,0
13,0,43,47,1,1,4,0
13,0,44,48,1,1,4,0
13,0,45,49,1,1,4,0
13,0,46,50,1,1,4,0
8,13,0,4,1,1,4,0
8,13,1,5,1,1,4,0
8,13,2,6,1,1,4,0
8,13,3,7,1,1,4,0
8,13,4,8,1,1,4,0
8,13,5,9,1,1,4,0
8,13,6,10,1,1,4,0
8,13,7,11,1,1,4,0
8,13,8,12,1,1,4,0
8,13,9,13,1,1,4,0
8,13,10,14,1,1,4,0
8,13,11,15,1,1,4,0
8,13,12,16,1,1,4,0
8,13,13,17,1,1,4,0
8,13,14,18,1,1,4,0
8,13,15,19,1,1,4,0
8,13,16,20,1,1,4,0
8,13,17,21,1,1,4,0
8,13,18,22,1,1,4,0
8,13,19,23,1,1,4,0
8,13,20,24,1,1,4,0
8,13,21,25,1,1,4,0
8,13,22,26,1,1,4,0
8,13,23,27,1,1,4,0
8,13,24,28,1,1,4,0
8,13,25,29,1,1,4,0
8,13,26,30,1,1,4,0
8,13,27,31,1,1,4,0
8,13,28,32,1,1,4,0
8,13,29,33,1,1,4,0
8,13,30,34,1,1,4,0
8,13,31,35,1,1,4,0
8,13,32,36,1,1,4,0
8,13,33,37,1,1,4,0
8,13,34,38,1,1,4,0
8,13,35,39,1,1,4,0
8,13,36,40,1,1,4,0
8,13,37,41,1,1,4,0
8,13,38,42,1,1,4,0
8,13,39,43,1,1,4,0
8,13,40,44,1,1,4,0
8,13,41,45,1,1,4,0
8,13,42,46,1,1,4,0
8,13,43,47,1,1,4,0
8,13,44,48,1,1,4,0
8,13,45,49,1,1,4,0
8,13,46,50,1,1,4,0
1,7,0,2,1,1,2,0
1,7,1,3,1,1,2,0
1,7,2,4,1,1,2,0
1,7,3,5,1,1,2,0
1,7,4,6,1,1,2,0
1,7,5,7,1,1,2,0
1,7,6,8,1,1,2,0
1,7,7,9,1,1,2,0
1,7,8,10,1,1,2,0
1,7,9,11,1,1,2,0
1,7,10,12,1,1,2,0
1,7,11,13,1,1,2,0
1,7,12,14,1,1,2,0
1,7,13,15,1,1,2,0
1,7,14,16,1,1,2,0
1,7,15,17,1,1,2,0
1,7,16,18,1,1,2,0
1,7,17,19,1,1,2,0
1,7,18,20,1,1,2,0
1,7,19,21,1,1,2,0
1,7,20,22,1,1,2,0
1,7,21,23,1,1,2,0
1,7,22,24,1,1,2,0
1,7,23,25,1,1,2,0
1,7,24,26,1,1,2,0
1,7,25,27,1,1,2,0
1,7,26,28,1,1,2,0
1,7,27,29,1,1,2,0
1,7,28,30,1,1,2,0
1,7,29,31,1,1,2,0
1,7,30,32,1,1,2,0
1,7,31,33,1,1,2,0
1,7,32,34,1,1,2,0
1,7,33,35,1,1,2,0
1,7,34,36,1,1,2,0
1,7,35,37,1,1,2,0
1,7,36,38,1,1,2,0
1,7,37,39,1,1,2,0
1,7,38,40,1,1,2,0
1,7,39,41,1,1,2,0
1,7,40,42,1,1,2,0
1,7,41,43,1,1,2,0
1,7,42,44,1,1,2,0
1,7,43,45,1,1,2,0
1,7,44,46,1,1,2,0
1,7,45,47,1,1,2,0
1,7,46,48,1,1,2,0
1,7,47,49,1,1,2,0
1,7,48,50,1,1,2,0
13,9,0,4,1,1,4,0
13,9,1,5,1,1,4,0
13,9,2,6,1,1,4,0
13,9,3,7,1,1,4,0
13,9,4,8,1,1,4,0
13,9,5,9,1,1,4,0
13,9,6,10,1,1,4,0
13,9,7,11,1,1,4,0
13,9,8,12,1,1,4,0
13,9,9,13,1,1,4,0
13,9,10,14,1,1,4,0
13,9,11,15,1,1,4,0
13,9,12,16,1,1,4,0
13,9,13,17,1,1,4,0
13,9,14,18,1,1,4,0
13,9,15,19,1,1,4,0
13,9,16,20,1,1,4,0
13,9,17,21,1,1,4,0
13,9,18,22,1,1,4,0
13,9,19,23,1,1,4,0
13,9,20,24,1,1,4,0
13,9,21,25,1,1,4,0
13,9,22,26,1,1,4,0
13,9,23,27,1,1,4,0
13,9,24,28,1,1,4,0
13,9,25,29,1,1,4,0
13,9,26,30,1,1,4,0
13,9,27,31,1,1,4,0
13,9,28,32,1,1,4,0
13,9,29,33,1,1,4,0
13,9,30,34,1,1,4,0
13,9,31,35,1,1,4,0
13,9,32,36,1,1,4,0
13,9,33,37,1,1,4,0
13,9,34,38,1,1,4,0
13,9,35,39,1,1,4,0
13,9,36,40,1,1,4,0
13,9,37,41,1,1,4,0
13,9,38,42,1,1,4,0
13,9,39,43,1,1,4,0
13,9,40,44,1,1,4,0
13,9,41,45,1,1,4,0
13,9,42,46,1,1,4,0
13,9,43,47,1,1,4,0
13,9,44,48,1,1,4,0
13,9,45,49,1,1,4,0
13,9,46,50,1,1,4,0
2,6,0,5,1,1,5,0
2,6,1,6,1,1,5,0
2,6,2,7,1,1,5,0
2,6,3,8,1,1,5,0
2,6,4,9,1,1,5,0
2,6,5,10,1,1,5,0
2,6,6,11,1,1,5,0
2,6,7,12,1,1,5,0
2,6,8,13,1,1,5,0
2,6,9,14,1,1,5,0
2,6,10,15,1,1,5,0
2,6,11,16,1,1,5,0
2,6,12,17,1,1,5,0
2,6,13,18,1,1,5,0
2,6,14,19,1,1,5,0
2,6,15,20,1,1,5,0
2,6,16,21,1,1,5,0
2,6,17,22,1,1,5,0
2,6,18,23,1,1,5,0
2,6,19,24,1,1,5,0
2,6,20,25,1,1,5,0
2,6,21,26,1,1,5,0
2,6,22,27,1,1,5,0
2,6,23,28,1,1,5,0
2,6,24,29,1,1,5,0
2,6,25,30,1,1,5,0
2,6,26,31,1,1,5,0
2,6,27,32,1,1,5,0
2,6,28,33,1,1,5,0
2,6,29,34,1,1,5,0
2,6,30,35,1,1,5,0
2,6,31,36,1,1,5,0
2,6,32,37,1,1,5,0
2,6,33,38,1,1,5,0
2,6,34,39,1,1,5,0
2,6,35,40,1,1,5,0
2,6,36,41,1,1,5,0
2,6,37,42,1,1,5,0
2,6,38,43,1,1,5,0
2,6,39,44,1,1,5,0
2,6,40,45,1,1,5,0
2,6,41,46,1,1,5,0
2,6,42,47,1,1,5,0
2,6,43,48,1,1,5,0
2,6,44,49,1,1,5,0
2,6,45,50,1,1,5,0
7,2,0,3,1,1,3,0
7,2,1,4,1,1,3,0
7,2,2,5,1,1,3,0
7,2,3,6,1,1,3,0
7,2,4,7,1,1,3,0
7,2,5,8,1,1,3,0
7,2,6,9,1,1,3,0
7,2,7,10,1,1,3,0
7,2,8,11,1,1,3,0
7,2,9,12,1,1,3,0
7,2,10,13,1,1,3,0
7,2,11,14,1,1,3,0
7,2,12,15,1,1,3,0
7,2,13,16,1,1,3,0
7,2,14,17,1,1,3,0
7,2,15,18,1,1,3,0
7,2,16,19,1,1,3,0
7,2,17,20,1,1,3,0
7,2,18,21,1,1,3,0
7,2,19,22,1,1,3,0
7,2,20,23,1,1,3,0
7,2,21,24,1,1,3,0
7,2,22,25,1,1,3,0
7,2,23,26,1,1,3,0
7,2,24,27,1,1,3,0
7,2,25,28,1,1,3,0
7,2,26,29,1,1,3,0
7,2,27,30,1,1,3,0
7,2,28,31,1,1,3,0
7,2,29,32,1,1,3,0
7,2,30,33,1,1,3,0
7,2,31,34,1,1,3,0
7,2,32,35,1,1,3,0
7,2,33,36,1,1,3,0
7,2,34,37,1,1,3,0
7,2,35,38,1,1,3,0
7,2,36,39,1,1,3,0
7,2,37,40,1,1,3,0
7,2,38,41,1,1,3,0
7,2,39,42,1,1,3,0
7,2,40,43,1,1,3,0
7,2,41,44,1,1,3,0
7,2,42,45,1,1,3,0
7,2,43,46,1,1,3,0
7,2,44,47,1,1,3,0
7,2,45,48,1,1,3,0
7,2,46,49,1,1,3,0
7,2,47,50,1,1,3,0
2,15,0,6,1,1,6,0
2,15,1,7,1,1,6,0
2,15,2,8,1,1,6,0
2,15,3,9,1,1,6,0
2,15,4,10,1,1,6,0
2,15,5,11,1,1,6,0
2,15,6,12,1,1,6,0
2,15,7,13,1,1,6,0
2,15,8,14,1,1,6,0
2,15,9,15,1,1,6,0
2,15,10,16,1,1,6,0
2,15,11,17,1,1,6,0
2,15,12,18,1,1,6,0
2,15,13,19,1,1,6,0
2,15,14,20,1,1,6,0
2,15,15,21,1,1,6,0
2,15,16,22,1,1,6,0
2,15,17,23,1,1,6,0
2,15,18,24,1,1,6,0
2,15,19,25,1,1,6,0
2,15,20,26,1,1,6,0
2,15,21,27,1,1,6,0
2,15,22,28,1,1,6,0
2,15,23,29,1,1,6,0
2,15,24,30,1,1,6,0
2,15,25,31,1,1,6,0
2,15,26,32,1,1,6,0
2,15,27,33,1,1,6,0
2,15,28,34,1,1,6,0
2,15,29,35,1,1,6,0
2,15,30,36,1,1,6,0
2,15,31,37,1,1,6,0
2,15,32,38,1,1,6,0
2,15,33,39,1,1,6,0
2,15,34,40,1,1,6,0
2,15,35,41,1,1,6,0
2,15,36,42,1,1,6,0
2,15,37,43,1,1,6,0
2,15,38,44,1,1,6,0
2,15,39,45,1,1,6,0
2,15,40,46,1,1,6,0
2,15,41,47,1,1,6,0
2,15,42,48,1,1,6,0
2,15,43,49,1,1,6,0
2,15,44,50,1,1,6,0
7,11,0,4,1,1,4,0
7,11,1,5,1,1,4,0
7,11,2,6,1,1,4,0
7,11,3,7,1,1,4,0
7,11,4,8,1,1,4,0
7,11,5,9,1,1,4,0
7,11,6,10,1,1,4,0
7,11,7,11,1,1,4,0
7,11,8,12,1,1,4,0
7,11,9,13,1,1,4,0
7,11,10,14,1,1,4,0
7,11,11,15,1,1,4,0
7,11,12,16,1,1,4,0
7,11,13,17,1,1,4,0
7,11,14,18,1,1,4,0
7,11,15,19,1,1,4,0
7,11,16,20,1,1,4,0
7,11,17,21,1,1,4,0
7,11,18,22,1,1,4,0
7,11,19,23,1,1,4,0
7,11,20,24,1,1,4,0
7,11,21,25,1,1,4,0
7,11,22,26,1,1,4,0
7,11,23,27,1,1,4,0
7,11,24,28,1,1,4,0
7,11,25,29,1,1,4,0
7,11,26,30,1,1,4,0
7,11,27,31,1,1,4,0
7,11,28,32,1,1,4,0
7,11,29,33,1,1,4,0
7,11,30,34,1,1,4,0
7,11,31,35,1,1,4,0
7,11,32,36,1,1,4,0
7,11,33,37,1,1,4,0
7,11,34,38,1,1,4,0
7,11,35,39,1,1,4,0
7,11,36,40,1,1,4,0
7,11,37,41,1,1,4,0
7,11,38,42,1,1,4,0
7,11,39,43,1,1,4,0
7,11,40,44,1,1,4,0
7,11,41,45,1,1,4,0
7,11,42,46,1,1,4,0
7,11,43,47,1,1,4,0
7,11,44,48,1,1,4,0
7,11,45,49,1,1,4,0
7,11,46,50,1,1,4,0
12,1,0,2,1,1,2,0
12,1,1,3,1,1,2,0
12,1,2,4,1,1,2,0
12,1,3,5,1,1,2,0
12,1,4,6,1,1,2,0
12,1,5,7,1,1,2,0
12,1,6,8,1,1,2,0
12,1,7,9,1,1,2,0
12,1,8,10,1,1,2,0
12,1,9,11,1,1,2,0
12,1,10,12,1,1,2,0
12,1,11,13,1,1,2,0
12,1,12,14,1,1,2,0
12,1,13,15,1,1,2,0
12,1,14,16,1,1,2,0
12,1,15,17,1,1,2,0
12,1,16,18,1,1,2,0
12,1,17,19,1,1,2,0
12,1,18,20,1,1,2,0
12,1,19,21,1,1,2,0
12,1,20,22,1,1,2,0
12,1,21,23,1,1,2,0
12,1,22,24,1,1,2,0
12,1,23,25,1,1,2,0
12,1,24,26,1,1,2,0
12,1,25,27,1,1,2,0
12,1,26,28,1,1,2,0
12,1,27,29,1,1,2,0
12,1,28,30,1,1,2,0
12,1,29,31,1,1,2,0
12,1,30,32,1,1,2,0
12,1,31,33,1,1,2,0
12,1,32,34,1,1,2,0
12,1,33,35,1,1,2,0
12,1,34,36,1,1,2,0
12,1,35,37,1,1,2,0
12,1,36,38,1,1,2,0
12,1,37,39,1,1,2,0
12,1,38,40,1,1,2,0
12,1,39,41,1,1,2,0
12,1,40,42,1,1,2,0
12,1,41,43,1,1,2,0
12,1,42,44,1,1,2,0
12,1,43,45,1,1,2,0
12,1,44,46,1,1,2,0
12,1,45,47,1,1,2,0
12,1,46,48,1,1,2,0
12,1,47,49,1,1,2,0
12,1,48,50,1,1,2,0
6,15,0,2,1,1,2,0
6,15,1,3,1,1,2,0
6,15,2,4,1,1,2,0
6,15,3,5,1,1,2,0
6,15,4,6,1,1,2,0
6,15,5,7,1,1,2,0
6,15,6,8,1,1,2,0
6,15,7,9,1,1,2,0
6,15,8,10,1,1,2,0
6,15,9,11,1,1,2,0
6,15,10,12,1,1,2,0
6,15,11,13,1,1,2,0
6,15,12,14,1,1,2,0
6,15,13,15,1,1,2,0
6,15,14,16,1,1,2,0
6,15,15,17,1,1,2,0
6,15,16,18,1,1,2,0
6,15,17,19,1,1,2,0
6,15,18,20,1,1,2,0
6,15,19,21,1,1,2,0
6,15,20,22,1,1,2,0
6,15,21,23,1,1,2,0
6,15,22,24,1,1,2,0
6,15,23,25,1,1,2,0
6,15,24,26,1,1,2,0
6,15,25,27,1,1,2,0
6,15,26,28,1,1,2,0
6,15,27,29,1,1,2,0
6,15,28,30,1,1,2,0
6,15,29,31,1,1,2,0
6,15,30,32,1,1,2,0
6,15,31,33,1,1,2,0
6,15,32,34,1,1,2,0
6,15,33,35,1,1,2,0
6,15,34,36,1,1,2,0
6,15,35,37,1,1,2,0
6,15,36,38,1,1,2,0
6,15,37,39,1,1,2,0
6,15,38,40,1,1,2,0
6,15,39,41,1,1,2,0
6,15,40,42,1,1,2,0
6,15,41,43,1,1,2,0
6,15,42,44,1,1,2,0
6,15,43,45,1,1,2,0
6,15,44,46,1,1,2,0
6,15,45,47,1,1,2,0
6,15,46,48,1,1,2,0
6,15,47,49,1,1,2,0
6,15,48,50,1,1,2,0
12,10,0,3,1,1,3,0
12,10,1,4,1,1,3,0
12,10,2,5,1,1,3,0
12,10,3,6,1,1,3,0
12,10,4,7,1,1,3,0
12,10,5,8,1,1,3,0
12,10,6,9,1,1,3,0
12,10,7,10,1,1,3,0
12,10,8,11,1,1,3,0
12,10,9,12,1,1,3,0
12,10,10,13,1,1,3,0
12,10,11,14,1,1,3,0
12,10,12,15,1,1,3,0
12,10,13,16,1,1,3,0
12,10,14,17,1,1,3,0
12,10,15,18,1,1,3,0
12,10,16,19,1,1,3,0
12,10,17,20,1,1,3,0
12,10,18,21,1,1,3,0
12,10,19,22,1,1,3,0
12,10,20,23,1,1,3,0
12,10,21,24,1,1,3,0
12,10,22,25,1,1,3,0
12,10,23,26,1,1,3,0
12,10,24,27,1,1,3,0
12,10,25,28,1,1,3,0
12,10,26,29,1,1,3,0
12,10,27,30,1,1,3,0
12,10,28,31,1,1,3,0
12,10,29,32,1,1,3,0
12,10,30,33,1,1,3,0
12,10,31,34,1,1,3,0
12,10,32,35,1,1,3,0
12,10,33,36,1,1,3,0
12,10,34,37,1,1,3,0
12,10,35,38,1,1,3,0
12,10,36,39,1,1,3,0
12,10,37,40,1,1,3,0
12,10,38,41,1,1,3,0
12,10,39,42,1,1,3,0
12,10,40,43,1,1,3,0
12,10,41,44,1,1,3,0
12,10,42,45,1,1,3,0
12,10,43,46,1,1,3,0
12,10,44,47,1,1,3,0
12,10,45,48,1,1,3,0
12,10,46,49,1,1,3,0
12,10,47,50,1,1,3,0
3,7,0,5,1,1,5,0
3,7,1,6,1,1,5,0
3,7,2,7,1,1,5,0
3,7,3,8,1,1,5,0
3,7,4,9,1,1,5,0
3,7,5,10,1,1,5,0
3,7,6,11,1,1,5,0
3,7,7,12,1,1,5,0
3,7,8,13,1,1,5,0
3,7,9,14,1,1,5,0
3,7,10,15,1,1,5,0
3,7,11,16,1,1,5,0
3,7,12,17,1,1,5,0
3,7,13,18,1,1,5,0
3,7,14,19,1,1,5,0
3,7,15,20,1,1,5,0
3,7,16,21,1,1,5,0
3,7,17,22,1,1,5,0
3,7,18,23,1,1,5,0
3,7,19,24,1,1,5,0
3,7,20,25,1,1,5,0
3,7,21,26,1,1,5,0
3,7,22,27,1,1,5,0
3,7,23,28,1,1,5,0
3,7,24,29,1,1,5,0
3,7,25,30,1,1,5,0
3,7,26,31,1,1,5,0
3,7,27,32,1,1,5,0
3,7,28,33,1,1,5,0
3,7,29,34,1,1,5,0
3,7,30,35,1,1,5,0
3,7,31,36,1,1,5,0
3,7,32,37,1,1,5,0
3,7,33,38,1,1,5,0
3,7,34,39,1,1,5,0
3,7,35,40,1,1,5,0
3,7,36,41,1,1,5,0
3,7,37,42,1,1,5,0
3,7,38,43,1,1,5,0
3,7,39,44,1,1,5,0
3,7,40,45,1,1,5,0
3,7,41,46,1,1,5,0
3,7,42,47,1,1,5,0
3,7,43,48,1,1,5,0
3,7,44,49,1,1,5,0
3,7,45,50,1,1,5,0
5,4,0,3,1,1,3,0
5,4,1,4,1,1,3,0
5,4,2,5,1,1,3,0
5,4,3,6,1,1,3,0
5,4,4,7,1,1,3,0
5,4,5,8,1,1,3,0
5,4,6,9,1,1,3,0
5,4,7,10,1,1,3,0
5,4,8,11,1,1,3,0
5,4,9,12,1,1,3,0
5,4,10,13,1,1,3,0
5,4,11,14,1,1,3,0
5,4,12,15,1,1,3,0
5,4,13,16,1,1,3,0
5,4,14,17,1,1,3,0
5,4,15,18,1,1,3,0
5,4,16,19,1,1,3,0
5,4,17,20,1,1,3,0
5,4,18,21,1,1,3,0
5,4,19,22,1,1,3,0
5,4,20,23,1,1,3,0
5,4,21,24,1,1,3,0
5,4,22,25,1,1,3,0
5,4,23,26,1,1,3,0
5,4,24,27,1,1,3,0
5,4,25,28,1,1,3,0
5,4,26,29,1,1,3,0
5,4,27,30,1,1,3,0
5,4,28,31,1,1,3,0
5,4,29,32,1,1,3,0
5,4,30,33,1,1,3,0
5,4,31,34,1,1,3,0
5,4,32,35,1,1,3,0
5,4,33,36,1,1,3,0
5,4,34,37,1,1,3,0
5,4,35,38,1,1,3,0
5,4,36,39,1,1,3,0
5,4,37,40,1,1,3,0
5,4,38,41,1,1,3,0
5,4,39,42,1,1,3,0
5,4,40,43,1,1,3,0
5,4,41,44,1,1,3,0
5,4,42,45,1,1,3,0
5,4,43,46,1,1,3,0
5,4,44,47,1,1,3,0
5,4,45,48,1,1,3,0
5,4,46,49,1,1,3,0
5,4,47,50,1,1,3,0
4,6,0,3,1,1,3,0
4,6,1,4,1,1,3,0
4,6,2,5,1,1,3,0
4,6,3,6,1,1,3,0
4,6,4,7,1,1,3,0
4,6,5,8,1,1,3,0
4,6,6,9,1,1,3,0
4,6,7,10,1,1,3,0
4,6,8,11,1,1,3,0
4,6,9,12,1,1,3,0
4,6,10,13,1,1,3,0
4,6,11,14,1,1,3,0
4,6,12,15,1,1,3,0
4,6,13,16,1,1,3,0
4,6,14,17,1,1,3,0
4,6,15,18,1,1,3,0
4,6,16,19,1,1,3,0
4,6,17,20,1,1,3,0
4,6,18,21,1,1,3,0
4,6,19,22,1,1,3,0
4,6,20,23,1,1,3,0
4,6,21,24,1,1,3,0
4,6,22,25,1,1,3,0
4,6,23,26,1,1,3,0
4,6,24,27,1,1,3,0
4,6,25,28,1,1,3,0
4,6,26,29,1,1,3,0
4,6,27,30,1,1,3,0
4,6,28,31,1,1,3,0
4,6,29,32,1,1,3,0
4,6,30,33,1,1,3,0
4,6,31,34,1,1,3,0
4,6,32,35,1,1,3,0
4,6,33,36,1,1,3,0
4,6,34,37,1,1,3,0
4,6,35,38,1,1,3,0
4,6,36,39,1,1,3,0
4,6,37,40,1,1,3,0
4,6,38,41,1,1,3,0
4,6,39,42,1,1,3,0
4,6,40,43,1,1,3,0
4,6,41,44,1,1,3,0
4,6,42,45,1,1,3,0
4,6,43,46,1,1,3,0
4,6,44,47,1,1,3,0
4,6,45,48,1,1,3,0
4,6,46,49,1,1,3,0
4,6,47,50,1,1,3,0
14,7,0,3,1,1,3,0
14,7,1,4,1,1,3,0
14,7,2,5,1,1,3,0
14,7,3,6,1,1,3,0
14,7,4,7,1,1,3,0
14,7,5,8,1,1,3,0
14,7,6,9,1,1,3,0
14,7,7,10,1,1,3,0
14,7,8,11,1,1,3,0
14,7,9,12,1,1,3,0
14,7,10,13,1,1,3,0
14,7,11,14,1,1,3,0
14,7,12,15,1,1,3,0
14,7,13,16,1,1,3,0
14,7,14,17,1,1,3,0
14,7,15,18,1,1,3,0
14,7,16,19,1,1,3,0
14,7,17,20,1,1,3,0
14,7,18,21,1,1,3,0
14,7,19,22,1,1,3,0
14,7,20,23,1,1,3,0
14,7,21,24,1,1,3,0
14,7,22,25,1,1,3,0
14,7,23,26,1,1,3,0
14,7,24,27,1,1,3,0
14,7,25,28,1,1,3,0
14,7,26,29,1,1,3,0
14,7,27,30,1,1,3,0
14,7,28,31,1,1,3,0
14,7,29,32,1,1,3,0
14,7,30,33,1,1,3,0
14,7,31,34,1,1,3,0
14,7,32,35,1,1,3,0
14,7,33,36,1,1,3,0
14,7,34,37,1,1,3,0
14,7,35,38,1,1,3,0
14,7,36,39,1,1,3,0
14,7,37,40,1,1,3,0
14,7,38,41,1,1,3,0
14,7,39,42,1,1,3,0
14,7,40,43,1,1,3,0
14,7,41,44,1,1,3,0
14,7,42,45,1,1,3,0
14,7,43,46,1,1,3,0
14,7,44,47,1,1,3,0
14,7,45,48,1,1,3,0
14,7,46,49,1,1,3,0
14,7,47,50,1,1,3,0
9,2,0,2,1,1,2,0
9,2,1,3,1,1,2,0
9,2,2,4,1,1,2,0
9,2,3,5,1,1,2,0
9,2,4,6,1,1,2,0
9,2,5,7,1,1,2,0
9,2,6,8,1,1,2,0
9,2,7,9,1,1,2,0
9,2,8,10,1,1,2,0
9,2,9,11,1,1,2,0
9,2,10,12,1,1,2,0
9,2,11,13,1,1,2,0
9,2,12,14,1,1,2,0
9,2,13,15,1,1,2,0
9,2,14,16,1,1,2,0
9,2,15,17,1,1,2,0
9,2,16,18,1,1,2,0
9,2,17,19,1,1,2,0
9,2,18,20,1,1,2,0
9,2,19,21,1,1,2,0
9,2,20,22,1,1,2,0
9,2,21,23,1,1,2,0
9,2,22,24,1,1,2,0
9,2,23,25,1,1,2,0
9,2,24,26,1,1,2,0
9,2,25,27,1,1,2,0
9,2,26,28,1,1,2,0
9,2,27,29,1,1,2,0
9,2,28,30,1,1,2,0
9,2,29,31,1,1,2,0
9,2,30,32,1,1,2,0
9,2,31,33,1,1,2,0
9,2,32,34,1,1,2,0
9,2,33,35,1,1,2,0
9,2,34,36,1,1,2,0
9,2,35,37,1,1,2,0
9,2,36,38,1,1,2,0
9,2,37,39,1,1,2,0
9,2,38,40,1,1,2,0
9,2,39,41,1,1,2,0
9,2,40,42,1,1,2,0
9,2,41,43,1,1,2,0
9,2,42,44,1,1,2,0
9,2,43,45,1,1,2,0
9,2,44,46,1,1,2,0
9,2,45,47,1,1,2,0
9,2,46,48,1,1,2,0
9,2,47,49,1,1,2,0
9,2,48,50,1,1,2,0
5,13,0,2,1,1,2,0
5,13,1,3,1,1,2,0
5,13,2,4,1,1,2,0
5,13,3,5,1,1,2,0
5,13,4,6,1,1,2,0
5,13,5,7,1,1,2,0
5,13,6,8,1,1,2,0
5,13,7,9,1,1,2,0
5,13,8,10,1,1,2,0
5,13,9,11,1,1,2,0
5,13,10,12,1,1,2,0
5,13,11,13,1,1,2,0
5,13,12,14,1,1,2,0
5,13,13,15,1,1,2,0
5,13,14,16,1,1,2,0
5,13,15,17,1,1,2,0
5,13,16,18,1,1,2,0
5,13,17,19,1,1,2,0
5,13,18,20,1,1,2,0
5,13,19,21,1,1,2,0
5,13,20,22,1,1,2,0
5,13,21,23,1,1,2,0
5,13,22,24,1,1,2,0
5,13,23,25,1,1,2,0
5,13,24,26,1,1,2,0
5,13,25,27,1,1,2,0
5,13,26,28,1,1,2,0
5,13,27,29,1,1,2,0
5,13,28,30,1,1,2,0
5,13,29,31,1,1,2,0
5,13,30,32,1,1,2,0
5,13,31,33,1,1,2,0
5,13,32,34,1,1,2,0
5,13,33,35,1,1,2,0
5,13,34,36,1,1,2,0
5,13,35,37,1,1,2,0
5,13,36,38,1,1,2,0
5,13,37,39,1,1,2,0
5,13,38,40,1,1,2,0
5,13,39,41,1,1,2,0
5,13,40,42,1,1,2,0
5,13,41,43,1,1,2,0
5,13,42,44,1,1,2,0
5,13,43,45,1,1,2,0
5,13,44,46,1,1,2,0
5,13,45,47,1,1,2,0
5,13,46,48,1,1,2,0
5,13,47,49,1,1,2,0
5,13,48,50,1,1,2,0
4,15,0,5,1,1,5,0
4,15,1,6,1,1,5,0
4,15,2,7,1,1,5,0
4,15,3,8,1,1,5,0
4,15,4,9,1,1,5,0
4,15,5,10,1,1,5,0
4,15,6,11,1,1,5,0
4,15,7,12,1,1,5,0
4,15,8,13,1,1,5,0
4,15,9,14,1,1,5,0
4,15,10,15,1,1,5,0
4,15,11,16,1,1,5,0
4,15,12,17,1,1,5,0
4,15,13,18,1,1,5,0
4,15,14,19,1,1,5,0
4,15,15,20,1,1,5,0
4,15,16,21,1,1,5,0
4,15,17,22,1,1,5,0
4,15,18,23,1,1,5,0
4,15,19,24,1,1,5,0
4,15,20,25,1,1,5,0
4,15,21,26,1,1,5,0
4,15,22,27,1,1,5,0
4,15,23,28,1,1,5,0
4,15,24,29,1,1,5,0
4,15,25,30,1,1,5,0
4,15,26,31,1,1,5,0
4,15,27,32,1,1,5,0
4,15,28,33,1,1,5,0
4,15,29,34,1,1,5,0
4,15,30,35,1,1,5,0
4,15,31,36,1,1,5,0
4,15,32,37,1,1,5,0
4,15,33,38,1,1,5,0
4,15,34,39,1,1,5,0
4,15,35,40,1,1,5,0
4,15,36,41,1,1,5,0
4,15,37,42,1,1,5,0
4,15,38,43,1,1,5,0
4,15,39,44,1,1,5,0
4,15,40,45,1,1,5,0
4,15,41,46,1,1,5,0
4,15,42,47,1,1,5,0
4,15,43,48,1,1,5,0
4,15,44,49,1,1,5,0
4,15,45,50,1,1,5,0
8,6,0,3,1,1,3,0
8,6,1,4,1,1,3,0
8,6,2,5,1,1,3,0
8,6,3,6,1,1,3,0
8,6,4,7,1,1,3,0
8,6,5,8,1,1,3,0
8,6,6,9,1,1,3,0
8,6,7,10,1,1,3,0
8,6,8,11,1,1,3,0
8,6,9,12,1,1,3,0
8,6,10,13,1,1,3,0
8,6,11,14,1,1,3,0
8,6,12,15,1,1,3,0
8,6,13,16,1,1,3,0
8,6,14,17,1,1,3,0
8,6,15,18,1,1,3,0
8,6,16,19,1,1,3,0
8,6,17,20,1,1,3,0
8,6,18,21,1,1,3,0
8,6,19,22,1,1,3,0
8,6,20,23,1,1,3,0
8,6,21,24,1,1,3,0
8,6,22,25,1,1,3,0
8,6,23,26,1,1,3,0
8,6,24,27,1,1,3,0
8,6,25,28,1,1,3,0
8,6,26,29,1,1,3,0
8,6,27,30,1,1,3,0
8,6,28,31,1,1,3,0
8,6,29,32,1,1,3,0
8,6,30,33,1,1,3,0
8,6,31,34,1,1,3,0
8,6,32,35,1,1,3,0
8,6,33,36,1,1,3,0
8,6,34,37,1,1,3,0
8,6,35,38,1,1,3,0
8,6,36,39,1,1,3,0
8,6,37,40,1,1,3,0
8,6,38,41,1,1,3,0
8,6,39,42,1,1,3,0
8,6,40,43,1,1,3,0
8,6,41,44,1,1,3,0
8,6,42,45,1,1,3,0
8,6,43,46,1,1,3,0
8,6,44,47,1,1,3,0
8,6,45,48,1,1,3,0
8,6,46,49,1,1,3,0
8,6,47,50,1,1,3,0
10,3,0,4,1,1,4,0
10,3,1,5,1,1,4,0
10,3,2,6,1,1,4,0
10,3,3,7,1,1,4,0
10,3,4,8,1,1,4,0
10,3,5,9,1,1,4,0
10,3,6,10,1,1,4,0
10,3,7,11,1,1,4,0
10,3,8,12,1,1,4,0
10,3,9,13,1,1,4,0
10,3,10,14,1,1,4,0
10,3,11,15,1,1,4,0
10,3,12,16,1,1,4,0
10,3,13,17,1,1,4,0
10,3,14,18,1,1,4,0
10,3,15,19,1,1,4,0
10,3,16,20,1,1,4,0
10,3,17,21,1,1,4,0
10,3,18,22,1,1,4,0
10,3,19,23,1,1,4,0
10,3,20,24,1,1,4,0
10,3,21,25,1,1,4,0
10,3,22,26,1,1,4,0
10,3,23,27,1,1,4,0
10,3,24,28,1,1,4,0
10,3,25,29,1,1,4,0
10,3,26,30,1,1,4,0
10,3,27,31,1,1,4,0
10,3,28,32,1,1,4,0
10,3,29,33,1,1,4,0
10,3,30,34,1,1,4,0
10,3,31,35,1,1,4,0
10,3,32,36,1,1,4,0
10,3,33,37,1,1,4,0
10,3,34,38,1,1,4,0
10,3,35,39,1,1,4,0
10,3,36,40,1,1,4,0
10,3,37,41,1,1,4,0
10,3,38,42,1,1,4,0
10,3,39,43,1,1,4,0
10,3,40,44,1,1,4,0
10,3,41,45,1,1,4,0
10,3,42,46,1,1,4,0
10,3,43,47,1,1,4,0
10,3,44,48,1,1,4,0
10,3,45,49,1,1,4,0
10,3,46,50,1,1,4,0
1,0,0,2,1,1,2,0
1,0,1,3,1,1,2,0
1,0,2,4,1,1,2,0
1,0,3,5,1,1,2,0
1,0,4,6,1,1,2,0
1,0,5,7,1,1,2,0
1,0,6,8,1,1,2,0
1,0,7,9,1,1,2,0
1,0,8,10,1,1,2,0
1,0,9,11,1,1,2,0
1,0,10,12,1,1,2,0
1,0,11,13,1,1,2,0
1,0,12,14,1,1,2,0
1,0,13,15,1,1,2,0
1,0,14,16,1,1,2,0
1,0,15,17,1,1,2,0
1,0,16,18,1,1,2,0
1,0,17,19,1,1,2,0
1,0,18,20,1,1,2,0
1,0,19,21,1,1,2,0
1,0,20,22,1,1,2,0
1,0,21,23,1,1,2,0
1,0,22,24,1,1,2,0
1,0,23,25,1,1,2,0
1,0,24,26,1,1,2,0
1,0,25,27,1,1,2,0
1,0,26,28,1,1,2,0
1,0,27,29,1,1,2,0
1,0,28,30,1,1,2,0
1,0,29,31,1,1,2,0
1,0,30,32,1,1,2,0
1,0,31,33,1,1,2,0
1,0,32,34,1,1,2,0
1,0,33,35,1,1,2,0
1,0,34,36,1,1,2,0
1,0,35,37,1,1,2,0
1,0,36,38,1,1,2,0
1,0,37,39,1,1,2,0
1,0,38,40,1,1,2,0
1,0,39,41,1,1,2,0
1,0,40,42,1,1,2,0
1,0,41,43,1,1,2,0
1,0,42,44,1,1,2,0
1,0,43,45,1,1,2,0
1,0,44,46,1,1,2,0
1,0,45,47,1,1,2,0
1,0,46,48,1,1,2,0
1,0,47,49,1,1,2,0
1,0,48,50,1,1,2,0
13,2,0,4,1,1,4,0
13,2,1,5,1,1,4,0
13,2,2,6,1,1,4,0
13,2,3,7,1,1,4,0
13,2,4,8,1,1,4,0
13,2,5,9,1,1,4,0
13,2,6,10,1,1,4,0
13,2,7,11,1,1,4,0
13,2,8,12,1,1,4,0
13,2,9,13,1,1,4,0
13,2,10,14,1,1,4,0
13,2,11,15,1,1,4,0
13,2,12,16,1,1,4,0
13,2,13,17,1,1,4,0
13,2,14,18,1,1,4,0
13,2,15,19,1,1,4,0
13,2,16,20,1,1,4,0
13,2,17,21,1,1,4,0
13,2,18,22,1,1,4,0
13,2,19,23,1,1,4,0
13,2,20,24,1,1,4,0
13,2,21,25,1,1,4,0
13,2,22,26,1,1,4,0
13,2,23,27,1,1,4,0
13,2,24,28,1,1,4,0
13,2,25,29,1,1,4,0
13,2,26,30,1,1,4,0
13,2,27,31,1,1,4,0
13,2,28,32,1,1,4,0
13,2,29,33,1,1,4,0
13,2,30,34,1,1,4,0
13,2,31,35,1,1,4,0
13,2,32,36,1,1,4,0
13,2,33,37,1,1,4,0
13,2,34,38,1,1,4,0
13,2,35,39,1,1,4,0
13,2,36,40,1,1,4,0
13,2,37,41,1,1,4,0
13,2,38,42,1,1,4,0
13,2,39,43,1,1,4,0
13,2,40,44,1,1,4,0
13,2,41,45,1,1,4,0
13,2,42,46,1,1,4,0
13,2,43,47,1,1,4,0
13,2,44,48,1,1,4,0
13,2,45,49,1,1,4,0
13,2,46,50,1,1,4,0
8,15,0,5,1,1,5,0
8,15,1,6,1,1,5,0
8,15,2,7,1,1,5,0
8,15,3,8,1,1,5,0
8,15,4,9,1,1,5,0
8,15,5,10,1,1,5,0
8,15,6,11,1,1,5,0
8,15,7,12,1,1,5,0
8,15,8,13,1,1,5,0
8,15,9,14,1,1,5,0
8,15,10,15,1,1,5,0
8,15,11,16,1,1,5,0
8,15,12,17,1,1,5,0
8,15,13,18,1,1,5,0
8,15,14,19,1,1,5,0
8,15,15,20,1,1,5,0
8,15,16,21,1,1,5,0
8,15,17,22,1,1,5,0
8,15,18,23,1,1,5,0
8,15,19,24,1,1,5,0
8,15,20,25,1,1,5,0
8,15,21,26,1,1,5,0
8,15,22,27,1,1,5,0
8,15,23,28,1,1,5,0
8,15,24,29,1,1,5,0
8,15,25,30,1,1,5,0
8,15,26,31,1,1,5,0
8,15,27,32,1,1,5,0
8,15,28,33,1,1,5,0
8,15,29,34,1,1,5,0
8,15,30,35,1,1,5,0
8,15,31,36,1,1,5,0
8,15,32,37,1,1,5,0
8,15,33,38,1,1,5,0
8,15,34,39,1,1,5,0
8,15,35,40,1,1,5,0
8,15,36,41,1,1,5,0
8,15,37,42,1,1,5,0
8,15,38,43,1,1,5,0
8,15,39,44,1,1,5,0
8,15,40,45,1,1,5,0
8,15,41,46,1,1,5,0
8,15,42,47,1,1,5,0
8,15,43,48,1,1,5,0
8,15,44,49,1,1,5,0
8,15,45,50,1,1,5,0
10,12,0,3,1,1,3,0
10,12,1,4,1,1,3,0
10,12,2,5,1,1,3,0
10,12,3,6,1,1,3,0
10,12,4,7,1,1,3,0
10,12,5,8,1,1,3,0
10,12,6,9,1,1,3,0
10,12,7,10,1,1,3,0
10,12,8,11,1,1,3,0
10,12,9,12,1,1,3,0
10,12,10,13,1,1,3,0
10,12,11,14,1,1,3,0
10,12,12,15,1,1,3,0
10,12,13,16,1,1,3,0
10,12,14,17,1,1,3,0
10,12,15,18,1,1,3,0
10,12,16,19,1,1,3,0
10,12,17,20,1,1,3,0
10,12,18,21,1,1,3,0
10,12,19,22,1,1,3,0
10,12,20,23,1,1,3,0
10,12,21,24,1,1,3,0
10,12,22,25,1,1,3,0
10,12,23,26,1,1,3,0
10,12,24,27,1,1,3,0
10,12,25,28,1,1,3,0
10,12,26,29,1,1,3,0
10,12,27,30,1,1,3,0
10,12,28,31,1,1,3,0
10,12,29,32,1,1,3,0
10,12,30,33,1,1,3,0
10,12,31,34,1,1,3,0
10,12,32,35,1,1,3,0
10,12,33,36,1,1,3,0
10,12,34,37,1,1,3,0
10,12,35,38,1,1,3,0
10,12,36,39,1,1,3,0
10,12,37,40,1,1,3,0
10,12,38,41,1,1,3,0
10,12,39,42,1,1,3,0
10,12,40,43,1,1,3,0
10,12,41,44,1,1,3,0
10,12,42,45,1,1,3,0
10,12,43,46,1,1,3,0
10,12,44,47,1,1,3,0
10,12,45,48,1,1,3,0
10,12,46,49,1,1,3,0
10,12,47,50,1,1,3,0
1,9,0,6,1,1,6,0
1,9,1,7,1,1,6,0
1,9,2,8,1,1,6,0
1,9,3,9,1,1,6,0
1,9,4,10,1,1,6,0
1,9,5,11,1,1,6,0
1,9,6,12,1,1,6,0
1,9,7,13,1,1,6,0
1,9,8,14,1,1,6,0
1,9,9,15,1,1,6,0
1,9,10,16,1,1,6,0
1,9,11,17,1,1,6,0
1,9,12,18,1,1,6,0
1,9,13,19,1,1,6,0
1,9,14,20,1,1,6,0
1,9,15,21,1,1,6,0
1,9,16,22,1,1,6,0
1,9,17,23,1,1,6,0
1,9,18,24,1,1,6,0
1,9,19,25,1,1,6,0
1,9,20,26,1,1,6,0
1,9,21,27,1,1,6,0
1,9,22,28,1,1,6,0
1,9,23,29,1,1,6,0
1,9,24,30,1,1,6,0
1,9,25,31,1,1,6,0
1,9,26,32,1,1,6,0
1,9,27,33,1,1,6,0
1,9,28,34,1,1,6,0
1,9,29,35,1,1,6,0
1,9,30,36,1,1,6,0
1,9,31,37,1,1,6,0
1,9,32,38,1,1,6,0
1,9,33,39,1,1,6,0
1,9,34,40,1,1,6,0
1,9,35,41,1,1,6,0
1,9,36,42,1,1,6,0
1,9,37,43,1,1,6,0
1,9,38,44,1,1,6,0
1,9,39,45,1,1,6,0
1,9,40,46,1,1,6,0
1,9,41,47,1,1,6,0
1,9,42,48,1,1,6,0
1,9,43,49,1,1,6,0
1,9,44,50,1,1,6,0
0,11,0,7,1,1,7,0
0,11,1,8,1,1,7,0
0,11,2,9,1,1,7,0
0,11,3,10,1,1,7,0
0,11,4,11,1,1,7,0
0,11,5,12,1,1,7,0
0,11,6,13,1,1,7,0
0,11,7,14,1,1,7,0
0,11,8,15,1,1,7,0
0,11,9,16,1,1,7,0
0,11,10,17,1,1,7,0
0,11,11,18,1,1,7,0
0,11,12,19,1,1,7,0
0,11,13,20,1,1,7,0
0,11,14,21,1,1,7,0
0,11,15,22,1,1,7,0
0,11,16,23,1,1,7,0
0,11,17,24,1,1,7,0
0,11,18,25,1,1,7,0
0,11,19,26,1,1,7,0
0,11,20,27,1,1,7,0
0,11,21,28,1,1,7,0
0,11,22,29,1,1,7,0
0,11,23,30,1,1,7,0
0,11,24,31,1,1,7,0
0,11,25,32,1,1,7,0
0,11,26,33,1,1,7,0
0,11,27,34,1,1,7,0
0,11,28,35,1,1,7,0
0,11,29,36,1,1,7,0
0,11,30,37,1,1,7,0
0,11,31,38,1,1,7,0
0,11,32,39,1,1,7,0
0,11,33,40,1,1,7,0
0,11,34,41,1,1,7,0
0,11,35,42,1,1,7,0
0,11,36,43,1,1,7,0
0,11,37,44,1,1,7,0
0,11,38,45,1,1,7,0
0,11,39,46,1,1,7,0
0,11,40,47,1,1,7,0
0,11,41,48,1,1,7,0
0,11,42,49,1,1,7,0
0,11,43,50,1,1,7,0
2,8,0,2,1,1,2,0
2,8,1,3,1,1,2,0
2,8,2,4,1,1,2,0
2,8,3,5,1,1,2,0
2,8,4,6,1,1,2,0
2,8,5,7,1,1,2,0
2,8,6,8,1,1,2,0
2,8,7,9,1,1,2,0
2,8,8,10,1,1,2,0
2,8,9,11,1,1,2,0
2,8,10,12,1,1,2,0
2,8,11,13,1,1,2,0
2,8,12,14,1,1,2,0
2,8,13,15,1,1,2,0
2,8,14,16,1,1,2,0
2,8,15,17,1,1,2,0
2,8,16,18,1,1,2,0
2,8,17,19,1,1,2,0
2,8,18,20,1,1,2,0
2,8,19,21,1,1,2,0
2,8,20,22,1,1,2,0
2,8,21,23,1,1,2,0
2,8,22,24,1,1,2,0
2,8,23,25,1,1,2,0
2,8,24,26,1,1,2,0
2,8,25,27,1,1,2,0
2,8,26,28,1,1,2,0
2,8,27,29,1,1,2,0
2,8,28,30,1,1,2,0
2,8,29,31,1,1,2,0
2,8,30,32,1,1,2,0
2,8,31,33,1,1,2,0
2,8,32,34,1,1,2,0
2,8,33,35,1,1,2,0
2,8,34,36,1,1,2,0
2,8,35,37,1,1,2,0
2,8,36,38,1,1,2,0
2,8,37,39,1,1,2,0
2,8,38,40,1,1,2,0
2,8,39,41,1,1,2,0
2,8,40,42,1,1,2,0
2,8,41,43,1,1,2,0
2,8,42,44,1,1,2,0
2,8,43,45,1,1,2,0
2,8,44,46,1,1,2,0
2,8,45,47,1,1,2,0
2,8,46,48,1,1,2,0
2,8,47,49,1,1,2,0
2,8,48,50,1,1,2,0
7,4,0,5,1,1,5,0
7,4,1,6,1,1,5,0
7,4,2,7,1,1,5,0
7,4,3,8,1,1,5,0
7,4,4,9,1,1,5,0
7,4,5,10,1,1,5,0
7,4,6,11,1,1,5,0
7,4,7,12,1,1,5,0
7,4,8,13,1,1,5,0
7,4,9,14,1,1,5,0
7,4,10,15,1,1,5,0
7,4,11,16,1,1,5,0
7,4,12,17,1,1,5,0
7,4,13,18,1,1,5,0
7,4,14,19,1,1,5,0
7,4,15,20,1,1,5,0
7,4,16,21,1,1,5,0
7,4,17,22,1,1,5,0
7,4,18,23,1,1,5,0
7,4,19,24,1,1,5,0
7,4,20,25,1,1,5,0
7,4,21,26,1,1,5,0
7,4,22,27,1,1,5,0
7,4,23,28,1,1,5,0
7,4,24,29,1,1,5,0
7,4,25,30,1,1,5,0
7,4,26,31,1,1,5,0
7,4,27,32,1,1,5,0
7,4,28,33,1,1,5,0
7,4,29,34,1,1,5,0
7,4,30,35,1,1,5,0
7,4,31,36,1,1,5,0
7,4,32,37,1,1,5,0
7,4,33,38,1,1,5,0
7,4,34,39,1,1,5,0
7,4,35,40,1,1,5,0
7,4,36,41,1,1,5,0
7,4,37,42,1,1,5,0
7,4,38,43,1,1,5,0
7,4,39,44,1,1,5,0
7,4,40,45,1,1,5,0
7,4,41,46,1,1,5,0
7,4,42,47,1,1,5,0
7,4,43,48,1,1,5,0
7,4,44,49,1,1,5,0
7,4,45,50,1,1,5,0
13,11,0,3,1,1,3,0
13,11,1,4,1,1,3,0
13,11,2,5,1,1,3,0
13,11,3,6,1,1,3,0
13,11,4,7,1,1,3,0
13,11,5,8,1,1,3,0
13,11,6,9,1,1,3,0
13,11,7,10,1,1,3,0
13,11,8,11,1,1,3,0
13,11,9,12,1,1,3,0
13,11,10,13,1,1,3,0
13,11,11,14,1,1,3,0
13,11,12,15,1,1,3,0
13,11,13,16,1,1,3,0
13,11,14,17,1,1,3,0
13,11,15,18,1,1,3,0
13,11,16,19,1,1,3,0
13,11,17,20,1,1,3,0
13,11,18,21,1,1,3,0
13,11,19,22,1,1,3,0
13,11,20,23,1,1,3,0
13,11,21,24,1,1,3,0
13,11,22,25,1,1,3,0
13,11,23,26,1,1,3,0
13,11,24,27,1,1,3,0
13,11,25,28,1,1,3,0
13,11,26,29,1,1,3,0
13,11,27,30,1,1,3,0
13,11,28,31,1,1,3,0
13,11,29,32,1,1,3,0
13,11,30,33,1,1,3,0
13,11,31,34,1,1,3,0
13,11,32,35,1,1,3,0
13,11,33,36,1,1,3,0
13,11,34,37,1,1,3,0
13,11,35,38,1,1,3,0
13,11,36,39,1,1,3,0
13,11,37,40,1,1,3,0
13,11,38,41,1,1,3,0
13,11,39,42,1,1,3,0
13,11,40,43,1,1,3,0
13,11,41,44,1,1,3,0
13,11,42,45,1,1,3,0
13,11,43,46,1,1,3,0
13,11,44,47,1,1,3,0
13,11,45,48,1,1,3,0
13,11,46,49,1,1,3,0
13,11,47,50,1,1,3,0
6,8,0,3,1,1,3,0
6,8,1,4,1,1,3,0
6,8,2,5,1,1,3,0
6,8,3,6,1,1,3,0
6,8,4,7,1,1,3,0
6,8,5,8,1,1,3,0
6,8,6,9,1,1,3,0
6,8,7,10,1,1,3,0
6,8,8,11,1,1,3,0
6,8,9,12,1,1,3,0
6,8,10,13,1,1,3,0
6,8,11,14,1,1,3,0
6,8,12,15,1,1,3,0
6,8,13,16,1,1,3,0
6,8,14,17,1,1,3,0
6,8,15,18,1,1,3,0
6,8,16,19,1,1,3,0
6,8,17,20,1,1,3,0
6,8,18,21,1,1,3,0
6,8,19,22,1,1,3,0
6,8,20,23,1,1,3,0
6,8,21,24,1,1,3,0
6,8,22,25,1,1,3,0
6,8,23,26,1,1,3,0
6,8,24,27,1,1,3,0
6,8,25,28,1,1,3,0
6,8,26,29,1,1,3,0
6,8,27,30,1,1,3,0
6,8,28,31,1,1,3,0
6,8,29,32,1,1,3,0
6,8,30,33,1,1,3,0
6,8,31,34,1,1,3,0
6,8,32,35,1,1,3,0
6,8,33,36,1,1,3,0
6,8,34,37,1,1,3,0
6,8,35,38,1,1,3,0
6,8,36,39,1,1,3,0
6,8,37,40,1,1,3,0
6,8,38,41,1,1,3,0
6,8,39,42,1,1,3,0
6,8,40,43,1,1,3,0
6,8,41,44,1,1,3,0
6,8,42,45,1,1,3,0
6,8,43,46,1,1,3,0
6,8,44,47,1,1,3,0
6,8,45,48,1,1,3,0
6,8,46,49,1,1,3,0
6,8,47,50,1,1,3,0
12,3,0,5,1,1,5,0
12,3,1,6,1,1,5,0
12,3,2,7,1,1,5,0
12,3,3,8,1,1,5,0
12,3,4,9,1,1,5,0
12,3,5,10,1,1,5,0
12,3,6,11,1,1,5,0
12,3,7,12,1,1,5,0
12,3,8,13,1,1,5,0
12,3,9,14,1,1,5,0
12,3,10,15,1,1,5,0
12,3,11,16,1,1,5,0
12,3,12,17,1,1,5,0
12,3,13,18,1,1,5,0
12,3,14,19,1,1,5,0
12,3,15,20,1,1,5,0
12,3,16,21,1,1,5,0
12,3,17,22,1,1,5,0
12,3,18,23,1,1,5,0
12,3,19,24,1,1,5,0
12,3,20,25,1,1,5,0
12,3,21,26,1,1,5,0
12,3,22,27,1,1,5,0
12,3,23,28,1,1,5,0
12,3,24,29,1,1,5,0
12,3,25,30,1,1,5,0
12,3,26,31,1,1,5,0
12,3,27,32,1,1,5,0
12,3,28,33,1,1,5,0
12,3,29,34,1,1,5,0
12,3,30,35,1,1,5,0
12,3,31,36,1,1,5,0
12,3,32,37,1,1,5,0
12,3,33,38,1,1,5,0
12,3,34,39,1,1,5,0
12,3,35,40,1,1,5,0
12,3,36,41,1,1,5,0
12,3,37,42,1,1,5,0
12,3,38,43,1,1,5,0
12,3,39,44,1,1,5,0
12,3,40,45,1,1,5,0
12,3,41,46,1,1,5,0
12,3,42,47,1,1,5,0
12,3,43,48,1,1,5,0
12,3,44,49,1,1,5,0
12,3,45,50,1,1,5,0
3,0,0,5,1,1,5,0
3,0,1,6,1,1,5,0
3,0,2,7,1,1,5,0
3,0,3,8,1,1,5,0
3,0,4,9,1,1,5,0
3,0,5,10,1,1,5,0
3,0,6,11,1,1,5,0
3,0,7,12,1,1,5,0
3,0,8,13,1,1,5,0
3,0,9,14,1,1,5,0
3,0,10,15,1,1,5,0
3,0,11,16,1,1,5,0
3,0,12,17,1,1,5,0
3,0,13,18,1,1,5,0
3,0,14,19,1,1,5,0
3,0,15,20,1,1,5,0
3,0,16,21,1,1,5,0
3,0,17,22,1,1,5,0
3,0,18,23,1,1,5,0
3,0,19,24,1,1,5,0
3,0,20,25,1,1,5,0
3,0,21,26,1,1,5,0
3,0,22,27,1,1,5,0
3,0,23,28,1,1,5,0
3,0,24,29,1,1,5,0
3,0,25,30,1,1,5,0
3,0,26,31,1,1,5,0
3,0,27,32,1,1,5,0
3,0,28,33,1,1,5,0
3,0,29,34,1,1,5,0
3,0,30,35,1,1,5,0
3,0,31,36,1,1,5,0
3,0,32,37,1,1,5,0
3,0,33,38,1,1,5,0
3,0,34,39,1,1,5,0
3,0,35,40,1,1,5,0
3,0,36,41,1,1,5,0
3,0,37,42,1,1,5,0
3,0,38,43,1,1,5,0
3,0,39,44,1,1,5,0
3,0,40,45,1,1,5,0
3,0,41,46,1,1,5,0
3,0,42,47,1,1,5,0
3,0,43,48,1,1,5,0
3,0,44,49,1,1,5,0
3,0,45,50,1,1,5,0
14,0,0,3,1,1,3,0
14,0,1,4,1,1,3,0
14,0,2,5,1,1,3,0
14,0,3,6,1,1,3,0
14,0,4,7,1,1,3,0
14,0,5,8,1,1,3,0
14,0,6,9,1,1,3,0
14,0,7,10,1,1,3,0
14,0,8,11,1,1,3,0
14,0,9,12,1,1,3,0
14,0,10,13,1,1,3,0
14,0,11,14,1,1,3,0
14,0,12,15,1,1,3,0
14,0,13,16,1,1,3,0
14,0,14,17,1,1,3,0
14,0,15,18,1,1,3,0
14,0,16,19,1,1,3,0
14,0,17,20,1,1,3,0
14,0,18,21,1,1,3,0
14,0,19,22,1,1,3,0
14,0,20,23,1,1,3,0
14,0,21,24,1,1,3,0
14,0,22,25,1,1,3,0
14,0,23,26,1,1,3,0
14,0,24,27,1,1,3,0
14,0,25,28,1,1,3,0
14,0,26,29,1,1,3,0
14,0,27,30,1,1,3,0
14,0,28,31,1,1,3,0
14,0,29,32,1,1,3,0
14,0,30,33,1,1,3,0
14,0,31,34,1,1,3,0
14,0,32,35,1,1,3,0
14,0,33,36,1,1,3,0
14,0,34,37,1,1,3,0
14,0,35,38,1,1,3,0
14,0,36,39,1,1,3,0
14,0,37,40,1,1,3,0
14,0,38,41,1,1,3,0
14,0,39,42,1,1,3,0
14,0,40,43,1,1,3,0
14,0,41,44,1,1,3,0
14,0,42,45,1,1,3,0
14,0,43,46,1,1,3,0
14,0,44,47,1,1,3,0
14,0,45,48,1,1,3,0
14,0,46,49,1,1,3,0
14,0,47,50,1,1,3,0
3,9,0,5,1,1,5,0
3,9,1,6,1,1,5,0
3,9,2,7,1,1,5,0
3,9,3,8,1,1,5,0
3,9,4,9,1,1,5,0
3,9,5,10,1,1,5,0
3,9,6,11,1,1,5,0
3,9,7,12,1,1,5,0
3,9,8,13,1,1,5,0
3,9,9,14,1,1,5,0
3,9,10,15,1,1,5,0
3,9,11,16,1,1,5,0
3,9,12,17,1,1,5,0
3,9,13,18,1,1,5,0
3,9,14,19,1,1,5,0
3,9,15,20,1,1,5,0
3,9,16,21,1,1,5,0
3,9,17,22,1,1,5,0
3,9,18,23,1,1,5,0
3,9,19,24,1,1,5,0
3,9,20,25,1,1,5,0
3,9,21,26,1,1,5,0
3,9,22,27,1,1,5,0
3,9,23,28,1,1,5,0
3,9,24,29,1,1,5,0
3,9,25,30,1,1,5,0
3,9,26,31,1,1,5,0
3,9,27,32,1,1,5,0
3,9,28,33,1,1,5,0
3,9,29,34,1,1,5,0
3,9,30,35,1,1,5,0
3,9,31,36,1,1,5,0
3,9,32,37,1,1,5,0
3,9,33,38,1,1,5,0
3,9,34,39,1,1,5,0
3,9,35,40,1,1,5,0
3,9,36,41,1,1,5,0
3,9,37,42,1,1,5,0
3,9,38,43,1,1,5,0
3,9,39,44,1,1,5,0
3,9,40,45,1,1,5,0
3,9,41,46,1,1,5,0
3,9,42,47,1,1,5,0
3,9,43,48,1,1,5,0
3,9,44,49,1,1,5,0
3,9,45,50,1,1,5,0
5,6,0,4,1,1,4,0
5,6,1,5,1,1,4,0
5,6,2,6,1,1,4,0
5,6,3,7,1,1,4,0
5,6,4,8,1,1,4,0
5,6,5,9,1,1,4,0
5,6,6,10,1,1,4,0
5,6,7,11,1,1,4,0
5,6,8,12,1,1,4,0
5,6,9,13,1,1,4,0
5,6,10,14,1,1,4,0
5,6,11,15,1,1,4,0
5,6,12,16,1,1,4,0
5,6,13,17,1,1,4,0
5,6,14,18,1,1,4,0
5,6,15,19,1,1,4,0
5,6,16,20,1,1,4,0
5,6,17,21,1,1,4,0
5,6,18,22,1,1,4,0
5,6,19,23,1,1,4,0
5,6,20,24,1,1,4,0
5,6,21,25,1,1,4,0
5,6,22,26,1,1,4,0
5,6,23,27,1,1,4,0
5,6,24,28,1,1,4,0
5,6,25,29,1,1,4,0
5,6,26,30,1,1,4,0
5,6,27,31,1,1,4,0
5,6,28,32,1,1,4,0
5,6,29,33,1,1,4,0
5,6,30,34,1,1,4,0
5,6,31,35,1,1,4,0
5,6,32,36,1,1,4,0
5,6,33,37,1,1,4,0
5,6,34,38,1,1,4,0
5,6,35,39,1,1,4,0
5,6,36,40,1,1,4,0
5,6,37,41,1,1,4,0
5,6,38,42,1,1,4,0
5,6,39,43,1,1,4,0
5,6,40,44,1,1,4,0
5,6,41,45,1,1,4,0
5,6,42,46,1,1,4,0
5,6,43,47,1,1,4,0
5,6,44,48,1,1,4,0
5,6,45,49,1,1,4,0
5,6,46,50,1,1,4,0
4,8,0,5,1,1,5,0
4,8,1,6,1,1,5,0
4,8,2,7,1,1,5,0
4,8,3,8,1,1,5,0
4,8,4,9,1,1,5,0
4,8,5,10,1,1,5,0
4,8,6,11,1,1,5,0
4,8,7,12,1,1,5,0
4,8,8,13,1,1,5,0
4,8,9,14,1,1,5,0
4,8,10,15,1,1,5,0
4,8,11,16,1,1,5,0
4,8,12,17,1,1,5,0
4,8,13,18,1,1,5,0
4,8,14,19,1,1,5,0
4,8,15,20,1,1,5,0
4,8,16,21,1,1,5,0
4,8,17,22,1,1,5,0
4,8,18,23,1,1,5,0
4,8,19,24,1,1,5,0
4,8,20,25,1,1,5,0
4,8,21,26,1,1,5,0
4,8,22,27,1,1,5,0
4,8,23,28,1,1,5,0
4,8,24,29,1,1,5,0
4,8,25,30,1,1,5,0
4,8,26,31,1,1,5,0
4,8,27,32,1,1,5,0
4,8,28,33,1,1,5,0
4,8,29,34,1,1,5,0
4,8,30,35,1,1,5,0
4,8,31,36,1,1,5,0
4,8,32,37,1,1,5,0
4,8,33,38,1,1,5,0
4,8,34,39,1,1,5,0
4,8,35,40,1,1,5,0
4,8,36,41,1,1,5,0
4,8,37,42,1,1,5,0
4,8,38,43,1,1,5,0
4,8,39,44,1,1,5,0
4,8,40,45,1,1,5,0
4,8,41,46,1,1,5,0
4,8,42,47,1,1,5,0
4,8,43,48,1,1,5,0
4,8,44,49,1,1,5,0
4,8,45,50,1,1,5,0
14,9,0,8,1,1,8,0
14,9,1,9,1,1,8,0
14,9,2,10,1,1,8,0
14,9,3,11,1,1,8,0
14,9,4,12,1,1,8,0
14,9,5,13,1,1,8,0
14,9,6,14,1,1,8,0
14,9,7,15,1,1,8,0
14,9,8,16,1,1,8,0
14,9,9,17,1,1,8,0
14,9,10,18,1,1,8,0
14,9,11,19,1,1,8,0
14,9,12,20,1,1,8,0
14,9,13,21,1,1,8,0
14,9,14,22,1,1,8,0
14,9,15,23,1,1,8,0
14,9,16,24,1,1,8,0
14,9,17,25,1,1,8,0
14,9,18,26,1,1,8,0
14,9,19,27,1,1,8,0
14,9,20,28,1,1,8,0
14,9,21,29,1,1,8,0
14,9,22,30,1,1,8,0
14,9,23,31,1,1,8,0
14,9,24,32,1,1,8,0
14,9,25,33,1,1,8,0
14,9,26,34,1,1,8,0
14,9,27,35,1,1,8,0
14,9,28,36,1,1,8,0
14,9,29,37,1,1,8,0
14,9,30,38,1,1,8,0
14,9,31,39,1,1,8,0
14,9,32,40,1,1,8,0
14,9,33,41,1,1,8,0
14,9,34,42,1,1,8,0
14,9,35,43,1,1,8,0
14,9,36,44,1,1,8,0
14,9,37,45,1,1,8,0
14,9,38,46,1,1,8,0
14,9,39,47,1,1,8,0
14,9,40,48,1,1,8,0
14,9,41,49,1,1,8,0
14,9,42,50,1,1,8,0
10,5,0,5,1,1,5,0
10,5,1,6,1,1,5,0
10,5,2,7,1,1,5,0
10,5,3,8,1,1,5,0
10,5,4,9,1,1,5,0
10,5,5,10,1,1,5,0
10,5,6,11,1,1,5,0
10,5,7,12,1,1,5,0
10,5,8,13,1,1,5,0
10,5,9,14,1,1,5,0
10,5,10,15,1,1,5,0
10,5,11,16,1,1,5,0
10,5,12,17,1,1,5,0
10,5,13,18,1,1,5,0
10,5,14,19,1,1,5,0
10,5,15,20,1,1,5,0
10,5,16,21,1,1,5,0
10,5,17,22,1,1,5,0
10,5,18,23,1,1,5,0
10,5,19,24,1,1,5,0
10,5,20,25,1,1,5,0
10,5,21,26,1,1,5,0
10,5,22,27,1,1,5,0
10,5,23,28,1,1,5,0
10,5,24,29,1,1,5,0
10,5,25,30,1,1,5,0
10,5,26,31,1,1,5,0
10,5,27,32,1,1,5,0
10,5,28,33,1,1,5,0
10,5,29,34,1,1,5,0
10,5,30,35,1,1,5,0
10,5,31,36,1,1,5,0
10,5,32,37,1,1,5,0
10,5,33,38,1,1,5,0
10,5,34,39,1,1,5,0
10,5,35,40,1,1,5,0
10,5,36,41,1,1,5,0
10,5,37,42,1,1,5,0
10,5,38,43,1,1,5,0
10,5,39,44,1,1,5,0
10,5,40,45,1,1,5,0
10,5,41,46,1,1,5,0
10,5,42,47,1,1,5,0
10,5,43,48,1,1,5,0
10,5,44,49,1,1,5,0
10,5,45,50,1,1,5,0
1,2,0,4,1,1,4,0
1,2,1,5,1,1,4,0
1,2,2,6,1,1,4,0
1,2,3,7,1,1,4,0
1,2,4,8,1,1,4,0
1,2,5,9,1,1,4,0
1,2,6,10,1,1,4,0
1,2,7,11,1,1,4,0
1,2,8,12,1,1,4,0
1,2,9,13,1,1,4,0
1,2,10,14,1,1,4,0
1,2,11,15,1,1,4,0
1,2,12,16,1,1,4,0
1,2,13,17,1,1,4,0
1,2,14,18,1,1,4,0
1,2,15,19,1,1,4,0
1,2,16,20,1,1,4,0
1,2,17,21,1,1,4,0
1,2,18,22,1,1,4,0
1,2,19,23,1,1,4,0
1,2,20,24,1,1,4,0
1,2,21,25,1,1,4,0
1,2,22,26,1,1,4,0
1,2,23,27,1,1,4,0
1,2,24,28,1,1,4,0
1,2,25,29,1,1,4,0
1,2,26,30,1,1,4,0
1,2,27,31,1,1,4,0
1,2,28,32,1,1,4,0
1,2,29,33,1,1,4,0
1,2,30,34,1,1,4,0
1,2,31,35,1,1,4,0
1,2,32,36,1,1,4,0
1,2,33,37,1,1,4,0
1,2,34,38,1,1,4,0
1,2,35,39,1,1,4,0
1,2,36,40,1,1,4,0
1,2,37,41,1,1,4,0
1,2,38,42,1,1,4,0
1,2,39,43,1,1,4,0
1,2,40,44,1,1,4,0
1,2,41,45,1,1,4,0
1,2,42,46,1,1,4,0
1,2,43,47,1,1,4,0
1,2,44,48,1,1,4,0
1,2,45,49,1,1,4,0
1,2,46,50,1,1,4,0
0,4,0,5,1,1,5,0
0,4,1,6,1,1,5,0
0,4,2,7,1,1,5,0
0,4,3,8,1,1,5,0
0,4,4,9,1,1,5,0
0,4,5,10,1,1,5,0
0,4,6,11,1,1,5,0
0,4,7,12,1,1,5,0
0,4,8,13,1,1,5,0
0,4,9,14,1,1,5,0
0,4,10,15,1,1,5,0
0,4,11,16,1,1,5,0
0,4,12,17,1,1,5,0
0,4,13,18,1,1,5,0
0,4,14,19,1,1,5,0
0,4,15,20,1,1,5,0
0,4,16,21,1,1,5,0
0,4,17,22,1,1,5,0
0,4,18,23,1,1,5,0
0,4,19,24,1,1,5,0
0,4,20,25,1,1,5,0
0,4,21,26,1,1,5,0
0,4,22,27,1,1,5,0
0,4,23,28,1,1,5,0
0,4,24,29,1,1,5,0
0,4,25,30,1,1,5,0
0,4,26,31,1,1,5,0
0,4,27,32,1,1,5,0
0,4,28,33,1,1,5,0
0,4,29,34,1,1,5,0
0,4,30,35,1,1,5,0
0,4,31,36,1,1,5,0
0,4,32,37,1,1,5,0
0,4,33,38,1,1,5,0
0,4,34,39,1,1,5,0
0,4,35,40,1,1,5,0
0,4,36,41,1,1,5,0
0,4,37,42,1,1,5,0
0,4,38,43,1,1,5,0
0,4,39,44,1,1,5,0
0,4,40,45,1,1,5,0
0,4,41,46,1,1,5,0
0,4,42,47,1,1,5,0
0,4,43,48,1,1,5,0
0,4,44,49,1,1,5,0
0,4,45,50,1,1,5,0
2,1,0,4,1,1,4,0
2,1,1,5,1,1,4,0
2,1,2,6,1,1,4,0
2,1,3,7,1,1,4,0
2,1,4,8,1,1,4,0
2,1,5,9,1,1,4,0
2,1,6,10,1,1,4,0
2,1,7,11,1,1,4,0
2,1,8,12,1,1,4,0
2,1,9,13,1,1,4,0
2,1,10,14,1,1,4,0
2,1,11,15,1,1,4,0
2,1,12,16,1,1,4,0
2,1,13,17,1,1,4,0
2,1,14,18,1,1,4,0
2,1,15,19,1,1,4,0
2,1,16,20,1,1,4,0
2,1,17,21,1,1,4,0
2,1,18,22,1,1,4,0
2,1,19,23,1,1,4,0
2,1,20,24,1,1,4,0
2,1,21,25,1,1,4,0
2,1,22,26,1,1,4,0
2,1,23,27,1,1,4,0
2,1,24,28,1,1,4,0
2,1,25,29,1,1,4,0
2,1,26,30,1,1,4,0
2,1,27,31,1,1,4,0
2,1,28,32,1,1,4,0
2,1,29,33,1,1,4,0
2,1,30,34,1,1,4,0
2,1,31,35,1,1,4,0
2,1,32,36,1,1,4,0
2,1,33,37,1,1,4,0
2,1,34,38,1,1,4,0
2,1,35,39,1,1,4,0
2,1,36,40,1,1,4,0
2,1,37,41,1,1,4,0
2,1,38,42,1,1,4,0
2,1,39,43,1,1,4,0
2,1,40,44,1,1,4,0
2,1,41,45,1,1,4,0
2,1,42,46,1,1,4,0
2,1,43,47,1,1,4,0
2,1,44,48,1,1,4,0
2,1,45,49,1,1,4,0
2,1,46,50,1,1,4,0
13,4,0,5,1,1,5,0
13,4,1,6,1,1,5,0
13,4,2,7,1,1,5,0
13,4,3,8,1,1,5,0
13,4,4,9,1,1,5,0
13,4,5,10,1,1,5,0
13,4,6,11,1,1,5,0
13,4,7,12,1,1,5,0
13,4,8,13,1,1,5,0
13,4,9,14,1,1,5,0
13,4,10,15,1,1,5,0
13,4,11,16,1,1,5,0
13,4,12,17,1,1,5,0
13,4,13,18,1,1,5,0
13,4,14,19,1,1,5,0
13,4,15,20,1,1,5,0
13,4,16,21,1,1,5,0
13,4,17,22,1,1,5,0
13,4,18,23,1,1,5,0
13,4,19,24,1,1,5,0
13,4,20,25,1,1,5,0
13,4,21,26,1,1,5,0
13,4,22,27,1,1,5,0
13,4,23,28,1,1,5,0
13,4,24,29,1,1,5,0
13,4,25,30,1,1,5,0
13,4,26,31,1,1,5,0
13,4,27,32,1,1,5,0
13,4,28,33,1,1,5,0
13,4,29,34,1,1,5,0
13,4,30,35,1,1,5,0
13,4,31,36,1,1,5,0
13,4,32,37,1,1,5,0
13,4,33,38,1,1,5,0
13,4,34,39,1,1,5,0
13,4,35,40,1,1,5,0
13,4,36,41,1,1,5,0
13,4,37,42,1,1,5,0
13,4,38,43,1,1,5,0
13,4,39,44,1,1,5,0
13,4,40,45,1,1,5,0
13,4,41,46,1,1,5,0
13,4,42,47,1,1,5,0
13,4,43,48,1,1,5,0
13,4,44,49,1,1,5,0
13,4,45,50,1,1,5,0
10,14,0,2,1,1,2,0
10,14,1,3,1,1,2,0
10,14,2,4,1,1,2,0
10,14,3,5,1,1,2,0
10,14,4,6,1,1,2,0
10,14,5,7,1,1,2,0
10,14,6,8,1,1,2,0
10,14,7,9,1,1,2,0
10,14,8,10,1,1,2,0
10,14,9,11,1,1,2,0
10,14,10,12,1,1,2,0
10,14,11,13,1,1,2,0
10,14,12,14,1,1,2,0
10,14,13,15,1,1,2,0
10,14,14,16,1,1,2,0
10,14,15,17,1,1,2,0
10,14,16,18,1,1,2,0
10,14,17,19,1,1,2,0
10,14,18,20,1,1,2,0
10,14,19,21,1,1,2,0
10,14,20,22,1,1,2,0
10,14,21,23,1,1,2,0
10,14,22,24,1,1,2,0
10,14,23,25,1,1,2,0
10,14,24,26,1,1,2,0
10,14,25,27,1,1,2,0
10,14,26,28,1,1,2,0
10,14,27,29,1,1,2,0
10,14,28,30,1,1,2,0
10,14,29,31,1,1,2,0
10,14,30,32,1,1,2,0
10,14,31,33,1,1,2,0
10,14,32,34,1,1,2,0
10,14,33,35,1,1,2,0
10,14,34,36,1,1,2,0
10,14,35,37,1,1,2,0
10,14,36,38,1,1,2,0
10,14,37,39,1,1,2,0
10,14,38,40,1,1,2,0
10,14,39,41,1,1,2,0
10,14,40,42,1,1,2,0
10,14,41,43,1,1,2,0
10,14,42,44,1,1,2,0
10,14,43,45,1,1,2,0
10,14,44,46,1,1,2,0
10,14,45,47,1,1,2,0
10,14,46,48,1,1,2,0
10,14,47,49,1,1,2,0
10,14,48,50,1,1,2,0
1,11,0,5,1,1,5,0
1,11,1,6,1,1,5,0
1,11,2,7,1,1,5,0
1,11,3,8,1,1,5,0
1,11,4,9,1,1,5,0
1,11,5,10,1,1,5,0
1,11,6,11,1,1,5,0
1,11,7,12,1,1,5,0
1,11,8,13,1,1,5,0
1,11,9,14,1,1,5,0
1,11,10,15,1,1,5,0
1,11,11,16,1,1,5,0
1,11,12,17,1,1,5,0
1,11,13,18,1,1,5,0
1,11,14,19,1,1,5,0
1,11,15,20,1,1,5,0
1,11,16,21,1,1,5,0
1,11,17,22,1,1,5,0
1,11,18,23,1,1,5,0
1,11,19,24,1,1,5,0
1,11,20,25,1,1,5,0
1,11,21,26,1,1,5,0
1,11,22,27,1,1,5,0
1,11,23,28,1,1,5,0
1,11,24,29,1,1,5,0
1,11,25,30,1,1,5,0
1,11,26,31,1,1,5,0
1,11,27,32,1,1,5,0
1,11,28,33,1,1,5,0
1,11,29,34,1,1,5,0
1,11,30,35,1,1,5,0
1,11,31,36,1,1,5,0
1,11,32,37,1,1,5,0
1,11,33,38,1,1,5,0
1,11,34,39,1,1,5,0
1,11,35,40,1,1,5,0
1,11,36,41,1,1,5,0
1,11,37,42,1,1,5,0
1,11,38,43,1,1,5,0
1,11,39,44,1,1,5,0
1,11,40,45,1,1,5,0
1,11,41,46,1,1,5,0
1,11,42,47,1,1,5,0
1,11,43,48,1,1,5,0
1,11,44,49,1,1,5,0
1,11,45,50,1,1,5,0
0,13,0,4,1,1,4,0
0,13,1,5,1,1,4,0
0,13,2,6,1,1,4,0
0,13,3,7,1,1,4,0
0,13,4,8,1,1,4,0
0,13,5,9,1,1,4,0
0,13,6,10,1,1,4,0
0,13,7,11,1,1,4,0
0,13,8,12,1,1,4,0
0,13,9,13,1,1,4,0
0,13,10,14,1,1,4,0
0,13,11,15,1,1,4,0
0,13,12,16,1,1,4,0
0,13,13,17,1,1,4,0
0,13,14,18,1,1,4,0
0,13,15,19,1,1,4,0
0,13,16,20,1,1,4,0
0,13,17,21,1,1,4,0
0,13,18,22,1,1,4,0
0,13,19,23,1,1,4,0
0,13,20,24,1,1,4,0
0,13,21,25,1,1,4,0
0,13,22,26,1,1,4,0
0,13,23,27,1,1,4,0
0,13,24,28,1,1,4,0
0,13,25,29,1,1,4,0
0,13,26,30,1,1,4,0
0,13,27,31,1,1,4,0
0,13,28,32,1,1,4,0
0,13,29,33,1,1,4,0
0,13,30,34,1,1,4,0
0,13,31,35,1,1,4,0
0,13,32,36,1,1,4,0
0,13,33,37,1,1,4,0
0,13,34,38,1,1,4,0
0,13,35,39,1,1,4,0
0,13,36,40,1,1,4,0
0,13,37,41,1,1,4,0
0,13,38,42,1,1,4,0
0,13,39,43,1,1,4,0
0,13,40,44,1,1,4,0
0,13,41,45,1,1,4,0
0,13,42,46,1,1,4,0
0,13,43,47,1,1,4,0
0,13,44,48,1,1,4,0
0,13,45,49,1,1,4,0
0,13,46,50,1,1,4,0
2,10,0,5,1,1,5,0
2,10,1,6,1,1,5,0
2,10,2,7,1,1,5,0
2,10,3,8,1,1,5,0
2,10,4,9,1,1,5,0
2,10,5,10,1,1,5,0
2,10,6,11,1,1,5,0
2,10,7,12,1,1,5,0
2,10,8,13,1,1,5,0
2,10,9,14,1,1,5,0
2,10,10,15,1,1,5,0
2,10,11,16,1,1,5,0
2,10,12,17,1,1,5,0
2,10,13,18,1,1,5,0
2,10,14,19,1,1,5,0
2,10,15,20,1,1,5,0
2,10,16,21,1,1,5,0
2,10,17,22,1,1,5,0
2,10,18,23,1,1,5,0
2,10,19,24,1,1,5,0
2,10,20,25,1,1,5,0
2,10,21,26,1,1,5,0
2,10,22,27,1,1,5,0
2,10,23,28,1,1,5,0
2,10,24,29,1,1,5,0
2,10,25,30,1,1,5,0
2,10,26,31,1,1,5,0
2,10,27,32,1,1,5,0
2,10,28,33,1,1,5,0
2,10,29,34,1,1,5,0
2,10,30,35,1,1,5,0
2,10,31,36,1,1,5,0
2,10,32,37,1,1,5,0
2,10,33,38,1,1,5,0
2,10,34,39,1,1,5,0
2,10,35,40,1,1,5,0
2,10,36,41,1,1,5,0
2,10,37,42,1,1,5,0
2,10,38,43,1,1,5,0
2,10,39,44,1,1,5,0
2,10,40,45,1,1,5,0
2,10,41,46,1,1,5,0
2,10,42,47,1,1,5,0
2,10,43,48,1,1,5,0
2,10,44,49,1,1,5,0
2,10,45,50,1,1,5,0
11,13,0,3,1,1,3,0
11,13,1,4,1,1,3,0
11,13,2,5,1,1,3,0
11,13,3,6,1,1,3,0
11,13,4,7,1,1,3,0
11,13,5,8,1,1,3,0
11,13,6,9,1,1,3,0
11,13,7,10,1,1,3,0
11,13,8,11,1,1,3,0
11,13,9,12,1,1,3,0
11,13,10,13,1,1,3,0
11,13,11,14,1,1,3,0
11,13,12,15,1,1,3,0
11,13,13,16,1,1,3,0
11,13,14,17,1,1,3,0
11,13,15,18,1,1,3,0
11,13,16,19,1,1,3,0
11,13,17,20,1,1,3,0
11,13,18,21,1,1,3,0
11,13,19,22,1,1,3,0
11,13,20,23,1,1,3,0
11,13,21,24,1,1,3,0
11,13,22,25,1,1,3,0
11,13,23,26,1,1,3,0
11,13,24,27,1,1,3,0
11,13,25,28,1,1,3,0
11,13,26,29,1,1,3,0
11,13,27,30,1,1,3,0
11,13,28,31,1,1,3,0
11,13,29,32,1,1,3,0
11,13,30,33,1,1,3,0
11,13,31,34,1,1,3,0
11,13,32,35,1,1,3,0
11,13,33,36,1,1,3,0
11,13,34,37,1,1,3,0
11,13,35,38,1,1,3,0
11,13,36,39,1,1,3,0
11,13,37,40,1,1,3,0
11,13,38,41,1,1,3,0
11,13,39,42,1,1,3,0
11,13,40,43,1,1,3,0
11,13,41,44,1,1,3,0
11,13,42,45,1,1,3,0
11,13,43,46,1,1,3,0
11,13,44,47,1,1,3,0
11,13,45,48,1,1,3,0
11,13,46,49,1,1,3,0
11,13,47,50,1,1,3,0
6,10,0,1,1,1,1,0
6,10,1,2,1,1,1,0
6,10,2,3,1,1,1,0
6,10,3,4,1,1,1,0
6,10,4,5,1,1,1,0
6,10,5,6,1,1,1,0
6,10,6,7,1,1,1,0
6,10,7,8,1,1,1,0
6,10,8,9,1,1,1,0
6,10,9,10,1,1,1,0
6,10,10,11,1,1,1,0
6,10,11,12,1,1,1,0
6,10,12,13,1,1,1,0
6,10,13,14,1,1,1,0
6,10,14,15,1,1,1,0
6,10,15,16,1,1,1,0
6,10,16,17,1,1,1,0
6,10,17,18,1,1,1,0
6,10,18,19,1,1,1,0
6,10,19,20,1,1,1,0
6,10,20,21,1,1,1,0
6,10,21,22,1,1,1,0
6,10,22,23,1,1,1,0
6,10,23,24,1,1,1,0
6,10,24,25,1,1,1,0
6,10,25,26,1,1,1,0
6,10,26,27,1,1,1,0
6,10,27,28,1,1,1,0
6,10,28,29,1,1,1,0
6,10,29,30,1,1,1,0
6,10,30,31,1,1,1,0
6,10,31,32,1,1,1,0
6,10,32,33,1,1,1,0
6,10,33,34,1,1,1,0
6,10,34,35,1,1,1,0
6,10,35,36,1,1,1,0
6,10,36,37,1,1,1,0
6,10,37,38,1,1,1,0
6,10,38,39,1,1,1,0
6,10,39,40,1,1,1,0
6,10,40,41,1,1,1,0
6,10,41,42,1,1,1,0
6,10,42,43,1,1,1,0
6,10,43,44,1,1,1,0
6,10,44,45,1,1,1,0
6,10,45,46,1,1,1,0
6,10,46,47,1,1,1,0
6,10,47,48,1,1,1,0
6,10,48,49,1,1,1,0
6,10,49,50,1,1,1,0
12,5,0,4,1,1,4,0
12,5,1,5,1,1,4,0
12,5,2,6,1,1,4,0
12,5,3,7,1,1,4,0
12,5,4,8,1,1,4,0
12,5,5,9,1,1,4,0
12,5,6,10,1,1,4,0
12,5,7,11,1,1,4,0
12,5,8,12,1,1,4,0
12,5,9,13,1,1,4,0
12,5,10,14,1,1,4,0
12,5,11,15,1,1,4,0
12,5,12,16,1,1,4,0
12,5,13,17,1,1,4,0
12,5,14,18,1,1,4,0
12,5,15,19,1,1,4,0
12,5,16,20,1,1,4,0
12,5,17,21,1,1,4,0
12,5,18,22,1,1,4,0
12,5,19,23,1,1,4,0
12,5,20,24,1,1,4,0
12,5,21,25,1,1,4,0
12,5,22,26,1,1,4,0
12,5,23,27,1,1,4,0
12,5,24,28,1,1,4,0
12,5,25,29,1,1,4,0
12,5,26,30,1,1,4,0
12,5,27,31,1,1,4,0
12,5,28,32,1,1,4,0
12,5,29,33,1,1,4,0
12,5,30,34,1,1,4,0
12,5,31,35,1,1,4,0
12,5,32,36,1,1,4,0
12,5,33,37,1,1,4,0
12,5,34,38,1,1,4,0
12,5,35,39,1,1,4,0
12,5,36,40,1,1,4,0
12,5,37,41,1,1,4,0
12,5,38,42,1,1,4,0
12,5,39,43,1,1,4,0
12,5,40,44,1,1,4,0
12,5,41,45,1,1,4,0
12,5,42,46,1,1,4,0
12,5,43,47,1,1,4,0
12,5,44,48,1,1,4,0
12,5,45,49,1,1,4,0
12,5,46,50,1,1,4,0
3,2,0,3,1,1,3,0
3,2,1,4,1,1,3,0
3,2,2,5,1,1,3,0
3,2,3,6,1,1,3,0
3,2,4,7,1,1,3,0
3,2,5,8,1,1,3,0
3,2,6,9,1,1,3,0
3,2,7,10,1,1,3,0
3,2,8,11,1,1,3,0
3,2,9,12,1,1,3,0
3,2,10,13,1,1,3,0
3,2,11,14,1,1,3,0
3,2,12,15,1,1,3,0
3,2,13,16,1,1,3,0
3,2,14,17,1,1,3,0
3,2,15,18,1,1,3,0
3,2,16,19,1,1,3,0
3,2,17,20,1,1,3,0
3,2,18,21,1,1,3,0
3,2,19,22,1,1,3,0
3,2,20,23,1,1,3,0
3,2,21,24,1,1,3,0
3,2,22,25,1,1,3,0
3,2,23,26,1,1,3,0
3,2,24,27,1,1,3,0
3,2,25,28,1,1,3,0
3,2,26,29,1,1,3,0
3,2,27,30,1,1,3,0
3,2,28,31,1,1,3,0
3,2,29,32,1,1,3,0
3,2,30,33,1,1,3,0
3,2,31,34,1,1,3,0
3,2,32,35,1,1,3,0
3,2,33,36,1,1,3,0
3,2,34,37,1,1,3,0
3,2,35,38,1,1,3,0
3,2,36,39,1,1,3,0
3,2,37,40,1,1,3,0
3,2,38,41,1,1,3,0
3,2,39,42,1,1,3,0
3,2,40,43,1,1,3,0
3,2,41,44,1,1,3,0
3,2,42,45,1,1,3,0
3,2,43,46,1,1,3,0
3,2,44,47,1,1,3,0
3,2,45,48,1,1,3,0
3,2,46,49,1,1,3,0
3,2,47,50,1,1,3,0
14,2,0,5,1,1,5,0
14,2,1,6,1,1,5,0
14,2,2,7,1,1,5,0
14,2,3,8,1,1,5,0
14,2,4,9,1,1,5,0
14,2,5,10,1,1,5,0
14,2,6,11,1,1,5,0
14,2,7,12,1,1,5,0
14,2,8,13,1,1,5,0
14,2,9,14,1,1,5,0
14,2,10,15,1,1,5,0
14,2,11,16,1,1,5,0
14,2,12,17,1,1,5,0
14,2,13,18,1,1,5,0
14,2,14,19,1,1,5,0
14,2,15,20,1,1,5,0
14,2,16,21,1,1,5,0
14,2,17,22,1,1,5,0
14,2,18,23,1,1,5,0
14,2,19,24,1,1,5,0
14,2,20,25,1,1,5,0
14,2,21,26,1,1,5,0
14,2,22,27,1,1,5,0
14,2,23,28,1,1,5,0
14,2,24,29,1,1,5,0
14,2,25,30,1,1,5,0
14,2,26,31,1,1,5,0
14,2,27,32,1,1,5,0
14,2,28,33,1,1,5,0
14,2,29,34,1,1,5,0
14,2,30,35,1,1,5,0
14,2,31,36,1,1,5,0
14,2,32,37,1,1,5,0
14,2,33,38,1,1,5,0
14,2,34,39,1,1,5,0
14,2,35,40,1,1,5,0
14,2,36,41,1,1,5,0
14,2,37,42,1,1,5,0
14,2,38,43,1,1,5,0
14,2,39,44,1,1,5,0
14,2,40,45,1,1,5,0
14,2,41,46,1,1,5,0
14,2,42,47,1,1,5,0
14,2,43,48,1,1,5,0
14,2,44,49,1,1,5,0
14,2,45,50,1,1,5,0
4,1,0,5,1,1,5,0
4,1,1,6,1,1,5,0
4,1,2,7,1,1,5,0
4,1,3,8,1,1,5,0
4,1,4,9,1,1,5,0
4,1,5,10,1,1,5,0
4,1,6,11,1,1,5,0
4,1,7,12,1,1,5,0
4,1,8,13,1,1,5,0
4,1,9,14,1,1,5,0
4,1,10,15,1,1,5,0
4,1,11,16,1,1,5,0
4,1,12,17,1,1,5,0
4,1,13,18,1,1,5,0
4,1,14,19,1,1,5,0
4,1,15,20,1,1,5,0
4,1,16,21,1,1,5,0
4,1,17,22,1,1,5,0
4,1,18,23,1,1,5,0
4,1,19,24,1,1,5,0
4,1,20,25,1,1,5,0
4,1,21,26,1,1,5,0
4,1,22,27,1,1,5,0
4,1,23,28,1,1,5,0
4,1,24,29,1,1,5,0
4,1,25,30,1,1,5,0
4,1,26,31,1,1,5,0
4,1,27,32,1,1,5,0
4,1,28,33,1,1,5,0
4,1,29,34,1,1,5,0
4,1,30,35,1,1,5,0
4,1,31,36,1,1,5,0
4,1,32,37,1,1,5,0
4,1,33,38,1,1,5,0
4,1,34,39,1,1,5,0
4,1,35,40,1,1,5,0
4,1,36,41,1,1,5,0
4,1,37,42,1,1,5,0
4,1,38,43,1,1,5,0
4,1,39,44,1,1,5,0
4,1,40,45,1,1,5,0
4,1,41,46,1,1,5,0
4,1,42,47,1,1,5,0
4,1,43,48,1,1,5,0
4,1,44,49,1,1,5,0
4,1,45,50,1,1,5,0
12,14,0,3,1,1,3,0
12,14,1,4,1,1,3,0
12,14,2,5,1,1,3,0
12,14,3,6,1,1,3,0
12,14,4,7,1,1,3,0
12,14,5,8,1,1,3,0
12,14,6,9,1,1,3,0
12,14,7,10,1,1,3,0
12,14,8,11,1,1,3,0
12,14,9,12,1,1,3,0
12,14,10,13,1,1,3,0
12,14,11,14,1,1,3,0
12,14,12,15,1,1,3,0
12,14,13,16,1,1,3,0
12,14,14,17,1,1,3,0
12,14,15,18,1,1,3,0
12,14,16,19,1,1,3,0
12,14,17,20,1,1,3,0
12,14,18,21,1,1,3,0
12,14,19,22,1,1,3,0
12,14,20,23,1,1,3,0
12,14,21,24,1,1,3,0
12,14,22,25,1,1,3,0
12,14,23,26,1,1,3,0
12,14,24,27,1,1,3,0
12,14,25,28,1,1,3,0
12,14,26,29,1,1,3,0
12,14,27,30,1,1,3,0
12,14,28,31,1,1,3,0
12,14,29,32,1,1,3,0
12,14,30,33,1,1,3,0
12,14,31,34,1,1,3,0
12,14,32,35,1,1,3,0
12,14,33,36,1,1,3,0
12,14,34,37,1,1,3,0
12,14,35,38,1,1,3,0
12,14,36,39,1,1,3,0
12,14,37,40,1,1,3,0
12,14,38,41,1,1,3,0
12,14,39,42,1,1,3,0
12,14,40,43,1,1,3,0
12,14,41,44,1,1,3,0
12,14,42,45,1,1,3,0
12,14,43,46,1,1,3,0
12,14,44,47,1,1,3,0
12,14,45,48,1,1,3,0
12,14,46,49,1,1,3,0
12,14,47,50,1,1,3,0
3,11,0,3,1,1,3,0
3,11,1,4,1,1,3,0
3,11,2,5,1,1,3,0
3,11,3,6,1,1,3,0
3,11,4,7,1,1,3,0
3,11,5,8,1,1,3,0
3,11,6,9,1,1,3,0
3,11,7,10,1,1,3,0
3,11,8,11,1,1,3,0
3,11,9,12,1,1,3,0
3,11,10,13,1,1,3,0
3,11,11,14,1,1,3,0
3,11,12,15,1,1,3,0
3,11,13,16,1,1,3,0
3,11,14,17,1,1,3,0
3,11,15,18,1,1,3,0
3,11,16,19,1,1,3,0
3,11,17,20,1,1,3,0
3,11,18,21,1,1,3,0
3,11,19,22,1,1,3,0
3,11,20,23,1,1,3,0
3,11,21,24,1,1,3,0
3,11,22,25,1,1,3,0
3,11,23,26,1,1,3,0
3,11,24,27,1,1,3,0
3,11,25,28,1,1,3,0
3,11,26,29,1,1,3,0
3,11,27,30,1,1,3,0
3,11,28,31,1,1,3,0
3,11,29,32,1,1,3,0
3,11,30,33,1,1,3,0
3,11,31,34,1,1,3,0
3,11,32,35,1,1,3,0
3,11,33,36,1,1,3,0
3,11,34,37,1,1,3,0
3,11,35,38,1,1,3,0
3,11,36,39,1,1,3,0
3,11,37,40,1,1,3,0
3,11,38,41,1,1,3,0
3,11,39,42,1,1,3,0
3,11,40,43,1,1,3,0
3,11,41,44,1,1,3,0
3,11,42,45,1,1,3,0
3,11,43,46,1,1,3,0
3,11,44,47,1,1,3,0
3,11,45,48,1,1,3,0
3,11,46,49,1,1,3,0
3,11,47,50,1,1,3,0
14,11,0,6,1,1,6,0
14,11,1,7,1,1,6,0
14,11,2,8,1,1,6,0
14,11,3,9,1,1,6,0
14,11,4,10,1,1,6,0
14,11,5,11,1,1,6,0
14,11,6,12,1,1,6,0
14,11,7,13,1,1,6,0
14,11,8,14,1,1,6,0
14,11,9,15,1,1,6,0
14,11,10,16,1,1,6,0
14,11,11,17,1,1,6,0
14,11,12,18,1,1,6,0
14,11,13,19,1,1,6,0
14,11,14,20,1,1,6,0
14,11,15,21,1,1,6,0
14,11,16,22,1,1,6,0
14,11,17,23,1,1,6,0
14,11,18,24,1,1,6,0
14,11,19,25,1,1,6,0
14,11,20,26,1,1,6,0
14,11,21,27,1,1,6,0
14,11,22,28,1,1,6,0
14,11,23,29,1,1,6,0
14,11,24,30,1,1,6,0
14,11,25,31,1,1,6,0
14,11,26,32,1,1,6,0
14,11,27,33,1,1,6,0
14,11,28,34,1,1,6,0
14,11,29,35,1,1,6,0
14,11,30,36,1,1,6,0
14,11,31,37,1,1,6,0
14,11,32,38,1,1,6,0
14,11,33,39,1,1,6,0
14,11,34,40,1,1,6,0
14,11,35,41,1,1,6,0
14,11,36,42,1,1,6,0
14,11,37,43,1,1,6,0
14,11,38,44,1,1,6,0
14,11,39,45,1,1,6,0
14,11,40,46,1,1,6,0
14,11,41,47,1,1,6,0
14,11,42,48,1,1,6,0
14,11,43,49,1,1,6,0
14,11,44,50,1,1,6,0
4,10,0,4,1,1,4,0
4,10,1,5,1,1,4,0
4,10,2,6,1,1,4,0
4,10,3,7,1,1,4,0
4,10,4,8,1,1,4,0
4,10,5,9,1,1,4,0
4,10,6,10,1,1,4,0
4,10,7,11,1,1,4,0
4,10,8,12,1,1,4,0
4,10,9,13,1,1,4,0
4,10,10,14,1,1,4,0
4,10,11,15,1,1,4,0
4,10,12,16,1,1,4,0
4,10,13,17,1,1,4,0
4,10,14,18,1,1,4,0
4,10,15,19,1,1,4,0
4,10,16,20,1,1,4,0
4,10,17,21,1,1,4,0
4,10,18,22,1,1,4,0
4,10,19,23,1,1,4,0
4,10,20,24,1,1,4,0
4,10,21,25,1,1,4,0
4,10,22,26,1,1,4,0
4,10,23,27,1,1,4,0
4,10,24,28,1,1,4,0
4,10,25,29,1,1,4,0
4,10,26,30,1,1,4,0
4,10,27,31,1,1,4,0
4,10,28,32,1,1,4,0
4,10,29,33,1,1,4,0
4,10,30,34,1,1,4,0
4,10,31,35,1,1,4,0
4,10,32,36,1,1,4,0
4,10,33,37,1,1,4,0
4,10,34,38,1,1,4,0
4,10,35,39,1,1,4,0
4,10,36,40,1,1,4,0
4,10,37,41,1,1,4,0
4,10,38,42,1,1,4,0
4,10,39,43,1,1,4,0
4,10,40,44,1,1,4,0
4,10,41,45,1,1,4,0
4,10,42,46,1,1,4,0
4,10,43,47,1,1,4,0
4,10,44,48,1,1,4,0
4,10,45,49,1,1,4,0
4,10,46,50,1,1,4,0
8,1,0,3,1,1,3,0
8,1,1,4,1,1,3,0
8,1,2,5,1,1,3,0
8,1,3,6,1,1,3,0
8,1,4,7,1,1,3,0
8,1,5,8,1,1,3,0
8,1,6,9,1,1,3,0
8,1,7,10,1,1,3,0
8,1,8,11,1,1,3,0
8,1,9,12,1,1,3,0
8,1,10,13,1,1,3,0
8,1,11,14,1,1,3,0
8,1,12,15,1,1,3,0
8,1,13,16,1,1,3,0
8,1,14,17,1,1,3,0
8,1,15,18,1,1,3,0
8,1,16,19,1,1,3,0
8,1,17,20,1,1,3,0
8,1,18,21,1,1,3,0
8,1,19,22,1,1,3,0
8,1,20,23,1,1,3,0
8,1,21,24,1,1,3,0
8,1,22,25,1,1,3,0
8,1,23,26,1,1,3,0
8,1,24,27,1,1,3,0
8,1,25,28,1,1,3,0
8,1,26,29,1,1,3,0
8,1,27,30,1,1,3,0
8,1,28,31,1,1,3,0
8,1,29,32,1,1,3,0
8,1,30,33,1,1,3,0
8,1,31,34,1,1,3,0
8,1,32,35,1,1,3,0
8,1,33,36,1,1,3,0
8,1,34,37,1,1,3,0
8,1,35,38,1,1,3,0
8,1,36,39,1,1,3,0
8,1,37,40,1,1,3,0
8,1,38,41,1,1,3,0
8,1,39,42,1,1,3,0
8,1,40,43,1,1,3,0
8,1,41,44,1,1,3,0
8,1,42,45,1,1,3,0
8,1,43,46,1,1,3,0
8,1,44,47,1,1,3,0
8,1,45,48,1,1,3,0
8,1,46,49,1,1,3,0
8,1,47,50,1,1,3,0
8,10,0,4,1,1,4,0
8,10,1,5,1,1,4,0
8,10,2,6,1,1,4,0
8,10,3,7,1,1,4,0
8,10,4,8,1,1,4,0
8,10,5,9,1,1,4,0
8,10,6,10,1,1,4,0
8,10,7,11,1,1,4,0
8,10,8,12,1,1,4,0
8,10,9,13,1,1,4,0
8,10,10,14,1,1,4,0
8,10,11,15,1,1,4,0
8,10,12,16,1,1,4,0
8,10,13,17,1,1,4,0
8,10,14,18,1,1,4,0
8,10,15,19,1,1,4,0
8,10,16,20,1,1,4,0
8,10,17,21,1,1,4,0
8,10,18,22,1,1,4,0
8,10,19,23,1,1,4,0
8,10,20,24,1,1,4,0
8,10,21,25,1,1,4,0
8,10,22,26,1,1,4,0
8,10,23,27,1,1,4,0
8,10,24,28,1,1,4,0
8,10,25,29,1,1,4,0
8,10,26,30,1,1,4,0
8,10,27,31,1,1,4,0
8,10,28,32,1,1,4,0
8,10,29,33,1,1,4,0
8,10,30,34,1,1,4,0
8,10,31,35,1,1,4,0
8,10,32,36,1,1,4,0
8,10,33,37,1,1,4,0
8,10,34,38,1,1,4,0
8,10,35,39,1,1,4,0
8,10,36,40,1,1,4,0
8,10,37,41,1,1,4,0
8,10,38,42,1,1,4,0
8,10,39,43,1,1,4,0
8,10,40,44,1,1,4,0
8,10,41,45,1,1,4,0
8,10,42,46,1,1,4,0
8,10,43,47,1,1,4,0
8,10,44,48,1,1,4,0
8,10,45,49,1,1,4,0
8,10,46,50,1,1,4,0
10,7,0,3,1,1,3,0
10,7,1,4,1,1,3,0
10,7,2,5,1,1,3,0
10,7,3,6,1,1,3,0
10,7,4,7,1,1,3,0
10,7,5,8,1,1,3,0
10,7,6,9,1,1,3,0
10,7,7,10,1,1,3,0
10,7,8,11,1,1,3,0
10,7,9,12,1,1,3,0
10,7,10,13,1,1,3,0
10,7,11,14,1,1,3,0
10,7,12,15,1,1,3,0
10,7,13,16,1,1,3,0
10,7,14,17,1,1,3,0
10,7,15,18,1,1,3,0
10,7,16,19,1,1,3,0
10,7,17,20,1,1,3,0
10,7,18,21,1,1,3,0
10,7,19,22,1,1,3,0
10,7,20,23,1,1,3,0
10,7,21,24,1,1,3,0
10,7,22,25,1,1,3,0
10,7,23,26,1,1,3,0
10,7,24,27,1,1,3,0
10,7,25,28,1,1,3,0
10,7,26,29,1,1,3,0
10,7,27,30,1,1,3,0
10,7,28,31,1,1,3,0
10,7,29,32,1,1,3,0
10,7,30,33,1,1,3,0
10,7,31,34,1,1,3,0
10,7,32,35,1,1,3,0
10,7,33,36,1,1,3,0
10,7,34,37,1,1,3,0
10,7,35,38,1,1,3,0
10,7,36,39,1,1,3,0
10,7,37,40,1,1,3,0
10,7,38,41,1,1,3,0
10,7,39,42,1,1,3,0
10,7,40,43,1,1,3,0
10,7,41,44,1,1,3,0
10,7,42,45,1,1,3,0
10,7,43,46,1,1,3,0
10,7,44,47,1,1,3,0
10,7,45,48,1,1,3,0
10,7,46,49,1,1,3,0
10,7,47,50,1,1,3,0
1,4,0,5,1,1,5,0
1,4,1,6,1,1,5,0
1,4,2,7,1,1,5,0
1,4,3,8,1,1,5,0
1,4,4,9,1,1,5,0
1,4,5,10,1,1,5,0
1,4,6,11,1,1,5,0
1,4,7,12,1,1,5,0
1,4,8,13,1,1,5,0
1,4,9,14,1,1,5,0
1,4,10,15,1,1,5,0
1,4,11,16,1,1,5,0
1,4,12,17,1,1,5,0
1,4,13,18,1,1,5,0
1,4,14,19,1,1,5,0
1,4,15,20,1,1,5,0
1,4,16,21,1,1,5,0
1,4,17,22,1,1,5,0
1,4,18,23,1,1,5,0
1,4,19,24,1,1,5,0
1,4,20,25,1,1,5,0
1,4,21,26,1,1,5,0
1,4,22,27,1,1,5,0
1,4,23,28,1,1,5,0
1,4,24,29,1,1,5,0
1,4,25,30,1,1,5,0
1,4,26,31,1,1,5,0
1,4,27,32,1,1,5,0
1,4,28,33,1,1,5,0
1,4,29,34,1,1,5,0
1,4,30,35,1,1,5,0
1,4,31,36,1,1,5,0
1,4,32,37,1,1,5,0
1,4,33,38,1,1,5,0
1,4,34,39,1,1,5,0
1,4,35,40,1,1,5,0
1,4,36,41,1,1,5,0
1,4,37,42,1,1,5,0
1,4,38,43,1,1,5,0
1,4,39,44,1,1,5,0
1,4,40,45,1,1,5,0
1,4,41,46,1,1,5,0
1,4,42,47,1,1,5,0
1,4,43,48,1,1,5,0
1,4,44,49,1,1,5,0
1,4,45,50,1,1,5,0
0,6,0,2,1,1,2,0
0,6,1,3,1,1,2,0
0,6,2,4,1,1,2,0
0,6,3,5,1,1,2,0
0,6,4,6,1,1,2,0
0,6,5,7,1,1,2,0
0,6,6,8,1,1,2,0
0,6,7,9,1,1,2,0
0,6,8,10,1,1,2,0
0,6,9,11,1,1,2,0
0,6,10,12,1,1,2,0
0,6,11,13,1,1,2,0
0,6,12,14,1,1,2,0
0,6,13,15,1,1,2,0
0,6,14,16,1,1,2,0
0,6,15,17,1,1,2,0
0,6,16,18,1,1,2,0
0,6,17,19,1,1,2,0
0,6,18,20,1,1,2,0
0,6,19,21,1,1,2,0
0,6,20,22,1,1,2,0
0,6,21,23,1,1,2,0
0,6,22,24,1,1,2,0
0,6,23,25,1,1,2,0
0,6,24,26,1,1,2,0
0,6,25,27,1,1,2,0
0,6,26,28,1,1,2,0
0,6,27,29,1,1,2,0
0,6,28,30,1,1,2,0
0,6,29,31,1,1,2,0
0,6,30,32,1,1,2,0
0,6,31,33,1,1,2,0
0,6,32,34,1,1,2,0
0,6,33,35,1,1,2,0
0,6,34,36,1,1,2,0
0,6,35,37,1,1,2,0
0,6,36,38,1,1,2,0
0,6,37,39,1,1,2,0
0,6,38,40,1,1,2,0
0,6,39,41,1,1,2,0
0,6,40,42,1,1,2,0
0,6,41,43,1,1,2,0
0,6,42,44,1,1,2,0
0,6,43,45,1,1,2,0
0,6,44,46,1,1,2,0
0,6,45,47,1,1,2,0
0,6,46,48,1,1,2,0
0,6,47,49,1,1,2,0
0,6,48,50,1,1,2,0
2,3,0,3,1,1,3,0
2,3,1,4,1,1,3,0
2,3,2,5,1,1,3,0
2,3,3,6,1,1,3,0
2,3,4,7,1,1,3,0
2,3,5,8,1,1,3,0
2,3,6,9,1,1,3,0
2,3,7,10,1,1,3,0
2,3,8,11,1,1,3,0
2,3,9,12,1,1,3,0
2,3,10,13,1,1,3,0
2,3,11,14,1,1,3,0
2,3,12,15,1,1,3,0
2,3,13,16,1,1,3,0
2,3,14,17,1,1,3,0
2,3,15,18,1,1,3,0
2,3,16,19,1,1,3,0
2,3,17,20,1,1,3,0
2,3,18,21,1,1,3,0
2,3,19,22,1,1,3,0
2,3,20,23,1,1,3,0
2,3,21,24,1,1,3,0
2,3,22,25,1,1,3,0
2,3,23,26,1,1,3,0
2,3,24,27,1,1,3,0
2,3,25,28,1,1,3,0
2,3,26,29,1,1,3,0
2,3,27,30,1,1,3,0
2,3,28,31,1,1,3,0
2,3,29,32,1,1,3,0
2,3,30,33,1,1,3,0
2,3,31,34,1,1,3,0
2,3,32,35,1,1,3,0
2,3,33,36,1,1,3,0
2,3,34,37,1,1,3,0
2,3,35,38,1,1,3,0
2,3,36,39,1,1,3,0
2,3,37,40,1,1,3,0
2,3,38,41,1,1,3,0
2,3,39,42,1,1,3,0
2,3,40,43,1,1,3,0
2,3,41,44,1,1,3,0
2,3,42,45,1,1,3,0
2,3,43,46,1,1,3,0
2,3,44,47,1,1,3,0
2,3,45,48,1,1,3,0
2,3,46,49,1,1,3,0
2,3,47,50,1,1,3,0
11,6,0,5,1,1,5,0
11,6,1,6,1,1,5,0
11,6,2,7,1,1,5,0
11,6,3,8,1,1,5,0
11,6,4,9,1,1,5,0
11,6,5,10,1,1,5,0
11,6,6,11,1,1,5,0
11,6,7,12,1,1,5,0
11,6,8,13,1,1,5,0
11,6,9,14,1,1,5,0
11,6,10,15,1,1,5,0
11,6,11,16,1,1,5,0
11,6,12,17,1,1,5,0
11,6,13,18,1,1,5,0
11,6,14,19,1,1,5,0
11,6,15,20,1,1,5,0
11,6,16,21,1,1,5,0
11,6,17,22,1,1,5,0
11,6,18,23,1,1,5,0
11,6,19,24,1,1,5,0
11,6,20,25,1,1,5,0
11,6,21,26,1,1,5,0
11,6,22,27,1,1,5,0
11,6,23,28,1,1,5,0
11,6,24,29,1,1,5,0
11,6,25,30,1,1,5,0
11,6,26,31,1,1,5,0
11,6,27,32,1,1,5,0
11,6,28,33,1,1,5,0
11,6,29,34,1,1,5,0
11,6,30,35,1,1,5,0
11,6,31,36,1,1,5,0
11,6,32,37,1,1,5,0
11,6,33,38,1,1,5,0
11,6,34,39,1,1,5,0
11,6,35,40,1,1,5,0
11,6,36,41,1,1,5,0
11,6,37,42,1,1,5,0
11,6,38,43,1,1,5,0
11,6,39,44,1,1,5,0
11,6,40,45,1,1,5,0
11,6,41,46,1,1,5,0
11,6,42,47,1,1,5,0
11,6,43,48,1,1,5,0
11,6,44,49,1,1,5,0
11,6,45,50,1,1,5,0
1,13,0,4,1,1,4,0
1,13,1,5,1,1,4,0
1,13,2,6,1,1,4,0
1,13,3,7,1,1,4,0
1,13,4,8,1,1,4,0
1,13,5,9,1,1,4,0
1,13,6,10,1,1,4,0
1,13,7,11,1,1,4,0
1,13,8,12,1,1,4,0
1,13,9,13,1,1,4,0
1,13,10,14,1,1,4,0
1,13,11,15,1,1,4,0
1,13,12,16,1,1,4,0
1,13,13,17,1,1,4,0
1,13,14,18,1,1,4,0
1,13,15,19,1,1,4,0
1,13,16,20,1,1,4,0
1,13,17,21,1,1,4,0
1,13,18,22,1,1,4,0
1,13,19,23,1,1,4,0
1,13,20,24,1,1,4,0
1,13,21,25,1,1,4,0
1,13,22,26,1,1,4,0
1,13,23,27,1,1,4,0
1,13,24,28,1,1,4,0
1,13,25,29,1,1,4,0
1,13,26,30,1,1,4,0
1,13,27,31,1,1,4,0
1,13,28,32,1,1,4,0
1,13,29,33,1,1,4,0
1,13,30,34,1,1,4,0
1,13,31,35,1,1,4,0
1,13,32,36,1,1,4,0
1,13,33,37,1,1,4,0
1,13,34,38,1,1,4,0
1,13,35,39,1,1,4,0
1,13,36,40,1,1,4,0
1,13,37,41,1,1,4,0
1,13,38,42,1,1,4,0
1,13,39,43,1,1,4,0
1,13,40,44,1,1,4,0
1,13,41,45,1,1,4,0
1,13,42,46,1,1,4,0
1,13,43,47,1,1,4,0
1,13,44,48,1,1,4,0
1,13,45,49,1,1,4,0
1,13,46,50,1,1,4,0
2,12,0,2,1,1,2,0
2,12,1,3,1,1,2,0
2,12,2,4,1,1,2,0
2,12,3,5,1,1,2,0
2,12,4,6,1,1,2,0
2,12,5,7,1,1,2,0
2,12,6,8,1,1,2,0
2,12,7,9,1,1,2,0
2,12,8,10,1,1,2,0
2,12,9,11,1,1,2,0
2,12,10,12,1,1,2,0
2,12,11,13,1,1,2,0
2,12,12,14,1,1,2,0
2,12,13,15,1,1,2,0
2,12,14,16,1,1,2,0
2,12,15,17,1,1,2,0
2,12,16,18,1,1,2,0
2,12,17,19,1,1,2,0
2,12,18,20,1,1,2,0
2,12,19,21,1,1,2,0
2,12,20,22,1,1,2,0
2,12,21,23,1,1,2,0
2,12,22,24,1,1,2,0
2,12,23,25,1,1,2,0
2,12,24,26,1,1,2,0
2,12,25,27,1,1,2,0
2,12,26,28,1,1,2,0
2,12,27,29,1,1,2,0
2,12,28,30,1,1,2,0
2,12,29,31,1,1,2,0
2,12,30,32,1,1,2,0
2,12,31,33,1,1,2,0
2,12,32,34,1,1,2,0
2,12,33,35,1,1,2,0
2,12,34,36,1,1,2,0
2,12,35,37,1,1,2,0
2,12,36,38,1,1,2,0
2,12,37,39,1,1,2,0
2,12,38,40,1,1,2,0
2,12,39,41,1,1,2,0
2,12,40,42,1,1,2,0
2,12,41,43,1,1,2,0
2,12,42,44,1,1,2,0
2,12,43,45,1,1,2,0
2,12,44,46,1,1,2,0
2,12,45,47,1,1,2,0
2,12,46,48,1,1,2,0
2,12,47,49,1,1,2,0
2,12,48,50,1,1,2,0
11,15,0,7,1,1,7,0
11,15,1,8,1,1,7,0
11,15,2,9,1,1,7,0
11,15,3,10,1,1,7,0
11,15,4,11,1,1,7,0
11,15,5,12,1,1,7,0
11,15,6,13,1,1,7,0
11,15,7,14,1,1,7,0
11,15,8,15,1,1,7,0
11,15,9,16,1,1,7,0
11,15,10,17,1,1,7,0
11,15,11,18,1,1,7,0
11,15,12,19,1,1,7,0
11,15,13,20,1,1,7,0
11,15,14,21,1,1,7,0
11,15,15,22,1,1,7,0
11,15,16,23,1,1,7,0
11,15,17,24,1,1,7,0
11,15,18,25,1,1,7,0
11,15,19,26,1,1,7,0
11,15,20,27,1,1,7,0
11,15,21,28,1,1,7,0
11,15,22,29,1,1,7,0
11,15,23,30,1,1,7,0
11,15,24,31,1,1,7,0
11,15,25,32,1,1,7,0
11,15,26,33,1,1,7,0
11,15,27,34,1,1,7,0
11,15,28,35,1,1,7,0
11,15,29,36,1,1,7,0
11,15,30,37,1,1,7,0
11,15,31,38,1,1,7,0
11,15,32,39,1,1,7,0
11,15,33,40,1,1,7,0
11,15,34,41,1,1,7,0
11,15,35,42,1,1,7,0
11,15,36,43,1,1,7,0
11,15,37,44,1,1,7,0
11,15,38,45,1,1,7,0
11,15,39,46,1,1,7,0
11,15,40,47,1,1,7,0
11,15,41,48,1,1,7,0
11,15,42,49,1,1,7,0
11,15,43,50,1,1,7,0
6,3,0,5,1,1,5,0
6,3,1,6,1,1,5,0
6,3,2,7,1,1,5,0
6,3,3,8,1,1,5,0
6,3,4,9,1,1,5,0
6,3,5,10,1,1,5,0
6,3,6,11,1,1,5,0
6,3,7,12,1,1,5,0
6,3,8,13,1,1,5,0
6,3,9,14,1,1,5,0
6,3,10,15,1,1,5,0
6,3,11,16,1,1,5,0
6,3,12,17,1,1,5,0
6,3,13,18,1,1,5,0
6,3,14,19,1,1,5,0
6,3,15,20,1,1,5,0
6,3,16,21,1,1,5,0
6,3,17,22,1,1,5,0
6,3,18,23,1,1,5,0
6,3,19,24,1,1,5,0
6,3,20,25,1,1,5,0
6,3,21,26,1,1,5,0
6,3,22,27,1,1,5,0
6,3,23,28,1,1,5,0
6,3,24,29,1,1,5,0
6,3,25,30,1,1,5,0
6,3,26,31,1,1,5,0
6,3,27,32,1,1,5,0
6,3,28,33,1,1,5,0
6,3,29,34,1,1,5,0
6,3,30,35,1,1,5,0
6,3,31,36,1,1,5,0
6,3,32,37,1,1,5,0
6,3,33,38,1,1,5,0
6,3,34,39,1,1,5,0
6,3,35,40,1,1,5,0
6,3,36,41,1,1,5,0
6,3,37,42,1,1,5,0
6,3,38,43,1,1,5,0
6,3,39,44,1,1,5,0
6,3,40,45,1,1,5,0
6,3,41,46,1,1,5,0
6,3,42,47,1,1,5,0
6,3,43,48,1,1,5,0
6,3,44,49,1,1,5,0
6,3,45,50,1,1,5,0
6,12,0,4,1,1,4,0
6,12,1,5,1,1,4,0
6,12,2,6,1,1,4,0
6,12,3,7,1,1,4,0
6,12,4,8,1,1,4,0
6,12,5,9,1,1,4,0
6,12,6,10,1,1,4,0
6,12,7,11,1,1,4,0
6,12,8,12,1,1,4,0
6,12,9,13,1,1,4,0
6,12,10,14,1,1,4,0
6,12,11,15,1,1,4,0
6,12,12,16,1,1,4,0
6,12,13,17,1,1,4,0
6,12,14,18,1,1,4,0
6,12,15,19,1,1,4,0
6,12,16,20,1,1,4,0
6,12,17,21,1,1,4,0
6,12,18,22,1,1,4,0
6,12,19,23,1,1,4,0
6,12,20,24,1,1,4,0
6,12,21,25,1,1,4,0
6,12,22,26,1,1,4,0
6,12,23,27,1,1,4,0
6,12,24,28,1,1,4,0
6,12,25,29,1,1,4,0
6,12,26,30,1,1,4,0
6,12,27,31,1,1,4,0
6,12,28,32,1,1,4,0
6,12,29,33,1,1,4,0
6,12,30,34,1,1,4,0
6,12,31,35,1,1,4,0
6,12,32,36,1,1,4,0
6,12,33,37,1,1,4,0
6,12,34,38,1,1,4,0
6,12,35,39,1,1,4,0
6,12,36,40,1,1,4,0
6,12,37,41,1,1,4,0
6,12,38,42,1,1,4,0
6,12,39,43,1,1,4,0
6,12,40,44,1,1,4,0
6,12,41,45,1,1,4,0
6,12,42,46,1,1,4,0
6,12,43,47,1,1,4,0
6,12,44,48,1,1,4,0
6,12,45,49,1,1,4,0
6,12,46,50,1,1,4,0
12,7,0,4,1,1,4,0
12,7,1,5,1,1,4,0
12,7,2,6,1,1,4,0
12,7,3,7,1,1,4,0
12,7,4,8,1,1,4,0
12,7,5,9,1,1,4,0
12,7,6,10,1,1,4,0
12,7,7,11,1,1,4,0
12,7,8,12,1,1,4,0
12,7,9,13,1,1,4,0
12,7,10,14,1,1,4,0
12,7,11,15,1,1,4,0
12,7,12,16,1,1,4,0
12,7,13,17,1,1,4,0
12,7,14,18,1,1,4,0
12,7,15,19,1,1,4,0
12,7,16,20,1,1,4,0
12,7,17,21,1,1,4,0
12,7,18,22,1,1,4,0
12,7,19,23,1,1,4,0
12,7,20,24,1,1,4,0
12,7,21,25,1,1,4,0
12,7,22,26,1,1,4,0
12,7,23,27,1,1,4,0
12,7,24,28,1,1,4,0
12,7,25,29,1,1,4,0
12,7,26,30,1,1,4,0
12,7,27,31,1,1,4,0
12,7,28,32,1,1,4,0
12,7,29,33,1,1,4,0
12,7,30,34,1,1,4,0
12,7,31,35,1,1,4,0
12,7,32,36,1,1,4,0
12,7,33,37,1,1,4,0
12,7,34,38,1,1,4,0
12,7,35,39,1,1,4,0
12,7,36,40,1,1,4,0
12,7,37,41,1,1,4,0
12,7,38,42,1,1,4,0
12,7,39,43,1,1,4,0
12,7,40,44,1,1,4,0
12,7,41,45,1,1,4,0
12,7,42,46,1,1,4,0
12,7,43,47,1,1,4,0
12,7,44,48,1,1,4,0
12,7,45,49,1,1,4,0
12,7,46,50,1,1,4,0
3,4,0,8,1,1,8,0
3,4,1,9,1,1,8,0
3,4,2,10,1,1,8,0
3,4,3,11,1,1,8,0
3,4,4,12,1,1,8,0
3,4,5,13,1,1,8,0
3,4,6,14,1,1,8,0
3,4,7,15,1,1,8,0
3,4,8,16,1,1,8,0
3,4,9,17,1,1,8,0
3,4,10,18,1,1,8,0
3,4,11,19,1,1,8,0
3,4,12,20,1,1,8,0
3,4,13,21,1,1,8,0
3,4,14,22,1,1,8,0
3,4,15,23,1,1,8,0
3,4,16,24,1,1,8,0
3,4,17,25,1,1,8,0
3,4,18,26,1,1,8,0
3,4,19,27,1,1,8,0
3,4,20,28,1,1,8,0
3,4,21,29,1,1,8,0
3,4,22,30,1,1,8,0
3,4,23,31,1,1,8,0
3,4,24,32,1,1,8,0
3,4,25,33,1,1,8,0
3,4,26,34,1,1,8,0
3,4,27,35,1,1,8,0
3,4,28,36,1,1,8,0
3,4,29,37,1,1,8,0
3,4,30,38,1,1,8,0
3,4,31,39,1,1,8,0
3,4,32,40,1,1,8,0
3,4,33,41,1,1,8,0
3,4,34,42,1,1,8,0
3,4,35,43,1,1,8,0
3,4,36,44,1,1,8,0
3,4,37,45,1,1,8,0
3,4,38,46,1,1,8,0
3,4,39,47,1,1,8,0
3,4,40,48,1,1,8,0
3,4,41,49,1,1,8,0
3,4,42,50,1,1,8,0
14,4,0,6,1,1,6,0
14,4,1,7,1,1,6,0
14,4,2,8,1,1,6,0
14,4,3,9,1,1,6,0
14,4,4,10,1,1,6,0
14,4,5,11,1,1,6,0
14,4,6,12,1,1,6,0
14,4,7,13,1,1,6,0
14,4,8,14,1,1,6,0
14,4,9,15,1,1,6,0
14,4,10,16,1,1,6,0
14,4,11,17,1,1,6,0
14,4,12,18,1,1,6,0
14,4,13,19,1,1,6,0
14,4,14,20,1,1,6,0
14,4,15,21,1,1,6,0
14,4,16,22,1,1,6,0
14,4,17,23,1,1,6,0
14,4,18,24,1,1,6,0
14,4,19,25,1,1,6,0
14,4,20,26,1,1,6,0
14,4,21,27,1,1,6,0
14,4,22,28,1,1,6,0
14,4,23,29,1,1,6,0
14,4,24,30,1,1,6,0
14,4,25,31,1,1,6,0
14,4,26,32,1,1,6,0
14,4,27,33,1,1,6,0
14,4,28,34,1,1,6,0
14,4,29,35,1,1,6,0
14,4,30,36,1,1,6,0
14,4,31,37,1,1,6,0
14,4,32,38,1,1,6,0
14,4,33,39,1,1,6,0
14,4,34,40,1,1,6,0
14,4,35,41,1,1,6,0
14,4,36,42,1,1,6,0
14,4,37,43,1,1,6,0
14,4,38,44,1,1,6,0
14,4,39,45,1,1,6,0
14,4,40,46,1,1,6,0
14,4,41,47,1,1,6,0
14,4,42,48,1,1,6,0
14,4,43,49,1,1,6,0
14,4,44,50,1,1,6,0
4,3,0,8,1,1,8,0
4,3,1,9,1,1,8,0
4,3,2,10,1,1,8,0
4,3,3,11,1,1,8,0
4,3,4,12,1,1,8,0
4,3,5,13,1,1,8,0
4,3,6,14,1,1,8,0
4,3,7,15,1,1,8,0
4,3,8,16,1,1,8,0
4,3,9,17,1,1,8,0
4,3,10,18,1,1,8,0
4,3,11,19,1,1,8,0
4,3,12,20,1,1,8,0
4,3,13,21,1,1,8,0
4,3,14,22,1,1,8,0
4,3,15,23,1,1,8,0
4,3,16,24,1,1,8,0
4,3,17,25,1,1,8,0
4,3,18,26,1,1,8,0
4,3,19,27,1,1,8,0
4,3,20,28,1,1,8,0
4,3,21,29,1,1,8,0
4,3,22,30,1,1,8,0
4,3,23,31,1,1,8,0
4,3,24,32,1,1,8,0
4,3,25,33,1,1,8,0
4,3,26,34,1,1,8,0
4,3,27,35,1,1,8,0
4,3,28,36,1,1,8,0
4,3,29,37,1,1,8,0
4,3,30,38,1,1,8,0
4,3,31,39,1,1,8,0
4,3,32,40,1,1,8,0
4,3,33,41,1,1,8,0
4,3,34,42,1,1,8,0
4,3,35,43,1,1,8,0
4,3,36,44,1,1,8,0
4,3,37,45,1,1,8,0
4,3,38,46,1,1,8,0
4,3,39,47,1,1,8,0
4,3,40,48,1,1,8,0
4,3,41,49,1,1,8,0
4,3,42,50,1,1,8,0
4,12,0,7,1,1,7,0
4,12,1,8,1,1,7,0
4,12,2,9,1,1,7,0
4,12,3,10,1,1,7,0
4,12,4,11,1,1,7,0
4,12,5,12,1,1,7,0
4,12,6,13,1,1,7,0
4,12,7,14,1,1,7,0
4,12,8,15,1,1,7,0
4,12,9,16,1,1,7,0
4,12,10,17,1,1,7,0
4,12,11,18,1,1,7,0
4,12,12,19,1,1,7,0
4,12,13,20,1,1,7,0
4,12,14,21,1,1,7,0
4,12,15,22,1,1,7,0
4,12,16,23,1,1,7,0
4,12,17,24,1,1,7,0
4,12,18,25,1,1,7,0
4,12,19,26,1,1,7,0
4,12,20,27,1,1,7,0
4,12,21,28,1,1,7,0
4,12,22,29,1,1,7,0
4,12,23,30,1,1,7,0
4,12,24,31,1,1,7,0
4,12,25,32,1,1,7,0
4,12,26,33,1,1,7,0
4,12,27,34,1,1,7,0
4,12,28,35,1,1,7,0
4,12,29,36,1,1,7,0
4,12,30,37,1,1,7,0
4,12,31,38,1,1,7,0
4,12,32,39,1,1,7,0
4,12,33,40,1,1,7,0
4,12,34,41,1,1,7,0
4,12,35,42,1,1,7,0
4,12,36,43,1,1,7,0
4,12,37,44,1,1,7,0
4,12,38,45,1,1,7,0
4,12,39,46,1,1,7,0
4,12,40,47,1,1,7,0
4,12,41,48,1,1,7,0
4,12,42,49,1,1,7,0
4,12,43,50,1,1,7,0
8,3,0,5,1,1,5,0
8,3,1,6,1,1,5,0
8,3,2,7,1,1,5,0
8,3,3,8,1,1,5,0
8,3,4,9,1,1,5,0
8,3,5,10,1,1,5,0
8,3,6,11,1,1,5,0
8,3,7,12,1,1,5,0
8,3,8,13,1,1,5,0
8,3,9,14,1,1,5,0
8,3,10,15,1,1,5,0
8,3,11,16,1,1,5,0
8,3,12,17,1,1,5,0
8,3,13,18,1,1,5,0
8,3,14,19,1,1,5,0
8,3,15,20,1,1,5,0
8,3,16,21,1,1,5,0
8,3,17,22,1,1,5,0
8,3,18,23,1,1,5,0
8,3,19,24,1,1,5,0
8,3,20,25,1,1,5,0
8,3,21,26,1,1,5,0
8,3,22,27,1,1,5,0
8,3,23,28,1,1,5,0
8,3,24,29,1,1,5,0
8,3,25,30,1,1,5,0
8,3,26,31,1,1,5,0
8,3,27,32,1,1,5,0
8,3,28,33,1,1,5,0
8,3,29,34,1,1,5,0
8,3,30,35,1,1,5,0
8,3,31,36,1,1,5,0
8,3,32,37,1,1,5,0
8,3,33,38,1,1,5,0
8,3,34,39,1,1,5,0
8,3,35,40,1,1,5,0
8,3,36,41,1,1,5,0
8,3,37,42,1,1,5,0
8,3,38,43,1,1,5,0
8,3,39,44,1,1,5,0
8,3,40,45,1,1,5,0
8,3,41,46,1,1,5,0
8,3,42,47,1,1,5,0
8,3,43,48,1,1,5,0
8,3,44,49,1,1,5,0
8,3,45,50,1,1,5,0
10,0,0,3,1,1,3,0
10,0,1,4,1,1,3,0
10,0,2,5,1,1,3,0
10,0,3,6,1,1,3,0
10,0,4,7,1,1,3,0
10,0,5,8,1,1,3,0
10,0,6,9,1,1,3,0
10,0,7,10,1,1,3,0
10,0,8,11,1,1,3,0
10,0,9,12,1,1,3,0
10,0,10,13,1,1,3,0
10,0,11,14,1,1,3,0
10,0,12,15,1,1,3,0
10,0,13,16,1,1,3,0
10,0,14,17,1,1,3,0
10,0,15,18,1,1,3,0
10,0,16,19,1,1,3,0
10,0,17,20,1,1,3,0
10,0,18,21,1,1,3,0
10,0,19,22,1,1,3,0
10,0,20,23,1,1,3,0
10,0,21,24,1,1,3,0
10,0,22,25,1,1,3,0
10,0,23,26,1,1,3,0
10,0,24,27,1,1,3,0
10,0,25,28,1,1,3,0
10,0,26,29,1,1,3,0
10,0,27,30,1,1,3,0
10,0,28,31,1,1,3,0
10,0,29,32,1,1,3,0
10,0,30,33,1,1,3,0
10,0,31,34,1,1,3,0
10,0,32,35,1,1,3,0
10,0,33,36,1,1,3,0
10,0,34,37,1,1,3,0
10,0,35,38,1,1,3,0
10,0,36,39,1,1,3,0
10,0,37,40,1,1,3,0
10,0,38,41,1,1,3,0
10,0,39,42,1,1,3,0
10,0,40,43,1,1,3,0
10,0,41,44,1,1,3,0
10,0,42,45,1,1,3,0
10,0,43,46,1,1,3,0
10,0,44,47,1,1,3,0
10,0,45,48,1,1,3,0
10,0,46,49,1,1,3,0
10,0,47,50,1,1,3,0
8,12,0,4,1,1,4,0
8,12,1,5,1,1,4,0
8,12,2,6,1,1,4,0
8,12,3,7,1,1,4,0
8,12,4,8,1,1,4,0
8,12,5,9,1,1,4,0
8,12,6,10,1,1,4,0
8,12,7,11,1,1,4,0
8,12,8,12,1,1,4,0
8,12,9,13,1,1,4,0
8,12,10,14,1,1,4,0
8,12,11,15,1,1,4,0
8,12,12,16,1,1,4,0
8,12,13,17,1,1,4,0
8,12,14,18,1,1,4,0
8,12,15,19,1,1,4,0
8,12,16,20,1,1,4,0
8,12,17,21,1,1,4,0
8,12,18,22,1,1,4,0
8,12,19,23,1,1,4,0
8,12,20,24,1,1,4,0
8,12,21,25,1,1,4,0
8,12,22,26,1,1,4,0
8,12,23,27,1,1,4,0
8,12,24,28,1,1,4,0
8,12,25,29,1,1,4,0
8,12,26,30,1,1,4,0
8,12,27,31,1,1,4,0
8,12,28,32,1,1,4,0
8,12,29,33,1,1,4,0
8,12,30,34,1,1,4,0
8,12,31,35,1,1,4,0
8,12,32,36,1,1,4,0
8,12,33,37,1,1,4,0
8,12,34,38,1,1,4,0
8,12,35,39,1,1,4,0
8,12,36,40,1,1,4,0
8,12,37,41,1,1,4,0
8,12,38,42,1,1,4,0
8,12,39,43,1,1,4,0
8,12,40,44,1,1,4,0
8,12,41,45,1,1,4,0
8,12,42,46,1,1,4,0
8,12,43,47,1,1,4,0
8,12,44,48,1,1,4,0
8,12,45,49,1,1,4,0
8,12,46,50,1,1,4,0
10,9,0,7,1,1,7,0
10,9,1,8,1,1,7,0
10,9,2,9,1,1,7,0
10,9,3,10,1,1,7,0
10,9,4,11,1,1,7,0
10,9,5,12,1,1,7,0
10,9,6,13,1,1,7,0
10,9,7,14,1,1,7,0
10,9,8,15,1,1,7,0
10,9,9,16,1,1,7,0
10,9,10,17,1,1,7,0
10,9,11,18,1,1,7,0
10,9,12,19,1,1,7,0
10,9,13,20,1,1,7,0
10,9,14,21,1,1,7,0
10,9,15,22,1,1,7,0
10,9,16,23,1,1,7,0
10,9,17,24,1,1,7,0
10,9,18,25,1,1,7,0
10,9,19,26,1,1,7,0
10,9,20,27,1,1,7,0
10,9,21,28,1,1,7,0
10,9,22,29,1,1,7,0
10,9,23,30,1,1,7,0
10,9,24,31,1,1,7,0
10,9,25,32,1,1,7,0
10,9,26,33,1,1,7,0
10,9,27,34,1,1,7,0
10,9,28,35,1,1,7,0
10,9,29,36,1,1,7,0
10,9,30,37,1,1,7,0
10,9,31,38,1,1,7,0
10,9,32,39,1,1,7,0
10,9,33,40,1,1,7,0
10,9,34,41,1,1,7,0
10,9,35,42,1,1,7,0
10,9,36,43,1,1,7,0
10,9,37,44,1,1,7,0
10,9,38,45,1,1,7,0
10,9,39,46,1,1,7,0
10,9,40,47,1,1,7,0
10,9,41,48,1,1,7,0
10,9,42,49,1,1,7,0
10,9,43,50,1,1,7,0
1,6,0,2,1,1,2,0
1,6,1,3,1,1,2,0
1,6,2,4,1,1,2,0
1,6,3,5,1,1,2,0
1,6,4,6,1,1,2,0
1,6,5,7,1,1,2,0
1,6,6,8,1,1,2,0
1,6,7,9,1,1,2,0
1,6,8,10,1,1,2,0
1,6,9,11,1,1,2,0
1,6,10,12,1,1,2,0
1,6,11,13,1,1,2,0
1,6,12,14,1,1,2,0
1,6,13,15,1,1,2,0
1,6,14,16,1,1,2,0
1,6,15,17,1,1,2,0
1,6,16,18,1,1,2,0
1,6,17,19,1,1,2,0
1,6,18,20,1,1,2,0
1,6,19,21,1,1,2,0
1,6,20,22,1,1,2,0
1,6,21,23,1,1,2,0
1,6,22,24,1,1,2,0
1,6,23,25,1,1,2,0
1,6,24,26,1,1,2,0
1,6,25,27,1,1,2,0
1,6,26,28,1,1,2,0
1,6,27,29,1,1,2,0
1,6,28,30,1,1,2,0
1,6,29,31,1,1,2,0
1,6,30,32,1,1,2,0
1,6,31,33,1,1,2,0
1,6,32,34,1,1,2,0
1,6,33,35,1,1,2,0
1,6,34,36,1,1,2,0
1,6,35,37,1,1,2,0
1,6,36,38,1,1,2,0
1,6,37,39,1,1,2,0
1,6,38,40,1,1,2,0
1,6,39,41,1,1,2,0
1,6,40,42,1,1,2,0
1,6,41,43,1,1,2,0
1,6,42,44,1,1,2,0
1,6,43,45,1,1,2,0
1,6,44,46,1,1,2,0
1,6,45,47,1,1,2,0
1,6,46,48,1,1,2,0
1,6,47,49,1,1,2,0
1,6,48,50,1,1,2,0
0,8,0,5,1,1,5,0
0,8,1,6,1,1,5,0
0,8,2,7,1,1,5,0
0,8,3,8,1,1,5,0
0,8,4,9,1,1,5,0
0,8,5,10,1,1,5,0
0,8,6,11,1,1,5,0
0,8,7,12,1,1,5,0
0,8,8,13,1,1,5,0
0,8,9,14,1,1,5,0
0,8,10,15,1,1,5,0
0,8,11,16,1,1,5,0
0,8,12,17,1,1,5,0
0,8,13,18,1,1,5,0
0,8,14,19,1,1,5,0
0,8,15,20,1,1,5,0
0,8,16,21,1,1,5,0
0,8,17,22,1,1,5,0
0,8,18,23,1,1,5,0
0,8,19,24,1,1,5,0
0,8,20,25,1,1,5,0
0,8,21,26,1,1,5,0
0,8,22,27,1,1,5,0
0,8,23,28,1,1,5,0
0,8,24,29,1,1,5,0
0,8,25,30,1,1,5,0
0,8,26,31,1,1,5,0
0,8,27,32,1,1,5,0
0,8,28,33,1,1,5,0
0,8,29,34,1,1,5,0
0,8,30,35,1,1,5,0
0,8,31,36,1,1,5,0
0,8,32,37,1,1,5,0
0,8,33,38,1,1,5,0
0,8,34,39,1,1,5,0
0,8,35,40,1,1,5,0
0,8,36,41,1,1,5,0
0,8,37,42,1,1,5,0
0,8,38,43,1,1,5,0
0,8,39,44,1,1,5,0
0,8,40,45,1,1,5,0
0,8,41,46,1,1,5,0
0,8,42,47,1,1,5,0
0,8,43,48,1,1,5,0
0,8,44,49,1,1,5,0
0,8,45,50,1,1,5,0
2,5,0,2,1,1,2,0
2,5,1,3,1,1,2,0
2,5,2,4,1,1,2,0
2,5,3,5,1,1,2,0
2,5,4,6,1,1,2,0
2,5,5,7,1,1,2,0
2,5,6,8,1,1,2,0
2,5,7,9,1,1,2,0
2,5,8,10,1,1,2,0
2,5,9,11,1,1,2,0
2,5,10,12,1,1,2,0
2,5,11,13,1,1,2,0
2,5,12,14,1,1,2,0
2,5,13,15,1,1,2,0
2,5,14,16,1,1,2,0
2,5,15,17,1,1,2,0
2,5,16,18,1,1,2,0
2,5,17,19,1,1,2,0
2,5,18,20,1,1,2,0
2,5,19,21,1,1,2,0
2,5,20,22,1,1,2,0
2,5,21,23,1,1,2,0
2,5,22,24,1,1,2,0
2,5,23,25,1,1,2,0
2,5,24,26,1,1,2,0
2,5,25,27,1,1,2,0
2,5,26,28,1,1,2,0
2,5,27,29,1,1,2,0
2,5,28,30,1,1,2,0
2,5,29,31,1,1,2,0
2,5,30,32,1,1,2,0
2,5,31,33,1,1,2,0
2,5,32,34,1,1,2,0
2,5,33,35,1,1,2,0
2,5,34,36,1,1,2,0
2,5,35,37,1,1,2,0
2,5,36,38,1,1,2,0
2,5,37,39,1,1,2,0
2,5,38,40,1,1,2,0
2,5,39,41,1,1,2,0
2,5,40,42,1,1,2,0
2,5,41,43,1,1,2,0
2,5,42,44,1,1,2,0
2,5,43,45,1,1,2,0
2,5,44,46,1,1,2,0
2,5,45,47,1,1,2,0
2,5,46,48,1,1,2,0
2,5,47,49,1,1,2,0
2,5,48,50,1,1,2,0
9,11,0,3,1,1,3,0
9,11,1,4,1,1,3,0
9,11,2,5,1,1,3,0
9,11,3,6,1,1,3,0
9,11,4,7,1,1,3,0
9,11,5,8,1,1,3,0
9,11,6,9,1,1,3,0
9,11,7,10,1,1,3,0
9,11,8,11,1,1,3,0
9,11,9,12,1,1,3,0
9,11,10,13,1,1,3,0
9,11,11,14,1,1,3,0
9,11,12,15,1,1,3,0
9,11,13,16,1,1,3,0
9,11,14,17,1,1,3,0
9,11,15,18,1,1,3,0
9,11,16,19,1,1,3,0
9,11,17,20,1,1,3,0
9,11,18,21,1,1,3,0
9,11,19,22,1,1,3,0
9,11,20,23,1,1,3,0
9,11,21,24,1,1,3,0
9,11,22,25,1,1,3,0
9,11,23,26,1,1,3,0
9,11,24,27,1,1,3,0
9,11,25,28,1,1,3,0
9,11,26,29,1,1,3,0
9,11,27,30,1,1,3,0
9,11,28,31,1,1,3,0
9,11,29,32,1,1,3,0
9,11,30,33,1,1,3,0
9,11,31,34,1,1,3,0
9,11,32,35,1,1,3,0
9,11,33,36,1,1,3,0
9,11,34,37,1,1,3,0
9,11,35,38,1,1,3,0
9,11,36,39,1,1,3,0
9,11,37,40,1,1,3,0
9,11,38,41,1,1,3,0
9,11,39,42,1,1,3,0
9,11,40,43,1,1,3,0
9,11,41,44,1,1,3,0
9,11,42,45,1,1,3,0
9,11,43,46,1,1,3,0
9,11,44,47,1,1,3,0
9,11,45,48,1,1,3,0
9,11,46,49,1,1,3,0
9,11,47,50,1,1,3,0
11,8,0,3,1,1,3,0
11,8,1,4,1,1,3,0
11,8,2,5,1,1,3,0
11,8,3,6,1,1,3,0
11,8,4,7,1,1,3,0
11,8,5,8,1,1,3,0
11,8,6,9,1,1,3,0
11,8,7,10,1,1,3,0
11,8,8,11,1,1,3,0
11,8,9,12,1,1,3,0
11,8,10,13,1,1,3,0
11,8,11,14,1,1,3,0
11,8,12,15,1,1,3,0
11,8,13,16,1,1,3,0
11,8,14,17,1,1,3,0
11,8,15,18,1,1,3,0
11,8,16,19,1,1,3,0
11,8,17,20,1,1,3,0
11,8,18,21,1,1,3,0
11,8,19,22,1,1,3,0
11,8,20,23,1,1,3,0
11,8,21,24,1,1,3,0
11,8,22,25,1,1,3,0
11,8,23,26,1,1,3,0
11,8,24,27,1,1,3,0
11,8,25,28,1,1,3,0
11,8,26,29,1,1,3,0
11,8,27,30,1,1,3,0
11,8,28,31,1,1,3,0
11,8,29,32,1,1,3,0
11,8,30,33,1,1,3,0
11,8,31,34,1,1,3,0
11,8,32,35,1,1,3,0
11,8,33,36,1,1,3,0
11,8,34,37,1,1,3,0
11,8,35,38,1,1,3,0
11,8,36,39,1,1,3,0
11,8,37,40,1,1,3,0
11,8,38,41,1,1,3,0
11,8,39,42,1,1,3,0
11,8,40,43,1,1,3,0
11,8,41,44,1,1,3,0
11,8,42,45,1,1,3,0
11,8,43,46,1,1,3,0
11,8,44,47,1,1,3,0
11,8,45,48,1,1,3,0
11,8,46,49,1,1,3,0
11,8,47,50,1,1,3,0
2,14,0,5,1,1,5,0
2,14,1,6,1,1,5,0
2,14,2,7,1,1,5,0
2,14,3,8,1,1,5,0
2,14,4,9,1,1,5,0
2,14,5,10,1,1,5,0
2,14,6,11,1,1,5,0
2,14,7,12,1,1,5,0
2,14,8,13,1,1,5,0
2,14,9,14,1,1,5,0
2,14,10,15,1,1,5,0
2,14,11,16,1,1,5,0
2,14,12,17,1,1,5,0
2,14,13,18,1,1,5,0
2,14,14,19,1,1,5,0
2,14,15,20,1,1,5,0
2,14,16,21,1,1,5,0
2,14,17,22,1,1,5,0
2,14,18,23,1,1,5,0
2,14,19,24,1,1,5,0
2,14,20,25,1,1,5,0
2,14,21,26,1,1,5,0
2,14,22,27,1,1,5,0
2,14,23,28,1,1,5,0
2,14,24,29,1,1,5,0
2,14,25,30,1,1,5,0
2,14,26,31,1,1,5,0
2,14,27,32,1,1,5,0
2,14,28,33,1,1,5,0
2,14,29,34,1,1,5,0
2,14,30,35,1,1,5,0
2,14,31,36,1,1,5,0
2,14,32,37,1,1,5,0
2,14,33,38,1,1,5,0
2,14,34,39,1,1,5,0
2,14,35,40,1,1,5,0
2,14,36,41,1,1,5,0
2,14,37,42,1,1,5,0
2,14,38,43,1,1,5,0
2,14,39,44,1,1,5,0
2,14,40,45,1,1,5,0
2,14,41,46,1,1,5,0
2,14,42,47,1,1,5,0
2,14,43,48,1,1,5,0
2,14,44,49,1,1,5,0
2,14,45,50,1,1,5,0
6,5,0,4,1,1,4,0
6,5,1,5,1,1,4,0
6,5,2,6,1,1,4,0
6,5,3,7,1,1,4,0
6,5,4,8,1,1,4,0
6,5,5,9,1,1,4,0
6,5,6,10,1,1,4,0
6,5,7,11,1,1,4,0
6,5,8,12,1,1,4,0
6,5,9,13,1,1,4,0
6,5,10,14,1,1,4,0
6,5,11,15,1,1,4,0
6,5,12,16,1,1,4,0
6,5,13,17,1,1,4,0
6,5,14,18,1,1,4,0
6,5,15,19,1,1,4,0
6,5,16,20,1,1,4,0
6,5,17,21,1,1,4,0
6,5,18,22,1,1,4,0
6,5,19,23,1,1,4,0
6,5,20,24,1,1,4,0
6,5,21,25,1,1,4,0
6,5,22,26,1,1,4,0
6,5,23,27,1,1,4,0
6,5,24,28,1,1,4,0
6,5,25,29,1,1,4,0
6,5,26,30,1,1,4,0
6,5,27,31,1,1,4,0
6,5,28,32,1,1,4,0
6,5,29,33,1,1,4,0
6,5,30,34,1,1,4,0
6,5,31,35,1,1,4,0
6,5,32,36,1,1,4,0
6,5,33,37,1,1,4,0
6,5,34,38,1,1,4,0
6,5,35,39,1,1,4,0
6,5,36,40,1,1,4,0
6,5,37,41,1,1,4,0
6,5,38,42,1,1,4,0
6,5,39,43,1,1,4,0
6,5,40,44,1,1,4,0
6,5,41,45,1,1,4,0
6,5,42,46,1,1,4,0
6,5,43,47,1,1,4,0
6,5,44,48,1,1,4,0
6,5,45,49,1,1,4,0
6,5,46,50,1,1,4,0
12,0,0,4,1,1,4,0
12,0,1,5,1,1,4,0
12,0,2,6,1,1,4,0
12,0,3,7,1,1,4,0
12,0,4,8,1,1,4,0
12,0,5,9,1,1,4,0
12,0,6,10,1,1,4,0
12,0,7,11,1,1,4,0
12,0,8,12,1,1,4,0
12,0,9,13,1,1,4,0
12,0,10,14,1,1,4,0
12,0,11,15,1,1,4,0
12,0,12,16,1,1,4,0
12,0,13,17,1,1,4,0
12,0,14,18,1,1,4,0
12,0,15,19,1,1,4,0
12,0,16,20,1,1,4,0
12,0,17,21,1,1,4,0
12,0,18,22,1,1,4,0
12,0,19,23,1,1,4,0
12,0,20,24,1,1,4,0
12,0,21,25,1,1,4,0
12,0,22,26,1,1,4,0
12,0,23,27,1,1,4,0
12,0,24,28,1,1,4,0
12,0,25,29,1,1,4,0
12,0,26,30,1,1,4,0
12,0,27,31,1,1,4,0
12,0,28,32,1,1,4,0
12,0,29,33,1,1,4,0
12,0,30,34,1,1,4,0
12,0,31,35,1,1,4,0
12,0,32,36,1,1,4,0
12,0,33,37,1,1,4,0
12,0,34,38,1,1,4,0
12,0,35,39,1,1,4,0
12,0,36,40,1,1,4,0
12,0,37,41,1,1,4,0
12,0,38,42,1,1,4,0
12,0,39,43,1,1,4,0
12,0,40,44,1,1,4,0
12,0,41,45,1,1,4,0
12,0,42,46,1,1,4,0
12,0,43,47,1,1,4,0
12,0,44,48,1,1,4,0
12,0,45,49,1,1,4,0
12,0,46,50,1,1,4,0
6,14,0,3,1,1,3,0
6,14,1,4,1,1,3,0
6,14,2,5,1,1,3,0
6,14,3,6,1,1,3,0
6,14,4,7,1,1,3,0
6,14,5,8,1,1,3,0
6,14,6,9,1,1,3,0
6,14,7,10,1,1,3,0
6,14,8,11,1,1,3,0
6,14,9,12,1,1,3,0
6,14,10,13,1,1,3,0
6,14,11,14,1,1,3,0
6,14,12,15,1,1,3,0
6,14,13,16,1,1,3,0
6,14,14,17,1,1,3,0
6,14,15,18,1,1,3,0
6,14,16,19,1,1,3,0
6,14,17,20,1,1,3,0
6,14,18,21,1,1,3,0
6,14,19,22,1,1,3,0
6,14,20,23,1,1,3,0
6,14,21,24,1,1,3,0
6,14,22,25,1,1,3,0
6,14,23,26,1,1,3,0
6,14,24,27,1,1,3,0
6,14,25,28,1,1,3,0
6,14,26,29,1,1,3,0
6,14,27,30,1,1,3,0
6,14,28,31,1,1,3,0
6,14,29,32,1,1,3,0
6,14,30,33,1,1,3,0
6,14,31,34,1,1,3,0
6,14,32,35,1,1,3,0
6,14,33,36,1,1,3,0
6,14,34,37,1,1,3,0
6,14,35,38,1,1,3,0
6,14,36,39,1,1,3,0
6,14,37,40,1,1,3,0
6,14,38,41,1,1,3,0
6,14,39,42,1,1,3,0
6,14,40,43,1,1,3,0
6,14,41,44,1,1,3,0
6,14,42,45,1,1,3,0
6,14,43,46,1,1,3,0
6,14,44,47,1,1,3,0
6,14,45,48,1,1,3,0
6,14,46,49,1,1,3,0
6,14,47,50,1,1,3,0
7,13,0,4,1,1,4,0
7,13,1,5,1,1,4,0
7,13,2,6,1,1,4,0
7,13,3,7,1,1,4,0
7,13,4,8,1,1,4,0
7,13,5,9,1,1,4,0
7,13,6,10,1,1,4,0
7,13,7,11,1,1,4,0
7,13,8,12,1,1,4,0
7,13,9,13,1,1,4,0
7,13,10,14,1,1,4,0
7,13,11,15,1,1,4,0
7,13,12,16,1,1,4,0
7,13,13,17,1,1,4,0
7,13,14,18,1,1,4,0
7,13,15,19,1,1,4,0
7,13,16,20,1,1,4,0
7,13,17,21,1,1,4,0
7,13,18,22,1,1,4,0
7,13,19,23,1,1,4,0
7,13,20,24,1,1,4,0
7,13,21,25,1,1,4,0
7,13,22,26,1,1,4,0
7,13,23,27,1,1,4,0
7,13,24,28,1,1,4,0
7,13,25,29,1,1,4,0
7,13,26,30,1,1,4,0
7,13,27,31,1,1,4,0
7,13,28,32,1,1,4,0
7,13,29,33,1,1,4,0
7,13,30,34,1,1,4,0
7,13,31,35,1,1,4,0
7,13,32,36,1,1,4,0
7,13,33,37,1,1,4,0
7,13,34,38,1,1,4,0
7,13,35,39,1,1,4,0
7,13,36,40,1,1,4,0
7,13,37,41,1,1,4,0
7,13,38,42,1,1,4,0
7,13,39,43,1,1,4,0
7,13,40,44,1,1,4,0
7,13,41,45,1,1,4,0
7,13,42,46,1,1,4,0
7,13,43,47,1,1,4,0
7,13,44,48,1,1,4,0
7,13,45,49,1,1,4,0
7,13,46,50,1,1,4,0
12,9,0,4,1,1,4,0
12,9,1,5,1,1,4,0
12,9,2,6,1,1,4,0
12,9,3,7,1,1,4,0
12,9,4,8,1,1,4,0
12,9,5,9,1,1,4,0
12,9,6,10,1,1,4,0
12,9,7,11,1,1,4,0
12,9,8,12,1,1,4,0
12,9,9,13,1,1,4,0
12,9,10,14,1,1,4,0
12,9,11,15,1,1,4,0
12,9,12,16,1,1,4,0
12,9,13,17,1,1,4,0
12,9,14,18,1,1,4,0
12,9,15,19,1,1,4,0
12,9,16,20,1,1,4,0
12,9,17,21,1,1,4,0
12,9,18,22,1,1,4,0
12,9,19,23,1,1,4,0
12,9,20,24,1,1,4,0
12,9,21,25,1,1,4,0
12,9,22,26,1,1,4,0
12,9,23,27,1,1,4,0
12,9,24,28,1,1,4,0
12,9,25,29,1,1,4,0
12,9,26,30,1,1,4,0
12,9,27,31,1,1,4,0
12,9,28,32,1,1,4,0
12,9,29,33,1,1,4,0
12,9,30,34,1,1,4,0
12,9,31,35,1,1,4,0
12,9,32,36,1,1,4,0
12,9,33,37,1,1,4,0
12,9,34,38,1,1,4,0
12,9,35,39,1,1,4,0
12,9,36,40,1,1,4,0
12,9,37,41,1,1,4,0
12,9,38,42,1,1,4,0
12,9,39,43,1,1,4,0
12,9,40,44,1,1,4,0
12,9,41,45,1,1,4,0
12,9,42,46,1,1,4,0
12,9,43,47,1,1,4,0
12,9,44,48,1,1,4,0
12,9,45,49,1,1,4,0
12,9,46,50,1,1,4,0
14,6,0,3,1,1,3,0
14,6,1,4,1,1,3,0
14,6,2,5,1,1,3,0
14,6,3,6,1,1,3,0
14,6,4,7,1,1,3,0
14,6,5,8,1,1,3,0
14,6,6,9,1,1,3,0
14,6,7,10,1,1,3,0
14,6,8,11,1,1,3,0
14,6,9,12,1,1,3,0
14,6,10,13,1,1,3,0
14,6,11,14,1,1,3,0
14,6,12,15,1,1,3,0
14,6,13,16,1,1,3,0
14,6,14,17,1,1,3,0
14,6,15,18,1,1,3,0
14,6,16,19,1,1,3,0
14,6,17,20,1,1,3,0
14,6,18,21,1,1,3,0
14,6,19,22,1,1,3,0
14,6,20,23,1,1,3,0
14,6,21,24,1,1,3,0
14,6,22,25,1,1,3,0
14,6,23,26,1,1,3,0
14,6,24,27,1,1,3,0
14,6,25,28,1,1,3,0
14,6,26,29,1,1,3,0
14,6,27,30,1,1,3,0
14,6,28,31,1,1,3,0
14,6,29,32,1,1,3,0
14,6,30,33,1,1,3,0
14,6,31,34,1,1,3,0
14,6,32,35,1,1,3,0
14,6,33,36,1,1,3,0
14,6,34,37,1,1,3,0
14,6,35,38,1,1,3,0
14,6,36,39,1,1,3,0
14,6,37,40,1,1,3,0
14,6,38,41,1,1,3,0
14,6,39,42,1,1,3,0
14,6,40,43,1,1,3,0
14,6,41,44,1,1,3,0
14,6,42,45,1,1,3,0
14,6,43,46,1,1,3,0
14,6,44,47,1,1,3,0
14,6,45,48,1,1,3,0
14,6,46,49,1,1,3,0
14,6,47,50,1,1,3,0
4,5,0,3,1,1,3,0
4,5,1,4,1,1,3,0
4,5,2,5,1,1,3,0
4,5,3,6,1,1,3,0
4,5,4,7,1,1,3,0
4,5,5,8,1,1,3,0
4,5,6,9,1,1,3,0
4,5,7,10,1,1,3,0
4,5,8,11,1,1,3,0
4,5,9,12,1,1,3,0
4,5,10,13,1,1,3,0
4,5,11,14,1,1,3,0
4,5,12,15,1,1,3,0
4,5,13,16,1,1,3,0
4,5,14,17,1,1,3,0
4,5,15,18,1,1,3,0
4,5,16,19,1,1,3,0
4,5,17,20,1,1,3,0
4,5,18,21,1,1,3,0
4,5,19,22,1,1,3,0
4,5,20,23,1,1,3,0
4,5,21,24,1,1,3,0
4,5,22,25,1,1,3,0
4,5,23,26,1,1,3,0
4,5,24,27,1,1,3,0
4,5,25,28,1,1,3,0
4,5,26,29,1,1,3,0
4,5,27,30,1,1,3,0
4,5,28,31,1,1,3,0
4,5,29,32,1,1,3,0
4,5,30,33,1,1,3,0
4,5,31,34,1,1,3,0
4,5,32,35,1,1,3,0
4,5,33,36,1,1,3,0
4,5,34,37,1,1,3,0
4,5,35,38,1,1,3,0
4,5,36,39,1,1,3,0
4,5,37,40,1,1,3,0
4,5,38,41,1,1,3,0
4,5,39,42,1,1,3,0
4,5,40,43,1,1,3,0
4,5,41,44,1,1,3,0
4,5,42,45,1,1,3,0
4,5,43,46,1,1,3,0
4,5,44,47,1,1,3,0
4,5,45,48,1,1,3,0
4,5,46,49,1,1,3,0
4,5,47,50,1,1,3,0
4,14,0,6,1,1,6,0
4,14,1,7,1,1,6,0
4,14,2,8,1,1,6,0
4,14,3,9,1,1,6,0
4,14,4,10,1,1,6,0
4,14,5,11,1,1,6,0
4,14,6,12,1,1,6,0
4,14,7,13,1,1,6,0
4,14,8,14,1,1,6,0
4,14,9,15,1,1,6,0
4,14,10,16,1,1,6,0
4,14,11,17,1,1,6,0
4,14,12,18,1,1,6,0
4,14,13,19,1,1,6,0
4,14,14,20,1,1,6,0
4,14,15,21,1,1,6,0
4,14,16,22,1,1,6,0
4,14,17,23,1,1,6,0
4,14,18,24,1,1,6,0
4,14,19,25,1,1,6,0
4,14,20,26,1,1,6,0
4,14,21,27,1,1,6,0
4,14,22,28,1,1,6,0
4,14,23,29,1,1,6,0
4,14,24,30,1,1,6,0
4,14,25,31,1,1,6,0
4,14,26,32,1,1,6,0
4,14,27,33,1,1,6,0
4,14,28,34,1,1,6,0
4,14,29,35,1,1,6,0
4,14,30,36,1,1,6,0
4,14,31,37,1,1,6,0
4,14,32,38,1,1,6,0
4,14,33,39,1,1,6,0
4,14,34,40,1,1,6,0
4,14,35,41,1,1,6,0
4,14,36,42,1,1,6,0
4,14,37,43,1,1,6,0
4,14,38,44,1,1,6,0
4,14,39,45,1,1,6,0
4,14,40,46,1,1,6,0
4,14,41,47,1,1,6,0
4,14,42,48,1,1,6,0
4,14,43,49,1,1,6,0
4,14,44,50,1,1,6,0
8,5,0,2,1,1,2,0
8,5,1,3,1,1,2,0
8,5,2,4,1,1,2,0
8,5,3,5,1,1,2,0
8,5,4,6,1,1,2,0
8,5,5,7,1,1,2,0
8,5,6,8,1,1,2,0
8,5,7,9,1,1,2,0
8,5,8,10,1,1,2,0
8,5,9,11,1,1,2,0
8,5,10,12,1,1,2,0
8,5,11,13,1,1,2,0
8,5,12,14,1,1,2,0
8,5,13,15,1,1,2,0
8,5,14,16,1,1,2,0
8,5,15,17,1,1,2,0
8,5,16,18,1,1,2,0
8,5,17,19,1,1,2,0
8,5,18,20,1,1,2,0
8,5,19,21,1,1,2,0
8,5,20,22,1,1,2,0
8,5,21,23,1,1,2,0
8,5,22,24,1,1,2,0
8,5,23,25,1,1,2,0
8,5,24,26,1,1,2,0
8,5,25,27,1,1,2,0
8,5,26,28,1,1,2,0
8,5,27,29,1,1,2,0
8,5,28,30,1,1,2,0
8,5,29,31,1,1,2,0
8,5,30,32,1,1,2,0
8,5,31,33,1,1,2,0
8,5,32,34,1,1,2,0
8,5,33,35,1,1,2,0
8,5,34,36,1,1,2,0
8,5,35,37,1,1,2,0
8,5,36,38,1,1,2,0
8,5,37,39,1,1,2,0
8,5,38,40,1,1,2,0
8,5,39,41,1,1,2,0
8,5,40,42,1,1,2,0
8,5,41,43,1,1,2,0
8,5,42,44,1,1,2,0
8,5,43,45,1,1,2,0
8,5,44,46,1,1,2,0
8,5,45,47,1,1,2,0
8,5,46,48,1,1,2,0
8,5,47,49,1,1,2,0
8,5,48,50,1,1,2,0
10,2,0,5,1,1,5,0
10,2,1,6,1,1,5,0
10,2,2,7,1,1,5,0
10,2,3,8,1,1,5,0
10,2,4,9,1,1,5,0
10,2,5,10,1,1,5,0
10,2,6,11,1,1,5,0
10,2,7,12,1,1,5,0
10,2,8,13,1,1,5,0
10,2,9,14,1,1,5,0
10,2,10,15,1,1,5,0
10,2,11,16,1,1,5,0
10,2,12,17,1,1,5,0
10,2,13,18,1,1,5,0
10,2,14,19,1,1,5,0
10,2,15,20,1,1,5,0
10,2,16,21,1,1,5,0
10,2,17,22,1,1,5,0
10,2,18,23,1,1,5,0
10,2,19,24,1,1,5,0
10,2,20,25,1,1,5,0
10,2,21,26,1,1,5,0
10,2,22,27,1,1,5,0
10,2,23,28,1,1,5,0
10,2,24,29,1,1,5,0
10,2,25,30,1,1,5,0
10,2,26,31,1,1,5,0
10,2,27,32,1,1,5,0
10,2,28,33,1,1,5,0
10,2,29,34,1,1,5,0
10,2,30,35,1,1,5,0
10,2,31,36,1,1,5,0
10,2,32,37,1,1,5,0
10,2,33,38,1,1,5,0
10,2,34,39,1,1,5,0
10,2,35,40,1,1,5,0
10,2,36,41,1,1,5,0
10,2,37,42,1,1,5,0
10,2,38,43,1,1,5,0
10,2,39,44,1,1,5,0
10,2,40,45,1,1,5,0
10,2,41,46,1,1,5,0
10,2,42,47,1,1,5,0
10,2,43,48,1,1,5,0
10,2,44,49,1,1,5,0
10,2,45,50,1,1,5,0
9,4,0,5,1,1,5,0
9,4,1,6,1,1,5,0
9,4,2,7,1,1,5,0
9,4,3,8,1,1,5,0
9,4,4,9,1,1,5,0
9,4,5,10,1,1,5,0
9,4,6,11,1,1,5,0
9,4,7,12,1,1,5,0
9,4,8,13,1,1,5,0
9,4,9,14,1,1,5,0
9,4,10,15,1,1,5,0
9,4,11,16,1,1,5,0
9,4,12,17,1,1,5,0
9,4,13,18,1,1,5,0
9,4,14,19,1,1,5,0
9,4,15,20,1,1,5,0
9,4,16,21,1,1,5,0
9,4,17,22,1,1,5,0
9,4,18,23,1,1,5,0
9,4,19,24,1,1,5,0
9,4,20,25,1,1,5,0
9,4,21,26,1,1,5,0
9,4,22,27,1,1,5,0
9,4,23,28,1,1,5,0
9,4,24,29,1,1,5,0
9,4,25,30,1,1,5,0
9,4,26,31,1,1,5,0
9,4,27,32,1,1,5,0
9,4,28,33,1,1,5,0
9,4,29,34,1,1,5,0
9,4,30,35,1,1,5,0
9,4,31,36,1,1,5,0
9,4,32,37,1,1,5,0
9,4,33,38,1,1,5,0
9,4,34,39,1,1,5,0
9,4,35,40,1,1,5,0
9,4,36,41,1,1,5,0
9,4,37,42,1,1,5,0
9,4,38,43,1,1,5,0
9,4,39,44,1,1,5,0
9,4,40,45,1,1,5,0
9,4,41,46,1,1,5,0
9,4,42,47,1,1,5,0
9,4,43,48,1,1,5,0
9,4,44,49,1,1,5,0
9,4,45,50,1,1,5,0
0,1,0,2,1,1,2,0
0,1,1,3,1,1,2,0
0,1,2,4,1,1,2,0
0,1,3,5,1,1,2,0
0,1,4,6,1,1,2,0
0,1,5,7,1,1,2,0
0,1,6,8,1,1,2,0
0,1,7,9,1,1,2,0
0,1,8,10,1,1,2,0
0,1,9,11,1,1,2,0
0,1,10,12,1,1,2,0
0,1,11,13,1,1,2,0
0,1,12,14,1,1,2,0
0,1,13,15,1,1,2,0
0,1,14,16,1,1,2,0
0,1,15,17,1,1,2,0
0,1,16,18,1,1,2,0
0,1,17,19,1,1,2,0
0,1,18,20,1,1,2,0
0,1,19,21,1,1,2,0
0,1,20,22,1,1,2,0
0,1,21,23,1,1,2,0
0,1,22,24,1,1,2,0
0,1,23,25,1,1,2,0
0,1,24,26,1,1,2,0
0,1,25,27,1,1,2,0
0,1,26,28,1,1,2,0
0,1,27,29,1,1,2,0
0,1,28,30,1,1,2,0
0,1,29,31,1,1,2,0
0,1,30,32,1,1,2,0
0,1,31,33,1,1,2,0
0,1,32,34,1,1,2,0
0,1,33,35,1,1,2,0
0,1,34,36,1,1,2,0
0,1,35,37,1,1,2,0
0,1,36,38,1,1,2,0
0,1,37,39,1,1,2,0
0,1,38,40,1,1,2,0
0,1,39,41,1,1,2,0
0,1,40,42,1,1,2,0
0,1,41,43,1,1,2,0
0,1,42,44,1,1,2,0
0,1,43,45,1,1,2,0
0,1,44,46,1,1,2,0
0,1,45,47,1,1,2,0
0,1,46,48,1,1,2,0
0,1,47,49,1,1,2,0
0,1,48,50,1,1,2,0
5,15,0,6,1,1,6,0
5,15,1,7,1,1,6,0
5,15,2,8,1,1,6,0
5,15,3,9,1,1,6,0
5,15,4,10,1,1,6,0
5,15,5,11,1,1,6,0
5,15,6,12,1,1,6,0
5,15,7,13,1,1,6,0
5,15,8,14,1,1,6,0
5,15,9,15,1,1,6,0
5,15,10,16,1,1,6,0
5,15,11,17,1,1,6,0
5,15,12,18,1,1,6,0
5,15,13,19,1,1,6,0
5,15,14,20,1,1,6,0
5,15,15,21,1,1,6,0
5,15,16,22,1,1,6,0
5,15,17,23,1,1,6,0
5,15,18,24,1,1,6,0
5,15,19,25,1,1,6,0
5,15,20,26,1,1,6,0
5,15,21,27,1,1,6,0
5,15,22,28,1,1,6,0
5,15,23,29,1,1,6,0
5,15,24,30,1,1,6,0
5,15,25,31,1,1,6,0
5,15,26,32,1,1,6,0
5,15,27,33,1,1,6,0
5,15,28,34,1,1,6,0
5,15,29,35,1,1,6,0
5,15,30,36,1,1,6,0
5,15,31,37,1,1,6,0
5,15,32,38,1,1,6,0
5,15,33,39,1,1,6,0
5,15,34,40,1,1,6,0
5,15,35,41,1,1,6,0
5,15,36,42,1,1,6,0
5,15,37,43,1,1,6,0
5,15,38,44,1,1,6,0
5,15,39,45,1,1,6,0
5,15,40,46,1,1,6,0
5,15,41,47,1,1,6,0
5,15,42,48,1,1,6,0
5,15,43,49,1,1,6,0
5,15,44,50,1,1,6,0
8,14,0,4,1,1,4,0
8,14,1,5,1,1,4,0
8,14,2,6,1,1,4,0
8,14,3,7,1,1,4,0
8,14,4,8,1,1,4,0
8,14,5,9,1,1,4,0
8,14,6,10,1,1,4,0
8,14,7,11,1,1,4,0
8,14,8,12,1,1,4,0
8,14,9,13,1,1,4,0
8,14,10,14,1,1,4,0
8,14,11,15,1,1,4,0
8,14,12,16,1,1,4,0
8,14,13,17,1,1,4,0
8,14,14,18,1,1,4,0
8,14,15,19,1,1,4,0
8,14,16,20,1,1,4,0
8,14,17,21,1,1,4,0
8,14,18,22,1,1,4,0
8,14,19,23,1,1,4,0
8,14,20,24,1,1,4,0
8,14,21,25,1,1,4,0
8,14,22,26,1,1,4,0
8,14,23,27,1,1,4,0
8,14,24,28,1,1,4,0
8,14,25,29,1,1,4,0
8,14,26,30,1,1,4,0
8,14,27,31,1,1,4,0
8,14,28,32,1,1,4,0
8,14,29,33,1,1,4,0
8,14,30,34,1,1,4,0
8,14,31,35,1,1,4,0
8,14,32,36,1,1,4,0
8,14,33,37,1,1,4,0
8,14,34,38,1,1,4,0
8,14,35,39,1,1,4,0
8,14,36,40,1,1,4,0
8,14,37,41,1,1,4,0
8,14,38,42,1,1,4,0
8,14,39,43,1,1,4,0
8,14,40,44,1,1,4,0
8,14,41,45,1,1,4,0
8,14,42,46,1,1,4,0
8,14,43,47,1,1,4,0
8,14,44,48,1,1,4,0
8,14,45,49,1,1,4,0
8,14,46,50,1,1,4,0
10,11,0,6,1,1,6,0
10,11,1,7,1,1,6,0
10,11,2,8,1,1,6,0
10,11,3,9,1,1,6,0
10,11,4,10,1,1,6,0
10,11,5,11,1,1,6,0
10,11,6,12,1,1,6,0
10,11,7,13,1,1,6,0
10,11,8,14,1,1,6,0
10,11,9,15,1,1,6,0
10,11,10,16,1,1,6,0
10,11,11,17,1,1,6,0
10,11,12,18,1,1,6,0
10,11,13,19,1,1,6,0
10,11,14,20,1,1,6,0
10,11,15,21,1,1,6,0
10,11,16,22,1,1,6,0
10,11,17,23,1,1,6,0
10,11,18,24,1,1,6,0
10,11,19,25,1,1,6,0
10,11,20,26,1,1,6,0
10,11,21,27,1,1,6,0
10,11,22,28,1,1,6,0
10,11,23,29,1,1,6,0
10,11,24,30,1,1,6,0
10,11,25,31,1,1,6,0
10,11,26,32,1,1,6,0
10,11,27,33,1,1,6,0
10,11,28,34,1,1,6,0
10,11,29,35,1,1,6,0
10,11,30,36,1,1,6,0
10,11,31,37,1,1,6,0
10,11,32,38,1,1,6,0
10,11,33,39,1,1,6,0
10,11,34,40,1,1,6,0
10,11,35,41,1,1,6,0
10,11,36,42,1,1,6,0
10,11,37,43,1,1,6,0
10,11,38,44,1,1,6,0
10,11,39,45,1,1,6,0
10,11,40,46,1,1,6,0
10,11,41,47,1,1,6,0
10,11,42,48,1,1,6,0
10,11,43,49,1,1,6,0
10,11,44,50,1,1,6,0
9,13,0,4,1,1,4,0
9,13,1,5,1,1,4,0
9,13,2,6,1,1,4,0
9,13,3,7,1,1,4,0
9,13,4,8,1,1,4,0
9,13,5,9,1,1,4,0
9,13,6,10,1,1,4,0
9,13,7,11,1,1,4,0
9,13,8,12,1,1,4,0
9,13,9,13,1,1,4,0
9,13,10,14,1,1,4,0
9,13,11,15,1,1,4,0
9,13,12,16,1,1,4,0
9,13,13,17,1,1,4,0
9,13,14,18,1,1,4,0
9,13,15,19,1,1,4,0
9,13,16,20,1,1,4,0
9,13,17,21,1,1,4,0
9,13,18,22,1,1,4,0
9,13,19,23,1,1,4,0
9,13,20,24,1,1,4,0
9,13,21,25,1,1,4,0
9,13,22,26,1,1,4,0
9,13,23,27,1,1,4,0
9,13,24,28,1,1,4,0
9,13,25,29,1,1,4,0
9,13,26,30,1,1,4,0
9,13,27,31,1,1,4,0
9,13,28,32,1,1,4,0
9,13,29,33,1,1,4,0
9,13,30,34,1,1,4,0
9,13,31,35,1,1,4,0
9,13,32,36,1,1,4,0
9,13,33,37,1,1,4,0
9,13,34,38,1,1,4,0
9,13,35,39,1,1,4,0
9,13,36,40,1,1,4,0
9,13,37,41,1,1,4,0
9,13,38,42,1,1,4,0
9,13,39,43,1,1,4,0
9,13,40,44,1,1,4,0
9,13,41,45,1,1,4,0
9,13,42,46,1,1,4,0
9,13,43,47,1,1,4,0
9,13,44,48,1,1,4,0
9,13,45,49,1,1,4,0
9,13,46,50,1,1,4,0
0,10,0,3,1,1,3,0
0,10,1,4,1,1,3,0
0,10,2,5,1,1,3,0
0,10,3,6,1,1,3,0
0,10,4,7,1,1,3,0
0,10,5,8,1,1,3,0
0,10,6,9,1,1,3,0
0,10,7,10,1,1,3,0
0,10,8,11,1,1,3,0
0,10,9,12,1,1,3,0
0,10,10,13,1,1,3,0
0,10,11,14,1,1,3,0
0,10,12,15,1,1,3,0
0,10,13,16,1,1,3,0
0,10,14,17,1,1,3,0
0,10,15,18,1,1,3,0
0,10,16,19,1,1,3,0
0,10,17,20,1,1,3,0
0,10,18,21,1,1,3,0
0,10,19,22,1,1,3,0
0,10,20,23,1,1,3,0
0,10,21,24,1,1,3,0
0,10,22,25,1,1,3,0
0,10,23,26,1,1,3,0
0,10,24,27,1,1,3,0
0,10,25,28,1,1,3,0
0,10,26,29,1,1,3,0
0,10,27,30,1,1,3,0
0,10,28,31,1,1,3,0
0,10,29,32,1,1,3,0
0,10,30,33,1,1,3,0
0,10,31,34,1,1,3,0
0,10,32,35,1,1,3,0
0,10,33,36,1,1,3,0
0,10,34,37,1,1,3,0
0,10,35,38,1,1,3,0
0,10,36,39,1,1,3,0
0,10,37,40,1,1,3,0
0,10,38,41,1,1,3,0
0,10,39,42,1,1,3,0
0,10,40,43,1,1,3,0
0,10,41,44,1,1,3,0
0,10,42,45,1,1,3,0
0,10,43,46,1,1,3,0
0,10,44,47,1,1,3,0
0,10,45,48,1,1,3,0
0,10,46,49,1,1,3,0
0,10,47,50,1,1,3,0
2,7,0,3,1,1,3,0
2,7,1,4,1,1,3,0
2,7,2,5,1,1,3,0
2,7,3,6,1,1,3,0
2,7,4,7,1,1,3,0
2,7,5,8,1,1,3,0
2,7,6,9,1,1,3,0
2,7,7,10,1,1,3,0
2,7,8,11,1,1,3,0
2,7,9,12,1,1,3,0
2,7,10,13,1,1,3,0
2,7,11,14,1,1,3,0
2,7,12,15,1,1,3,0
2,7,13,16,1,1,3,0
2,7,14,17,1,1,3,0
2,7,15,18,1,1,3,0
2,7,16,19,1,1,3,0
2,7,17,20,1,1,3,0
2,7,18,21,1,1,3,0
2,7,19,22,1,1,3,0
2,7,20,23,1,1,3,0
2,7,21,24,1,1,3,0
2,7,22,25,1,1,3,0
2,7,23,26,1,1,3,0
2,7,24,27,1,1,3,0
2,7,25,28,1,1,3,0
2,7,26,29,1,1,3,0
2,7,27,30,1,1,3,0
2,7,28,31,1,1,3,0
2,7,29,32,1,1,3,0
2,7,30,33,1,1,3,0
2,7,31,34,1,1,3,0
2,7,32,35,1,1,3,0
2,7,33,36,1,1,3,0
2,7,34,37,1,1,3,0
2,7,35,38,1,1,3,0
2,7,36,39,1,1,3,0
2,7,37,40,1,1,3,0
2,7,38,41,1,1,3,0
2,7,39,42,1,1,3,0
2,7,40,43,1,1,3,0
2,7,41,44,1,1,3,0
2,7,42,45,1,1,3,0
2,7,43,46,1,1,3,0
2,7,44,47,1,1,3,0
2,7,45,48,1,1,3,0
2,7,46,49,1,1,3,0
2,7,47,50,1,1,3,0
11,1,0,5,1,1,5,0
11,1,1,6,1,1,5,0
11,1,2,7,1,1,5,0
11,1,3,8,1,1,5,0
11,1,4,9,1,1,5,0
11,1,5,10,1,1,5,0
11,1,6,11,1,1,5,0
11,1,7,12,1,1,5,0
11,1,8,13,1,1,5,0
11,1,9,14,1,1,5,0
11,1,10,15,1,1,5,0
11,1,11,16,1,1,5,0
11,1,12,17,1,1,5,0
11,1,13,18,1,1,5,0
11,1,14,19,1,1,5,0
11,1,15,20,1,1,5,0
11,1,16,21,1,1,5,0
11,1,17,22,1,1,5,0
11,1,18,23,1,1,5,0
11,1,19,24,1,1,5,0
11,1,20,25,1,1,5,0
11,1,21,26,1,1,5,0
11,1,22,27,1,1,5,0
11,1,23,28,1,1,5,0
11,1,24,29,1,1,5,0
11,1,25,30,1,1,5,0
11,1,26,31,1,1,5,0
11,1,27,32,1,1,5,0
11,1,28,33,1,1,5,0
11,1,29,34,1,1,5,0
11,1,30,35,1,1,5,0
11,1,31,36,1,1,5,0
11,1,32,37,1,1,5,0
11,1,33,38,1,1,5,0
11,1,34,39,1,1,5,0
11,1,35,40,1,1,5,0
11,1,36,41,1,1,5,0
11,1,37,42,1,1,5,0
11,1,38,43,1,1,5,0
11,1,39,44,1,1,5,0
11,1,40,45,1,1,5,0
11,1,41,46,1,1,5,0
11,1,42,47,1,1,5,0
11,1,43,48,1,1,5,0
11,1,44,49,1,1,5,0
11,1,45,50,1,1,5,0
11,10,0,6,1,1,6,0
11,10,1,7,1,1,6,0
11,10,2,8,1,1,6,0
11,10,3,9,1,1,6,0
11,10,4,10,1,1,6,0
11,10,5,11,1,1,6,0
11,10,6,12,1,1,6,0
11,10,7,13,1,1,6,0
11,10,8,14,1,1,6,0
11,10,9,15,1,1,6,0
11,10,10,16,1,1,6,0
11,10,11,17,1,1,6,0
11,10,12,18,1,1,6,0
11,10,13,19,1,1,6,0
11,10,14,20,1,1,6,0
11,10,15,21,1,1,6,0
11,10,16,22,1,1,6,0
11,10,17,23,1,1,6,0
11,10,18,24,1,1,6,0
11,10,19,25,1,1,6,0
11,10,20,26,1,1,6,0
11,10,21,27,1,1,6,0
11,10,22,28,1,1,6,0
11,10,23,29,1,1,6,0
11,10,24,30,1,1,6,0
11,10,25,31,1,1,6,0
11,10,26,32,1,1,6,0
11,10,27,33,1,1,6,0
11,10,28,34,1,1,6,0
11,10,29,35,1,1,6,0
11,10,30,36,1,1,6,0
11,10,31,37,1,1,6,0
11,10,32,38,1,1,6,0
11,10,33,39,1,1,6,0
11,10,34,40,1,1,6,0
11,10,35,41,1,1,6,0
11,10,36,42,1,1,6,0
11,10,37,43,1,1,6,0
11,10,38,44,1,1,6,0
11,10,39,45,1,1,6,0
11,10,40,46,1,1,6,0
11,10,41,47,1,1,6,0
11,10,42,48,1,1,6,0
11,10,43,49,1,1,6,0
11,10,44,50,1,1,6,0
6,7,0,2,1,1,2,0
6,7,1,3,1,1,2,0
6,7,2,4,1,1,2,0
6,7,3,5,1,1,2,0
6,7,4,6,1,1,2,0
6,7,5,7,1,1,2,0
6,7,6,8,1,1,2,0
6,7,7,9,1,1,2,0
6,7,8,10,1,1,2,0
6,7,9,11,1,1,2,0
6,7,10,12,1,1,2,0
6,7,11,13,1,1,2,0
6,7,12,14,1,1,2,0
6,7,13,15,1,1,2,0
6,7,14,16,1,1,2,0
6,7,15,17,1,1,2,0
6,7,16,18,1,1,2,0
6,7,17,19,1,1,2,0
6,7,18,20,1,1,2,0
6,7,19,21,1,1,2,0
6,7,20,22,1,1,2,0
6,7,21,23,1,1,2,0
6,7,22,24,1,1,2,0
6,7,23,25,1,1,2,0
6,7,24,26,1,1,2,0
6,7,25,27,1,1,2,0
6,7,26,28,1,1,2,0
6,7,27,29,1,1,2,0
6,7,28,30,1,1,2,0
6,7,29,31,1,1,2,0
6,7,30,32,1,1,2,0
6,7,31,33,1,1,2,0
6,7,32,34,1,1,2,0
6,7,33,35,1,1,2,0
6,7,34,36,1,1,2,0
6,7,35,37,1,1,2,0
6,7,36,38,1,1,2,0
6,7,37,39,1,1,2,0
6,7,38,40,1,1,2,0
6,7,39,41,1,1,2,0
6,7,40,42,1,1,2,0
6,7,41,43,1,1,2,0
6,7,42,44,1,1,2,0
6,7,43,45,1,1,2,0
6,7,44,46,1,1,2,0
6,7,45,47,1,1,2,0
6,7,46,48,1,1,2,0
6,7,47,49,1,1,2,0
6,7,48,50,1,1,2,0
7,6,0,2,1,1,2,0
7,6,1,3,1,1,2,0
7,6,2,4,1,1,2,0
7,6,3,5,1,1,2,0
7,6,4,6,1,1,2,0
7,6,5,7,1,1,2,0
7,6,6,8,1,1,2,0
7,6,7,9,1,1,2,0
7,6,8,10,1,1,2,0
7,6,9,11,1,1,2,0
7,6,10,12,1,1,2,0
7,6,11,13,1,1,2,0
7,6,12,14,1,1,2,0
7,6,13,15,1,1,2,0
7,6,14,16,1,1,2,0
7,6,15,17,1,1,2,0
7,6,16,18,1,1,2,0
7,6,17,19,1,1,2,0
7,6,18,20,1,1,2,0
7,6,19,21,1,1,2,0
7,6,20,22,1,1,2,0
7,6,21,23,1,1,2,0
7,6,22,24,1,1,2,0
7,6,23,25,1,1,2,0
7,6,24,26,1,1,2,0
7,6,25,27,1,1,2,0
7,6,26,28,1,1,2,0
7,6,27,29,1,1,2,0
7,6,28,30,1,1,2,0
7,6,29,31,1,1,2,0
7,6,30,32,1,1,2,0
7,6,31,33,1,1,2,0
7,6,32,34,1,1,2,0
7,6,33,35,1,1,2,0
7,6,34,36,1,1,2,0
7,6,35,37,1,1,2,0
7,6,36,38,1,1,2,0
7,6,37,39,1,1,2,0
7,6,38,40,1,1,2,0
7,6,39,41,1,1,2,0
7,6,40,42,1,1,2,0
7,6,41,43,1,1,2,0
7,6,42,44,1,1,2,0
7,6,43,45,1,1,2,0
7,6,44,46,1,1,2,0
7,6,45,47,1,1,2,0
7,6,46,48,1,1,2,0
7,6,47,49,1,1,2,0
7,6,48,50,1,1,2,0
12,2,0,2,1,1,2,0
12,2,1,3,1,1,2,0
12,2,2,4,1,1,2,0
12,2,3,5,1,1,2,0
12,2,4,6,1,1,2,0
12,2,5,7,1,1,2,0
12,2,6,8,1,1,2,0
12,2,7,9,1,1,2,0
12,2,8,10,1,1,2,0
12,2,9,11,1,1,2,0
12,2,10,12,1,1,2,0
12,2,11,13,1,1,2,0
12,2,12,14,1,1,2,0
12,2,13,15,1,1,2,0
12,2,14,16,1,1,2,0
12,2,15,17,1,1,2,0
12,2,16,18,1,1,2,0
12,2,17,19,1,1,2,0
12,2,18,20,1,1,2,0
12,2,19,21,1,1,2,0
12,2,20,22,1,1,2,0
12,2,21,23,1,1,2,0
12,2,22,24,1,1,2,0
12,2,23,25,1,1,2,0
12,2,24,26,1,1,2,0
12,2,25,27,1,1,2,0
12,2,26,28,1,1,2,0
12,2,27,29,1,1,2,0
12,2,28,30,1,1,2,0
12,2,29,31,1,1,2,0
12,2,30,32,1,1,2,0
12,2,31,33,1,1,2,0
12,2,32,34,1,1,2,0
12,2,33,35,1,1,2,0
12,2,34,36,1,1,2,0
12,2,35,37,1,1,2,0
12,2,36,38,1,1,2,0
12,2,37,39,1,1,2,0
12,2,38,40,1,1,2,0
12,2,39,41,1,1,2,0
12,2,40,42,1,1,2,0
12,2,41,43,1,1,2,0
12,2,42,44,1,1,2,0
12,2,43,45,1,1,2,0
12,2,44,46,1,1,2,0
12,2,45,47,1,1,2,0
12,2,46,48,1,1,2,0
12,2,47,49,1,1,2,0
12,2,48,50,1,1,2,0
7,15,0,4,1,1,4,0
7,15,1,5,1,1,4,0
7,15,2,6,1,1,4,0
7,15,3,7,1,1,4,0
7,15,4,8,1,1,4,0
7,15,5,9,1,1,4,0
7,15,6,10,1,1,4,0
7,15,7,11,1,1,4,0
7,15,8,12,1,1,4,0
7,15,9,13,1,1,4,0
7,15,10,14,1,1,4,0
7,15,11,15,1,1,4,0
7,15,12,16,1,1,4,0
7,15,13,17,1,1,4,0
7,15,14,18,1,1,4,0
7,15,15,19,1,1,4,0
7,15,16,20,1,1,4,0
7,15,17,21,1,1,4,0
7,15,18,22,1,1,4,0
7,15,19,23,1,1,4,0
7,15,20,24,1,1,4,0
7,15,21,25,1,1,4,0
7,15,22,26,1,1,4,0
7,15,23,27,1,1,4,0
7,15,24,28,1,1,4,0
7,15,25,29,1,1,4,0
7,15,26,30,1,1,4,0
7,15,27,31,1,1,4,0
7,15,28,32,1,1,4,0
7,15,29,33,1,1,4,0
7,15,30,34,1,1,4,0
7,15,31,35,1,1,4,0
7,15,32,36,1,1,4,0
7,15,33,37,1,1,4,0
7,15,34,38,1,1,4,0
7,15,35,39,1,1,4,0
7,15,36,40,1,1,4,0
7,15,37,41,1,1,4,0
7,15,38,42,1,1,4,0
7,15,39,43,1,1,4,0
7,15,40,44,1,1,4,0
7,15,41,45,1,1,4,0
7,15,42,46,1,1,4,0
7,15,43,47,1,1,4,0
7,15,44,48,1,1,4,0
7,15,45,49,1,1,4,0
7,15,46,50,1,1,4,0
12,11,0,3,1,1,3,0
12,11,1,4,1,1,3,0
12,11,2,5,1,1,3,0
12,11,3,6,1,1,3,0
12,11,4,7,1,1,3,0
12,11,5,8,1,1,3,0
12,11,6,9,1,1,3,0
12,11,7,10,1,1,3,0
12,11,8,11,1,1,3,0
12,11,9,12,1,1,3,0
12,11,10,13,1,1,3,0
12,11,11,14,1,1,3,0
12,11,12,15,1,1,3,0
12,11,13,16,1,1,3,0
12,11,14,17,1,1,3,0
12,11,15,18,1,1,3,0
12,11,16,19,1,1,3,0
12,11,17,20,1,1,3,0
12,11,18,21,1,1,3,0
12,11,19,22,1,1,3,0
12,11,20,23,1,1,3,0
12,11,21,24,1,1,3,0
12,11,22,25,1,1,3,0
12,11,23,26,1,1,3,0
12,11,24,27,1,1,3,0
12,11,25,28,1,1,3,0
12,11,26,29,1,1,3,0
12,11,27,30,1,1,3,0
12,11,28,31,1,1,3,0
12,11,29,32,1,1,3,0
12,11,30,33,1,1,3,0
12,11,31,34,1,1,3,0
12,11,32,35,1,1,3,0
12,11,33,36,1,1,3,0
12,11,34,37,1,1,3,0
12,11,35,38,1,1,3,0
12,11,36,39,1,1,3,0
12,11,37,40,1,1,3,0
12,11,38,41,1,1,3,0
12,11,39,42,1,1,3,0
12,11,40,43,1,1,3,0
12,11,41,44,1,1,3,0
12,11,42,45,1,1,3,0
12,11,43,46,1,1,3,0
12,11,44,47,1,1,3,0
12,11,45,48,1,1,3,0
12,11,46,49,1,1,3,0
12,11,47,50,1,1,3,0
4,7,0,5,1,1,5,0
4,7,1,6,1,1,5,0
4,7,2,7,1,1,5,0
4,7,3,8,1,1,5,0
4,7,4,9,1,1,5,0
4,7,5,10,1,1,5,0
4,7,6,11,1,1,5,0
4,7,7,12,1,1,5,0
4,7,8,13,1,1,5,0
4,7,9,14,1,1,5,0
4,7,10,15,1,1,5,0
4,7,11,16,1,1,5,0
4,7,12,17,1,1,5,0
4,7,13,18,1,1,5,0
4,7,14,19,1,1,5,0
4,7,15,20,1,1,5,0
4,7,16,21,1,1,5,0
4,7,17,22,1,1,5,0
4,7,18,23,1,1,5,0
4,7,19,24,1,1,5,0
4,7,20,25,1,1,5,0
4,7,21,26,1,1,5,0
4,7,22,27,1,1,5,0
4,7,23,28,1,1,5,0
4,7,24,29,1,1,5,0
4,7,25,30,1,1,5,0
4,7,26,31,1,1,5,0
4,7,27,32,1,1,5,0
4,7,28,33,1,1,5,0
4,7,29,34,1,1,5,0
4,7,30,35,1,1,5,0
4,7,31,36,1,1,5,0
4,7,32,37,1,1,5,0
4,7,33,38,1,1,5,0
4,7,34,39,1,1,5,0
4,7,35,40,1,1,5,0
4,7,36,41,1,1,5,0
4,7,37,42,1,1,5,0
4,7,38,43,1,1,5,0
4,7,39,44,1,1,5,0
4,7,40,45,1,1,5,0
4,7,41,46,1,1,5,0
4,7,42,47,1,1,5,0
4,7,43,48,1,1,5,0
4,7,44,49,1,1,5,0
4,7,45,50,1,1,5,0
5,8,0,2,1,1,2,0
5,8,1,3,1,1,2,0
5,8,2,4,1,1,2,0
5,8,3,5,1,1,2,0
5,8,4,6,1,1,2,0
5,8,5,7,1,1,2,0
5,8,6,8,1,1,2,0
5,8,7,9,1,1,2,0
5,8,8,10,1,1,2,0
5,8,9,11,1,1,2,0
5,8,10,12,1,1,2,0
5,8,11,13,1,1,2,0
5,8,12,14,1,1,2,0
5,8,13,15,1,1,2,0
5,8,14,16,1,1,2,0
5,8,15,17,1,1,2,0
5,8,16,18,1,1,2,0
5,8,17,19,1,1,2,0
5,8,18,20,1,1,2,0
5,8,19,21,1,1,2,0
5,8,20,22,1,1,2,0
5,8,21,23,1,1,2,0
5,8,22,24,1,1,2,0
5,8,23,25,1,1,2,0
5,8,24,26,1,1,2,0
5,8,25,27,1,1,2,0
5,8,26,28,1,1,2,0
5,8,27,29,1,1,2,0
5,8,28,30,1,1,2,0
5,8,29,31,1,1,2,0
5,8,30,32,1,1,2,0
5,8,31,33,1,1,2,0
5,8,32,34,1,1,2,0
5,8,33,35,1,1,2,0
5,8,34,36,1,1,2,0
5,8,35,37,1,1,2,0
5,8,36,38,1,1,2,0
5,8,37,39,1,1,2,0
5,8,38,40,1,1,2,0
5,8,39,41,1,1,2,0
5,8,40,42,1,1,2,0
5,8,41,43,1,1,2,0
5,8,42,44,1,1,2,0
5,8,43,45,1,1,2,0
5,8,44,46,1,1,2,0
5,8,45,47,1,1,2,0
5,8,46,48,1,1,2,0
5,8,47,49,1,1,2,0
5,8,48,50,1,1,2,0
8,7,0,1,1,1,1,0
8,7,1,2,1,1,1,0
8,7,2,3,1,1,1,0
8,7,3,4,1,1,1,0
8,7,4,5,1,1,1,0
8,7,5,6,1,1,1,0
8,7,6,7,1,1,1,0
8,7,7,8,1,1,1,0
8,7,8,9,1,1,1,0
8,7,9,10,1,1,1,0
8,7,10,11,1,1,1,0
8,7,11,12,1,1,1,0
8,7,12,13,1,1,1,0
8,7,13,14,1,1,1,0
8,7,14,15,1,1,1,0
8,7,15,16,1,1,1,0
8,7,16,17,1,1,1,0
8,7,17,18,1,1,1,0
8,7,18,19,1,1,1,0
8,7,19,20,1,1,1,0
8,7,20,21,1,1,1,0
8,7,21,22,1,1,1,0
8,7,22,23,1,1,1,0
8,7,23,24,1,1,1,0
8,7,24,25,1,1,1,0
8,7,25,26,1,1,1,0
8,7,26,27,1,1,1,0
8,7,27,28,1,1,1,0
8,7,28,29,1,1,1,0
8,7,29,30,1,1,1,0
8,7,30,31,1,1,1,0
8,7,31,32,1,1,1,0
8,7,32,33,1,1,1,0
8,7,33,34,1,1,1,0
8,7,34,35,1,1,1,0
8,7,35,36,1,1,1,0
8,7,36,37,1,1,1,0
8,7,37,38,1,1,1,0
8,7,38,39,1,1,1,0
8,7,39,40,1,1,1,0
8,7,40,41,1,1,1,0
8,7,41,42,1,1,1,0
8,7,42,43,1,1,1,0
8,7,43,44,1,1,1,0
8,7,44,45,1,1,1,0
8,7,45,46,1,1,1,0
8,7,46,47,1,1,1,0
8,7,47,48,1,1,1,0
8,7,48,49,1,1,1,0
8,7,49,50,1,1,1,0
10,4,0,4,1,1,4,0
10,4,1,5,1,1,4,0
10,4,2,6,1,1,4,0
10,4,3,7,1,1,4,0
10,4,4,8,1,1,4,0
10,4,5,9,1,1,4,0
10,4,6,10,1,1,4,0
10,4,7,11,1,1,4,0
10,4,8,12,1,1,4,0
10,4,9,13,1,1,4,0
10,4,10,14,1,1,4,0
10,4,11,15,1,1,4,0
10,4,12,16,1,1,4,0
10,4,13,17,1,1,4,0
10,4,14,18,1,1,4,0
10,4,15,19,1,1,4,0
10,4,16,20,1,1,4,0
10,4,17,21,1,1,4,0
10,4,18,22,1,1,4,0
10,4,19,23,1,1,4,0
10,4,20,24,1,1,4,0
10,4,21,25,1,1,4,0
10,4,22,26,1,1,4,0
10,4,23,27,1,1,4,0
10,4,24,28,1,1,4,0
10,4,25,29,1,1,4,0
10,4,26,30,1,1,4,0
10,4,27,31,1,1,4,0
10,4,28,32,1,1,4,0
10,4,29,33,1,1,4,0
10,4,30,34,1,1,4,0
10,4,31,35,1,1,4,0
10,4,32,36,1,1,4,0
10,4,33,37,1,1,4,0
10,4,34,38,1,1,4,0
10,4,35,39,1,1,4,0
10,4,36,40,1,1,4,0
10,4,37,41,1,1,4,0
10,4,38,42,1,1,4,0
10,4,39,43,1,1,4,0
10,4,40,44,1,1,4,0
10,4,41,45,1,1,4,0
10,4,42,46,1,1,4,0
10,4,43,47,1,1,4,0
10,4,44,48,1,1,4,0
10,4,45,49,1,1,4,0
10,4,46,50,1,1,4,0
0,3,0,5,1,1,5,0
0,3,1,6,1,1,5,0
0,3,2,7,1,1,5,0
0,3,3,8,1,1,5,0
0,3,4,9,1,1,5,0
0,3,5,10,1,1,5,0
0,3,6,11,1,1,5,0
0,3,7,12,1,1,5,0
0,3,8,13,1,1,5,0
0,3,9,14,1,1,5,0
0,3,10,15,1,1,5,0
0,3,11,16,1,1,5,0
0,3,12,17,1,1,5,0
0,3,13,18,1,1,5,0
0,3,14,19,1,1,5,0
0,3,15,20,1,1,5,0
0,3,16,21,1,1,5,0
0,3,17,22,1,1,5,0
0,3,18,23,1,1,5,0
0,3,19,24,1,1,5,0
0,3,20,25,1,1,5,0
0,3,21,26,1,1,5,0
0,3,22,27,1,1,5,0
0,3,23,28,1,1,5,0
0,3,24,29,1,1,5,0
0,3,25,30,1,1,5,0
0,3,26,31,1,1,5,0
0,3,27,32,1,1,5,0
0,3,28,33,1,1,5,0
0,3,29,34,1,1,5,0
0,3,30,35,1,1,5,0
0,3,31,36,1,1,5,0
0,3,32,37,1,1,5,0
0,3,33,38,1,1,5,0
0,3,34,39,1,1,5,0
0,3,35,40,1,1,5,0
0,3,36,41,1,1,5,0
0,3,37,42,1,1,5,0
0,3,38,43,1,1,5,0
0,3,39,44,1,1,5,0
0,3,40,45,1,1,5,0
0,3,41,46,1,1,5,0
0,3,42,47,1,1,5,0
0,3,43,48,1,1,5,0
0,3,44,49,1,1,5,0
0,3,45,50,1,1,5,0
2,0,0,6,1,1,6,0
2,0,1,7,1,1,6,0
2,0,2,8,1,1,6,0
2,0,3,9,1,1,6,0
2,0,4,10,1,1,6,0
2,0,5,11,1,1,6,0
2,0,6,12,1,1,6,0
2,0,7,13,1,1,6,0
2,0,8,14,1,1,6,0
2,0,9,15,1,1,6,0
2,0,10,16,1,1,6,0
2,0,11,17,1,1,6,0
2,0,12,18,1,1,6,0
2,0,13,19,1,1,6,0
2,0,14,20,1,1,6,0
2,0,15,21,1,1,6,0
2,0,16,22,1,1,6,0
2,0,17,23,1,1,6,0
2,0,18,24,1,1,6,0
2,0,19,25,1,1,6,0
2,0,20,26,1,1,6,0
2,0,21,27,1,1,6,0
2,0,22,28,1,1,6,0
2,0,23,29,1,1,6,0
2,0,24,30,1,1,6,0
2,0,25,31,1,1,6,0
2,0,26,32,1,1,6,0
2,0,27,33,1,1,6,0
2,0,28,34,1,1,6,0
2,0,29,35,1,1,6,0
2,0,30,36,1,1,6,0
2,0,31,37,1,1,6,0
2,0,32,38,1,1,6,0
2,0,33,39,1,1,6,0
2,0,34,40,1,1,6,0
2,0,35,41,1,1,6,0
2,0,36,42,1,1,6,0
2,0,37,43,1,1,6,0
2,0,38,44,1,1,6,0
2,0,39,45,1,1,6,0
2,0,40,46,1,1,6,0
2,0,41,47,1,1,6,0
2,0,42,48,1,1,6,0
2,0,43,49,1,1,6,0
2,0,44,50,1,1,6,0
9,6,0,6,1,1,6,0
9,6,1,7,1,1,6,0
9,6,2,8,1,1,6,0
9,6,3,9,1,1,6,0
9,6,4,10,1,1,6,0
9,6,5,11,1,1,6,0
9,6,6,12,1,1,6,0
9,6,7,13,1,1,6,0
9,6,8,14,1,1,6,0
9,6,9,15,1,1,6,0
9,6,10,16,1,1,6,0
9,6,11,17,1,1,6,0
9,6,12,18,1,1,6,0
9,6,13,19,1,1,6,0
9,6,14,20,1,1,6,0
9,6,15,21,1,1,6,0
9,6,16,22,1,1,6,0
9,6,17,23,1,1,6,0
9,6,18,24,1,1,6,0
9,6,19,25,1,1,6,0
9,6,20,26,1,1,6,0
9,6,21,27,1,1,6,0
9,6,22,28,1,1,6,0
9,6,23,29,1,1,6,0
9,6,24,30,1,1,6,0
9,6,25,31,1,1,6,0
9,6,26,32,1,1,6,0
9,6,27,33,1,1,6,0
9,6,28,34,1,1,6,0
9,6,29,35,1,1,6,0
9,6,30,36,1,1,6,0
9,6,31,37,1,1,6,0
9,6,32,38,1,1,6,0
9,6,33,39,1,1,6,0
9,6,34,40,1,1,6,0
9,6,35,41,1,1,6,0
9,6,36,42,1,1,6,0
9,6,37,43,1,1,6,0
9,6,38,44,1,1,6,0
9,6,39,45,1,1,6,0
9,6,40,46,1,1,6,0
9,6,41,47,1,1,6,0
9,6,42,48,1,1,6,0
9,6,43,49,1,1,6,0
9,6,44,50,1,1,6,0
10,13,0,3,1,1,3,0
10,13,1,4,1,1,3,0
10,13,2,5,1,1,3,0
10,13,3,6,1,1,3,0
10,13,4,7,1,1,3,0
10,13,5,8,1,1,3,0
10,13,6,9,1,1,3,0
10,13,7,10,1,1,3,0
10,13,8,11,1,1,3,0
10,13,9,12,1,1,3,0
10,13,10,13,1,1,3,0
10,13,11,14,1,1,3,0
10,13,12,15,1,1,3,0
10,13,13,16,1,1,3,0
10,13,14,17,1,1,3,0
10,13,15,18,1,1,3,0
10,13,16,19,1,1,3,0
10,13,17,20,1,1,3,0
10,13,18,21,1,1,3,0
10,13,19,22,1,1,3,0
10,13,20,23,1,1,3,0
10,13,21,24,1,1,3,0
10,13,22,25,1,1,3,0
10,13,23,26,1,1,3,0
10,13,24,27,1,1,3,0
10,13,25,28,1,1,3,0
10,13,26,29,1,1,3,0
10,13,27,30,1,1,3,0
10,13,28,31,1,1,3,0
10,13,29,32,1,1,3,0
10,13,30,33,1,1,3,0
10,13,31,34,1,1,3,0
10,13,32,35,1,1,3,0
10,13,33,36,1,1,3,0
10,13,34,37,1,1,3,0
10,13,35,38,1,1,3,0
10,13,36,39,1,1,3,0
10,13,37,40,1,1,3,0
10,13,38,41,1,1,3,0
10,13,39,42,1,1,3,0
10,13,40,43,1,1,3,0
10,13,41,44,1,1,3,0
10,13,42,45,1,1,3,0
10,13,43,46,1,1,3,0
10,13,44,47,1,1,3,0
10,13,45,48,1,1,3,0
10,13,46,49,1,1,3,0
10,13,47,50,1,1,3,0
9,15,0,8,1,1,8,0
9,15,1,9,1,1,8,0
9,15,2,10,1,1,8,0
9,15,3,11,1,1,8,0
9,15,4,12,1,1,8,0
9,15,5,13,1,1,8,0
9,15,6,14,1,1,8,0
9,15,7,15,1,1,8,0
9,15,8,16,1,1,8,0
9,15,9,17,1,1,8,0
9,15,10,18,1,1,8,0
9,15,11,19,1,1,8,0
9,15,12,20,1,1,8,0
9,15,13,21,1,1,8,0
9,15,14,22,1,1,8,0
9,15,15,23,1,1,8,0
9,15,16,24,1,1,8,0
9,15,17,25,1,1,8,0
9,15,18,26,1,1,8,0
9,15,19,27,1,1,8,0
9,15,20,28,1,1,8,0
9,15,21,29,1,1,8,0
9,15,22,30,1,1,8,0
9,15,23,31,1,1,8,0
9,15,24,32,1,1,8,0
9,15,25,33,1,1,8,0
9,15,26,34,1,1,8,0
9,15,27,35,1,1,8,0
9,15,28,36,1,1,8,0
9,15,29,37,1,1,8,0
9,15,30,38,1,1,8,0
9,15,31,39,1,1,8,0
9,15,32,40,1,1,8,0
9,15,33,41,1,1,8,0
9,15,34,42,1,1,8,0
9,15,35,43,1,1,8,0
9,15,36,44,1,1,8,0
9,15,37,45,1,1,8,0
9,15,38,46,1,1,8,0
9,15,39,47,1,1,8,0
9,15,40,48,1,1,8,0
9,15,41,49,1,1,8,0
9,15,42,50,1,1,8,0
0,12,0,4,1,1,4,0
0,12,1,5,1,1,4,0
0,12,2,6,1,1,4,0
0,12,3,7,1,1,4,0
0,12,4,8,1,1,4,0
0,12,5,9,1,1,4,0
0,12,6,10,1,1,4,0
0,12,7,11,1,1,4,0
0,12,8,12,1,1,4,0
0,12,9,13,1,1,4,0
0,12,10,14,1,1,4,0
0,12,11,15,1,1,4,0
0,12,12,16,1,1,4,0
0,12,13,17,1,1,4,0
0,12,14,18,1,1,4,0
0,12,15,19,1,1,4,0
0,12,16,20,1,1,4,0
0,12,17,21,1,1,4,0
0,12,18,22,1,1,4,0
0,12,19,23,1,1,4,0
0,12,20,24,1,1,4,0
0,12,21,25,1,1,4,0
0,12,22,26,1,1,4,0
0,12,23,27,1,1,4,0
0,12,24,28,1,1,4,0
0,12,25,29,1,1,4,0
0,12,26,30,1,1,4,0
0,12,27,31,1,1,4,0
0,12,28,32,1,1,4,0
0,12,29,33,1,1,4,0
0,12,30,34,1,1,4,0
0,12,31,35,1,1,4,0
0,12,32,36,1,1,4,0
0,12,33,37,1,1,4,0
0,12,34,38,1,1,4,0
0,12,35,39,1,1,4,0
0,12,36,40,1,1,4,0
0,12,37,41,1,1,4,0
0,12,38,42,1,1,4,0
0,12,39,43,1,1,4,0
0,12,40,44,1,1,4,0
0,12,41,45,1,1,4,0
0,12,42,46,1,1,4,0
0,12,43,47,1,1,4,0
0,12,44,48,1,1,4,0
0,12,45,49,1,1,4,0
0,12,46,50,1,1,4,0
2,9,0,2,1,1,2,0
2,9,1,3,1,1,2,0
2,9,2,4,1,1,2,0
2,9,3,5,1,1,2,0
2,9,4,6,1,1,2,0
2,9,5,7,1,1,2,0
2,9,6,8,1,1,2,0
2,9,7,9,1,1,2,0
2,9,8,10,1,1,2,0
2,9,9,11,1,1,2,0
2,9,10,12,1,1,2,0
2,9,11,13,1,1,2,0
2,9,12,14,1,1,2,0
2,9,13,15,1,1,2,0
2,9,14,16,1,1,2,0
2,9,15,17,1,1,2,0
2,9,16,18,1,1,2,0
2,9,17,19,1,1,2,0
2,9,18,20,1,1,2,0
2,9,19,21,1,1,2,0
2,9,20,22,1,1,2,0
2,9,21,23,1,1,2,0
2,9,22,24,1,1,2,0
2,9,23,25,1,1,2,0
2,9,24,26,1,1,2,0
2,9,25,27,1,1,2,0
2,9,26,28,1,1,2,0
2,9,27,29,1,1,2,0
2,9,28,30,1,1,2,0
2,9,29,31,1,1,2,0
2,9,30,32,1,1,2,0
2,9,31,33,1,1,2,0
2,9,32,34,1,1,2,0
2,9,33,35,1,1,2,0
2,9,34,36,1,1,2,0
2,9,35,37,1,1,2,0
2,9,36,38,1,1,2,0
2,9,37,39,1,1,2,0
2,9,38,40,1,1,2,0
2,9,39,41,1,1,2,0
2,9,40,42,1,1,2,0
2,9,41,43,1,1,2,0
2,9,42,44,1,1,2,0
2,9,43,45,1,1,2,0
2,9,44,46,1,1,2,0
2,9,45,47,1,1,2,0
2,9,46,48,1,1,2,0
2,9,47,49,1,1,2,0
2,9,48,50,1,1,2,0
11,3,0,3,1,1,3,0
11,3,1,4,1,1,3,0
11,3,2,5,1,1,3,0
11,3,3,6,1,1,3,0
11,3,4,7,1,1,3,0
11,3,5,8,1,1,3,0
11,3,6,9,1,1,3,0
11,3,7,10,1,1,3,0
11,3,8,11,1,1,3,0
11,3,9,12,1,1,3,0
11,3,10,13,1,1,3,0
11,3,11,14,1,1,3,0
11,3,12,15,1,1,3,0
11,3,13,16,1,1,3,0
11,3,14,17,1,1,3,0
11,3,15,18,1,1,3,0
11,3,16,19,1,1,3,0
11,3,17,20,1,1,3,0
11,3,18,21,1,1,3,0
11,3,19,22,1,1,3,0
11,3,20,23,1,1,3,0
11,3,21,24,1,1,3,0
11,3,22,25,1,1,3,0
11,3,23,26,1,1,3,0
11,3,24,27,1,1,3,0
11,3,25,28,1,1,3,0
11,3,26,29,1,1,3,0
11,3,27,30,1,1,3,0
11,3,28,31,1,1,3,0
11,3,29,32,1,1,3,0
11,3,30,33,1,1,3,0
11,3,31,34,1,1,3,0
11,3,32,35,1,1,3,0
11,3,33,36,1,1,3,0
11,3,34,37,1,1,3,0
11,3,35,38,1,1,3,0
11,3,36,39,1,1,3,0
11,3,37,40,1,1,3,0
11,3,38,41,1,1,3,0
11,3,39,42,1,1,3,0
11,3,40,43,1,1,3,0
11,3,41,44,1,1,3,0
11,3,42,45,1,1,3,0
11,3,43,46,1,1,3,0
11,3,44,47,1,1,3,0
11,3,45,48,1,1,3,0
11,3,46,49,1,1,3,0
11,3,47,50,1,1,3,0
11,12,0,3,1,1,3,0
11,12,1,4,1,1,3,0
11,12,2,5,1,1,3,0
11,12,3,6,1,1,3,0
11,12,4,7,1,1,3,0
11,12,5,8,1,1,3,0
11,12,6,9,1,1,3,0
11,12,7,10,1,1,3,0
11,12,8,11,1,1,3,0
11,12,9,12,1,1,3,0
11,12,10,13,1,1,3,0
11,12,11,14,1,1,3,0
11,12,12,15,1,1,3,0
11,12,13,16,1,1,3,0
11,12,14,17,1,1,3,0
11,12,15,18,1,1,3,0
11,12,16,19,1,1,3,0
11,12,17,20,1,1,3,0
11,12,18,21,1,1,3,0
11,12,19,22,1,1,3,0
11,12,20,23,1,1,3,0
11,12,21,24,1,1,3,0
11,12,22,25,1,1,3,0
11,12,23,26,1,1,3,0
11,12,24,27,1,1,3,0
11,12,25,28,1,1,3,0
11,12,26,29,1,1,3,0
11,12,27,30,1,1,3,0
11,12,28,31,1,1,3,0
11,12,29,32,1,1,3,0
11,12,30,33,1,1,3,0
11,12,31,34,1,1,3,0
11,12,32,35,1,1,3,0
11,12,33,36,1,1,3,0
11,12,34,37,1,1,3,0
11,12,35,38,1,1,3,0
11,12,36,39,1,1,3,0
11,12,37,40,1,1,3,0
11,12,38,41,1,1,3,0
11,12,39,42,1,1,3,0
11,12,40,43,1,1,3,0
11,12,41,44,1,1,3,0
11,12,42,45,1,1,3,0
11,12,43,46,1,1,3,0
11,12,44,47,1,1,3,0
11,12,45,48,1,1,3,0
11,12,46,49,1,1,3,0
11,12,47,50,1,1,3,0
13,6,0,2,1,1,2,0
13,6,1,3,1,1,2,0
13,6,2,4,1,1,2,0
13,6,3,5,1,1,2,0
13,6,4,6,1,1,2,0
13,6,5,7,1,1,2,0
13,6,6,8,1,1,2,0
13,6,7,9,1,1,2,0
13,6,8,10,1,1,2,0
13,6,9,11,1,1,2,0
13,6,10,12,1,1,2,0
13,6,11,13,1,1,2,0
13,6,12,14,1,1,2,0
13,6,13,15,1,1,2,0
13,6,14,16,1,1,2,0
13,6,15,17,1,1,2,0
13,6,16,18,1,1,2,0
13,6,17,19,1,1,2,0
13,6,18,20,1,1,2,0
13,6,19,21,1,1,2,0
13,6,20,22,1,1,2,0
13,6,21,23,1,1,2,0
13,6,22,24,1,1,2,0
13,6,23,25,1,1,2,0
13,6,24,26,1,1,2,0
13,6,25,27,1,1,2,0
13,6,26,28,1,1,2,0
13,6,27,29,1,1,2,0
13,6,28,30,1,1,2,0
13,6,29,31,1,1,2,0
13,6,30,32,1,1,2,0
13,6,31,33,1,1,2,0
13,6,32,34,1,1,2,0
13,6,33,35,1,1,2,0
13,6,34,36,1,1,2,0
13,6,35,37,1,1,2,0
13,6,36,38,1,1,2,0
13,6,37,39,1,1,2,0
13,6,38,40,1,1,2,0
13,6,39,41,1,1,2,0
13,6,40,42,1,1,2,0
13,6,41,43,1,1,2,0
13,6,42,44,1,1,2,0
13,6,43,45,1,1,2,0
13,6,44,46,1,1,2,0
13,6,45,47,1,1,2,0
13,6,46,48,1,1,2,0
13,6,47,49,1,1,2,0
13,6,48,50,1,1,2,0
6,0,0,2,1,1,2,0
6,0,1,3,1,1,2,0
6,0,2,4,1,1,2,0
6,0,3,5,1,1,2,0
6,0,4,6,1,1,2,0
6,0,5,7,1,1,2,0
6,0,6,8,1,1,2,0
6,0,7,9,1,1,2,0
6,0,8,10,1,1,2,0
6,0,9,11,1,1,2,0
6,0,10,12,1,1,2,0
6,0,11,13,1,1,2,0
6,0,12,14,1,1,2,0
6,0,13,15,1,1,2,0
6,0,14,16,1,1,2,0
6,0,15,17,1,1,2,0
6,0,16,18,1,1,2,0
6,0,17,19,1,1,2,0
6,0,18,20,1,1,2,0
6,0,19,21,1,1,2,0
6,0,20,22,1,1,2,0
6,0,21,23,1,1,2,0
6,0,22,24,1,1,2,0
6,0,23,25,1,1,2,0
6,0,24,26,1,1,2,0
6,0,25,27,1,1,2,0
6,0,26,28,1,1,2,0
6,0,27,29,1,1,2,0
6,0,28,30,1,1,2,0
6,0,29,31,1,1,2,0
6,0,30,32,1,1,2,0
6,0,31,33,1,1,2,0
6,0,32,34,1,1,2,0
6,0,33,35,1,1,2,0
6,0,34,36,1,1,2,0
6,0,35,37,1,1,2,0
6,0,36,38,1,1,2,0
6,0,37,39,1,1,2,0
6,0,38,40,1,1,2,0
6,0,39,41,1,1,2,0
6,0,40,42,1,1,2,0
6,0,41,43,1,1,2,0
6,0,42,44,1,1,2,0
6,0,43,45,1,1,2,0
6,0,44,46,1,1,2,0
6,0,45,47,1,1,2,0
6,0,46,48,1,1,2,0
6,0,47,49,1,1,2,0
6,0,48,50,1,1,2,0
13,15,0,4,1,1,4,0
13,15,1,5,1,1,4,0
13,15,2,6,1,1,4,0
13,15,3,7,1,1,4,0
13,15,4,8,1,1,4,0
13,15,5,9,1,1,4,0
13,15,6,10,1,1,4,0
13,15,7,11,1,1,4,0
13,15,8,12,1,1,4,0
13,15,9,13,1,1,4,0
13,15,10,14,1,1,4,0
13,15,11,15,1,1,4,0
13,15,12,16,1,1,4,0
13,15,13,17,1,1,4,0
13,15,14,18,1,1,4,0
13,15,15,19,1,1,4,0
13,15,16,20,1,1,4,0
13,15,17,21,1,1,4,0
13,15,18,22,1,1,4,0
13,15,19,23,1,1,4,0
13,15,20,24,1,1,4,0
13,15,21,25,1,1,4,0
13,15,22,26,1,1,4,0
13,15,23,27,1,1,4,0
13,15,24,28,1,1,4,0
13,15,25,29,1,1,4,0
13,15,26,30,1,1,4,0
13,15,27,31,1,1,4,0
13,15,28,32,1,1,4,0
13,15,29,33,1,1,4,0
13,15,30,34,1,1,4,0
13,15,31,35,1,1,4,0
13,15,32,36,1,1,4,0
13,15,33,37,1,1,4,0
13,15,34,38,1,1,4,0
13,15,35,39,1,1,4,0
13,15,36,40,1,1,4,0
13,15,37,41,1,1,4,0
13,15,38,42,1,1,4,0
13,15,39,43,1,1,4,0
13,15,40,44,1,1,4,0
13,15,41,45,1,1,4,0
13,15,42,46,1,1,4,0
13,15,43,47,1,1,4,0
13,15,44,48,1,1,4,0
13,15,45,49,1,1,4,0
13,15,46,50,1,1,4,0
6,9,0,6,1,1,6,0
6,9,1,7,1,1,6,0
6,9,2,8,1,1,6,0
6,9,3,9,1,1,6,0
6,9,4,10,1,1,6,0
6,9,5,11,1,1,6,0
6,9,6,12,1,1,6,0
6,9,7,13,1,1,6,0
6,9,8,14,1,1,6,0
6,9,9,15,1,1,6,0
6,9,10,16,1,1,6,0
6,9,11,17,1,1,6,0
6,9,12,18,1,1,6,0
6,9,13,19,1,1,6,0
6,9,14,20,1,1,6,0
6,9,15,21,1,1,6,0
6,9,16,22,1,1,6,0
6,9,17,23,1,1,6,0
6,9,18,24,1,1,6,0
6,9,19,25,1,1,6,0
6,9,20,26,1,1,6,0
6,9,21,27,1,1,6,0
6,9,22,28,1,1,6,0
6,9,23,29,1,1,6,0
6,9,24,30,1,1,6,0
6,9,25,31,1,1,6,0
6,9,26,32,1,1,6,0
6,9,27,33,1,1,6,0
6,9,28,34,1,1,6,0
6,9,29,35,1,1,6,0
6,9,30,36,1,1,6,0
6,9,31,37,1,1,6,0
6,9,32,38,1,1,6,0
6,9,33,39,1,1,6,0
6,9,34,40,1,1,6,0
6,9,35,41,1,1,6,0
6,9,36,42,1,1,6,0
6,9,37,43,1,1,6,0
6,9,38,44,1,1,6,0
6,9,39,45,1,1,6,0
6,9,40,46,1,1,6,0
6,9,41,47,1,1,6,0
6,9,42,48,1,1,6,0
6,9,43,49,1,1,6,0
6,9,44,50,1,1,6,0
7,8,0,1,1,1,1,0
7,8,1,2,1,1,1,0
7,8,2,3,1,1,1,0
7,8,3,4,1,1,1,0
7,8,4,5,1,1,1,0
7,8,5,6,1,1,1,0
7,8,6,7,1,1,1,0
7,8,7,8,1,1,1,0
7,8,8,9,1,1,1,0
7,8,9,10,1,1,1,0
7,8,10,11,1,1,1,0
7,8,11,12,1,1,1,0
7,8,12,13,1,1,1,0
7,8,13,14,1,1,1,0
7,8,14,15,1,1,1,0
7,8,15,16,1,1,1,0
7,8,16,17,1,1,1,0
7,8,17,18,1,1,1,0
7,8,18,19,1,1,1,0
7,8,19,20,1,1,1,0
7,8,20,21,1,1,1,0
7,8,21,22,1,1,1,0
7,8,22,23,1,1,1,0
7,8,23,24,1,1,1,0
7,8,24,25,1,1,1,0
7,8,25,26,1,1,1,0
7,8,26,27,1,1,1,0
7,8,27,28,1,1,1,0
7,8,28,29,1,1,1,0
7,8,29,30,1,1,1,0
7,8,30,31,1,1,1,0
7,8,31,32,1,1,1,0
7,8,32,33,1,1,1,0
7,8,33,34,1,1,1,0
7,8,34,35,1,1,1,0
7,8,35,36,1,1,1,0
7,8,36,37,1,1,1,0
7,8,37,38,1,1,1,0
7,8,38,39,1,1,1,0
7,8,39,40,1,1,1,0
7,8,40,41,1,1,1,0
7,8,41,42,1,1,1,0
7,8,42,43,1,1,1,0
7,8,43,44,1,1,1,0
7,8,44,45,1,1,1,0
7,8,45,46,1,1,1,0
7,8,46,47,1,1,1,0
7,8,47,48,1,1,1,0
7,8,48,49,1,1,1,0
7,8,49,50,1,1,1,0
0,0,0,1,0,0,1,1
0,0,1,2,0,0,1,1
0,0,2,3,0,0,1,1
0,0,3,4,0,0,1,1
0,0,4,5,0,0,1,1
0,0,5,6,0,0,1,1
0,0,6,7,0,0,1,1
0,0,7,8,0,0,1,1
0,0,8,9,0,0,1,1
0,0,9,10,0,0,1,1
0,0,10,11,0,0,1,1
0,0,11,12,0,0,1,1
0,0,12,13,0,0,1,1
0,0,13,14,0,0,1,1
0,0,14,15,0,0,1,1
0,0,15,16,0,0,1,1
0,0,16,17,0,0,1,1
0,0,17,18,0,0,1,1
0,0,18,19,0,0,1,1
0,0,19,20,0,0,1,1
0,0,20,21,0,0,1,1
0,0,21,22,0,0,1,1
0,0,22,23,0,0,1,1
0,0,23,24,0,0,1,1
0,0,24,25,0,0,1,1
0,0,25,26,0,0,1,1
0,0,26,27,0,0,1,1
0,0,27,28,0,0,1,1
0,0,28,29,0,0,1,1
0,0,29,30,0,0,1,1
0,0,30,31,0,0,1,1
0,0,31,32,0,0,1,1
0,0,32,33,0,0,1,1
0,0,33,34,0,0,1,1
0,0,34,35,0,0,1,1
0,0,35,36,0,0,1,1
0,0,36,37,0,0,1,1
0,0,37,38,0,0,1,1
0,0,38,39,0,0,1,1
0,0,39,40,0,0,1,1
0,0,40,41,0,0,1,1
0,0,41,42,0,0,1,1
0,0,42,43,0,0,1,1
0,0,43,44,0,0,1,1
0,0,44,45,0,0,1,1
0,0,45,46,0,0,1,1
0,0,46,47,0,0,1,1
0,0,47,48,0,0,1,1
0,0,48,49,0,0,1,1
0,0,49,50,0,0,1,1
1,1,0,1,0,0,1,1
1,1,1,2,0,0,1,1
1,1,2,3,0,0,1,1
1,1,3,4,0,0,1,1
1,1,4,5,0,0,1,1
1,1,5,6,0,0,1,1
1,1,6,7,0,0,1,1
1,1,7,8,0,0,1,1
1,1,8,9,0,0,1,1
1,1,9,10,0,0,1,1
1,1,10,11,0,0,1,1
1,1,11,12,0,0,1,1
1,1,12,13,0,0,1,1
1,1,13,14,0,0,1,1
1,1,14,15,0,0,1,1
1,1,15,16,0,0,1,1
1,1,16,17,0,0,1,1
1,1,17,18,0,0,1,1
1,1,18,19,0,0,1,1
1,1,19,20,0,0,1,1
1,1,20,21,0,0,1,1
1,1,21,22,0,0,1,1
1,1,22,23,0,0,1,1
1,1,23,24,0,0,1,1
1,1,24,25,0,0,1,1
1,1,25,26,0,0,1,1
1,1,26,27,0,0,1,1
1,1,27,28,0,0,1,1
1,1,28,29,0,0,1,1
1,1,29,30,0,0,1,1
1,1,30,31,0,0,1,1
1,1,31,32,0,0,1,1
1,1,32,33,0,0,1,1
1,1,33,34,0,0,1,1
1,1,34,35,0,0,1,1
1,1,35,36,0,0,1,1
1,1,36,37,0,0,1,1
1,1,37,38,0,0,1,1
1,1,38,39,0,0,1,1
1,1,39,40,0,0,1,1
1,1,40,41,0,0,1,1
1,1,41,42,0,0,1,1
1,1,42,43,0,0,1,1
1,1,43,44,0,0,1,1
1,1,44,45,0,0,1,1
1,1,45,46,0,0,1,1
1,1,46,47,0,0,1,1
1,1,47,48,0,0,1,1
1,1,48,49,0,0,1,1
1,1,49,50,0,0,1,1
2,2,0,1,0,0,1,1
2,2,1,2,0,0,1,1
2,2,2,3,0,0,1,1
2,2,3,4,0,0,1,1
2,2,4,5,0,0,1,1
2,2,5,6,0,0,1,1
2,2,6,7,0,0,1,1
2,2,7,8,0,0,1,1
2,2,8,9,0,0,1,1
2,2,9,10,0,0,1,1
2,2,10,11,0,0,1,1
2,2,11,12,0,0,1,1
2,2,12,13,0,0,1,1
2,2,13,14,0,0,1,1
2,2,14,15,0,0,1,1
2,2,15,16,0,0,1,1
2,2,16,17,0,0,1,1
2,2,17,18,0,0,1,1
2,2,18,19,0,0,1,1
2,2,19,20,0,0,1,1
2,2,20,21,0,0,1,1
2,2,21,22,0,0,1,1
2,2,22,23,0,0,1,1
2,2,23,24,0,0,1,1
2,2,24,25,0,0,1,1
2,2,25,26,0,0,1,1
2,2,26,27,0,0,1,1
2,2,27,28,0,0,1,1
2,2,28,29,0,0,1,1
2,2,29,30,0,0,1,1
2,2,30,31,0,0,1,1
2,2,31,32,0,0,1,1
2,2,32,33,0,0,1,1
2,2,33,34,0,0,1,1
2,2,34,35,0,0,1,1
2,2,35,36,0,0,1,1
2,2,36,37,0,0,1,1
2,2,37,38,0,0,1,1
2,2,38,39,0,0,1,1
2,2,39,40,0,0,1,1
2,2,40,41,0,0,1,1
2,2,41,42,0,0,1,1
2,2,42,43,0,0,1,1
2,2,43,44,0,0,1,1
2,2,44,45,0,0,1,1
2,2,45,46,0,0,1,1
2,2,46,47,0,0,1,1
2,2,47,48,0,0,1,1
2,2,48,49,0,0,1,1
2,2,49,50,0,0,1,1
3,3,0,1,0,0,1,1
3,3,1,2,0,0,1,1
3,3,2,3,0,0,1,1
3,3,3,4,0,0,1,1
3,3,4,5,0,0,1,1
3,3,5,6,0,0,1,1
3,3,6,7,0,0,1,1
3,3,7,8,0,0,1,1
3,3,8,9,0,0,1,1
3,3,9,10,0,0,1,1
3,3,10,11,0,0,1,1
3,3,11,12,0,0,1,1
3,3,12,13,0,0,1,1
3,3,13,14,0,0,1,1
3,3,14,15,0,0,1,1
3,3,15,16,0,0,1,1
3,3,16,17,0,0,1,1
3,3,17,18,0,0,1,1
3,3,18,19,0,0,1,1
3,3,19,20,0,0,1,1
3,3,20,21,0,0,1,1
3,3,21,22,0,0,1,1
3,3,22,23,0,0,1,1
3,3,23,24,0,0,1,1
3,3,24,25,0,0,1,1
3,3,25,26,0,0,1,1
3,3,26,27,0,0,1,1
3,3,27,28,0,0,1,1
3,3,28,29,0,0,1,1
3,3,29,30,0,0,1,1
3,3,30,31,0,0,1,1
3,3,31,32,0,0,1,1
3,3,32,33,0,0,1,1
3,3,33,34,0,0,1,1
3,3,34,35,0,0,1,1
3,3,35,36,0,0,1,1
3,3,36,37,0,0,1,1
3,3,37,38,0,0,1,1
3,3,38,39,0,0,1,1
3,3,39,40,0,0,1,1
3,3,40,41,0,0,1,1
3,3,41,42,0,0,1,1
3,3,42,43,0,0,1,1
3,3,43,44,0,0,1,1
3,3,44,45,0,0,1,1
3,3,45,46,0,0,1,1
3,3,46,47,0,0,1,1
3,3,47,48,0,0,1,1
3,3,48,49,0,0,1,1
3,3,49,50,0,0,1,1
4,4,0,1,0,0,1,1
4,4,1,2,0,0,1,1
4,4,2,3,0,0,1,1
4,4,3,4,0,0,1,1
4,4,4,5,0,0,1,1
4,4,5,6,0,0,1,1
4,4,6,7,0,0,1,1
4,4,7,8,0,0,1,1
4,4,8,9,0,0,1,1
4,4,9,10,0,0,1,1
4,4,10,11,0,0,1,1
4,4,11,12,0,0,1,1
4,4,12,13,0,0,1,1
4,4,13,14,0,0,1,1
4,4,14,15,0,0,1,1
4,4,15,16,0,0,1,1
4,4,16,17,0,0,1,1
4,4,17,18,0,0,1,1
4,4,18,19,0,0,1,1
4,4,19,20,0,0,1,1
4,4,20,21,0,0,1,1
4,4,21,22,0,0,1,1
4,4,22,23,0,0,1,1
4,4,23,24,0,0,1,1
4,4,24,25,0,0,1,1
4,4,25,26,0,0,1,1
4,4,26,27,0,0,1,1
4,4,27,28,0,0,1,1
4,4,28,29,0,0,1,1
4,4,29,30,0,0,1,1
4,4,30,31,0,0,1,1
4,4,31,32,0,0,1,1
4,4,32,33,0,0,1,1
4,4,33,34,0,0,1,1
4,4,34,35,0,0,1,1
4,4,35,36,0,0,1,1
4,4,36,37,0,0,1,1
4,4,37,38,0,0,1,1
4,4,38,39,0,0,1,1
4,4,39,40,0,0,1,1
4,4,40,41,0,0,1,1
4,4,41,42,0,0,1,1
4,4,42,43,0,0,1,1
4,4,43,44,0,0,1,1
4,4,44,45,0,0,1,1
4,4,45,46,0,0,1,1
4,4,46,47,0,0,1,1
4,4,47,48,0,0,1,1
4,4,48,49,0,0,1,1
4,4,49,50,0,0,1,1
5,5,0,1,0,0,1,1
5,5,1,2,0,0,1,1
5,5,2,3,0,0,1,1
5,5,3,4,0,0,1,1
5,5,4,5,0,0,1,1
5,5,5,6,0,0,1,1
5,5,6,7,0,0,1,1
5,5,7,8,0,0,1,1
5,5,8,9,0,0,1,1
5,5,9,10,0,0,1,1
5,5,10,11,0,0,1,1
5,5,11,12,0,0,1,1
5,5,12,13,0,0,1,1
5,5,13,14,0,0,1,1
5,5,14,15,0,0,1,1
5,5,15,16,0,0,1,1
5,5,16,17,0,0,1,1
5,5,17,18,0,0,1,1
5,5,18,19,0,0,1,1
5,5,19,20,0,0,1,1
5,5,20,21,0,0,1,1
5,5,21,22,0,0,1,1
5,5,22,23,0,0,1,1
5,5,23,24,0,0,1,1
5,5,24,25,0,0,1,1
5,5,25,26,0,0,1,1
5,5,26,27,0,0,1,1
5,5,27,28,0,0,1,1
5,5,28,29,0,0,1,1
5,5,29,30,0,0,1,1
5,5,30,31,0,0,1,1
5,5,31,32,0,0,1,1
5,5,32,33,0,0,1,1
5,5,33,34,0,0,1,1
5,5,34,35,0,0,1,1
5,5,35,36,0,0,1,1
5,5,36,37,0,0,1,1
5,5,37,38,0,0,1,1
5,5,38,39,0,0,1,1
5,5,39,40,0,0,1,1
5,5,40,41,0,0,1,1
5,5,41,42,0,0,1,1
5,5,42,43,0,0,1,1
5,5,43,44,0,0,1,1
5,5,44,45,0,0,1,1
5,5,45,46,0,0,1,1
5,5,46,47,0,0,1,1
5,5,47,48,0,0,1,1
5,5,48,49,0,0,1,1
5,5,49,50,0,0,1,1
6,6,0,1,0,0,1,1
6,6,1,2,0,0,1,1
6,6,2,3,0,0,1,1
6,6,3,4,0,0,1,1
6,6,4,5,0,0,1,1
6,6,5,6,0,0,1,1
6,6,6,7,0,0,1,1
6,6,7,8,0,0,1,1
6,6,8,9,0,0,1,1
6,6,9,10,0,0,1,1
6,6,10,11,0,0,1,1
6,6,11,12,0,0,1,1
6,6,12,13,0,0,1,1
6,6,13,14,0,0,1,1
6,6,14,15,0,0,1,1
6,6,15,16,0,0,1,1
6,6,16,17,0,0,1,1
6,6,17,18,0,0,1,1
6,6,18,19,0,0,1,1
6,6,19,20,0,0,1,1
6,6,20,21,0,0,1,1
6,6,21,22,0,0,1,1
6,6,22,23,0,0,1,1
6,6,23,24,0,0,1,1
6,6,24,25,0,0,1,1
6,6,25,26,0,0,1,1
6,6,26,27,0,0,1,1
6,6,27,28,0,0,1,1
6,6,28,29,0,0,1,1
6,6,29,30,0,0,1,1
6,6,30,31,0,0,1,1
6,6,31,32,0,0,1,1
6,6,32,33,0,0,1,1
6,6,33,34,0,0,1,1
6,6,34,35,0,0,1,1
6,6,35,36,0,0,1,1
6,6,36,37,0,0,1,1
6,6,37,38,0,0,1,1
6,6,38,39,0,0,1,1
6,6,39,40,0,0,1,1
6,6,40,41,0,0,1,1
6,6,41,42,0,0,1,1
6,6,42,43,0,0,1,1
6,6,43,44,0,0,1,1
6,6,44,45,0,0,1,1
6,6,45,46,0,0,1,1
6,6,46,47,0,0,1,1
6,6,47,48,0,0,1,1
6,6,48,49,0,0,1,1
6,6,49,50,0,0,1,1
7,7,0,1,0,0,1,1
7,7,1,2,0,0,1,1
7,7,2,3,0,0,1,1
7,7,3,4,0,0,1,1
7,7,4,5,0,0,1,1
7,7,5,6,0,0,1,1
7,7,6,7,0,0,1,1
7,7,7,8,0,0,1,1
7,7,8,9,0,0,1,1
7,7,9,10,0,0,1,1
7,7,10,11,0,0,1,1
7,7,11,12,0,0,1,1
7,7,12,13,0,0,1,1
7,7,13,14,0,0,1,1
7,7,14,15,0,0,1,1
7,7,15,16,0,0,1,1
7,7,16,17,0,0,1,1
7,7,17,18,0,0,1,1
7,7,18,19,0,0,1,1
7,7,19,20,0,0,1,1
7,7,20,21,0,0,1,1
7,7,21,22,0,0,1,1
7,7,22,23,0,0,1,1
7,7,23,24,0,0,1,1
7,7,24,25,0,0,1,1
7,7,25,26,0,0,1,1
7,7,26,27,0,0,1,1
7,7,27,28,0,0,1,1
7,7,28,29,0,0,1,1
7,7,29,30,0,0,1,1
7,7,30,31,0,0,1,1
7,7,31,32,0,0,1,1
7,7,32,33,0,0,1,1
7,7,33,34,0,0,1,1
7,7,34,35,0,0,1,1
7,7,35,36,0,0,1,1
7,7,36,37,0,0,1,1
7,7,37,38,0,0,1,1
7,7,38,39,0,0,1,1
7,7,39,40,0,0,1,1
7,7,40,41,0,0,1,1
7,7,41,42,0,0,1,1
7,7,42,43,0,0,1,1
7,7,43,44,0,0,1,1
7,7,44,45,0,0,1,1
7,7,45,46,0,0,1,1
7,7,46,47,0,0,1,1
7,7,47,48,0,0,1,1
7,7,48,49,0,0,1,1
7,7,49,50,0,0,1,1
8,8,0,1,0,0,1,1
8,8,1,2,0,0,1,1
8,8,2,3,0,0,1,1
8,8,3,4,0,0,1,1
8,8,4,5,0,0,1,1
8,8,5,6,0,0,1,1
8,8,6,7,0,0,1,1
8,8,7,8,0,0,1,1
8,8,8,9,0,0,1,1
8,8,9,10,0,0,1,1
8,8,10,11,0,0,1,1
8,8,11,12,0,0,1,1
8,8,12,13,0,0,1,1
8,8,13,14,0,0,1,1
8,8,14,15,0,0,1,1
8,8,15,16,0,0,1,1
8,8,16,17,0,0,1,1
8,8,17,18,0,0,1,1
8,8,18,19,0,0,1,1
8,8,19,20,0,0,1,1
8,8,20,21,0,0,1,1
8,8,21,22,0,0,1,1
8,8,22,23,0,0,1,1
8,8,23,24,0,0,1,1
8,8,24,25,0,0,1,1
8,8,25,26,0,0,1,1
8,8,26,27,0,0,1,1
8,8,27,28,0,0,1,1
8,8,28,29,0,0,1,1
8,8,29,30,0,0,1,1
8,8,30,31,0,0,1,1
8,8,31,32,0,0,1,1
8,8,32,33,0,0,1,1
8,8,33,34,0,0,1,1
8,8,34,35,0,0,1,1
8,8,35,36,0,0,1,1
8,8,36,37,0,0,1,1
8,8,37,38,0,0,1,1
8,8,38,39,0,0,1,1
8,8,39,40,0,0,1,1
8,8,40,41,0,0,1,1
8,8,41,42,0,0,1,1
8,8,42,43,0,0,1,1
8,8,43,44,0,0,1,1
8,8,44,45,0,0,1,1
8,8,45,46,0,0,1,1
8,8,46,47,0,0,1,1
8,8,47,48,0,0,1,1
8,8,48,49,0,0,1,1
8,8,49,50,0,0,1,1
9,9,0,1,0,0,1,1
9,9,1,2,0,0,1,1
9,9,2,3,0,0,1,1
9,9,3,4,0,0,1,1
9,9,4,5,0,0,1,1
9,9,5,6,0,0,1,1
9,9,6,7,0,0,1,1
9,9,7,8,0,0,1,1
9,9,8,9,0,0,1,1
9,9,9,10,0,0,1,1
9,9,10,11,0,0,1,1
9,9,11,12,0,0,1,1
9,9,12,13,0,0,1,1
9,9,13,14,0,0,1,1
9,9,14,15,0,0,1,1
9,9,15,16,0,0,1,1
9,9,16,17,0,0,1,1
9,9,17,18,0,0,1,1
9,9,18,19,0,0,1,1
9,9,19,20,0,0,1,1
9,9,20,21,0,0,1,1
9,9,21,22,0,0,1,1
9,9,22,23,0,0,1,1
9,9,23,24,0,0,1,1
9,9,24,25,0,0,1,1
9,9,25,26,0,0,1,1
9,9,26,27,0,0,1,1
9,9,27,28,0,0,1,1
9,9,28,29,0,0,1,1
9,9,29,30,0,0,1,1
9,9,30,31,0,0,1,1
9,9,31,32,0,0,1,1
9,9,32,33,0,0,1,1
9,9,33,34,0,0,1,1
9,9,34,35,0,0,1,1
9,9,35,36,0,0,1,1
9,9,36,37,0,0,1,1
9,9,37,38,0,0,1,1
9,9,38,39,0,0,1,1
9,9,39,40,0,0,1,1
9,9,40,41,0,0,1,1
9,9,41,42,0,0,1,1
9,9,42,43,0,0,1,1
9,9,43,44,0,0,1,1
9,9,44,45,0,0,1,1
9,9,45,46,0,0,1,1
9,9,46,47,0,0,1,1
9,9,47,48,0,0,1,1
9,9,48,49,0,0,1,1
9,9,49,50,0,0,1,1
10,10,0,1,0,0,1,1
10,10,1,2,0,0,1,1
10,10,2,3,0,0,1,1
10,10,3,4,0,0,1,1
10,10,4,5,0,0,1,1
10,10,5,6,0,0,1,1
10,10,6,7,0,0,1,1
10,10,7,8,0,0,1,1
10,10,8,9,0,0,1,1
10,10,9,10,0,0,1,1
10,10,10,11,0,0,1,1
10,10,11,12,0,0,1,1
10,10,12,13,0,0,1,1
10,10,13,14,0,0,1,1
10,10,14,15,0,0,1,1
10,10,15,16,0,0,1,1
10,10,16,17,0,0,1,1
10,10,17,18,0,0,1,1
10,10,18,19,0,0,1,1
10,10,19,20,0,0,1,1
10,10,20,21,0,0,1,1
10,10,21,22,0,0,1,1
10,10,22,23,0,0,1,1
10,10,23,24,0,0,1,1
10,10,24,25,0,0,1,1
10,10,25,26,0,0,1,1
10,10,26,27,0,0,1,1
10,10,27,28,0,0,1,1
10,10,28,29,0,0,1,1
10,10,29,30,0,0,1,1
10,10,30,31,0,0,1,1
10,10,31,32,0,0,1,1
10,10,32,33,0,0,1,1
10,10,33,34,0,0,1,1
10,10,34,35,0,0,1,1
10,10,35,36,0,0,1,1
10,10,36,37,0,0,1,1
10,10,37,38,0,0,1,1
10,10,38,39,0,0,1,1
10,10,39,40,0,0,1,1
10,10,40,41,0,0,1,1
10,10,41,42,0,0,1,1
10,10,42,43,0,0,1,1
10,10,43,44,0,0,1,1
10,10,44,45,0,0,1,1
10,10,45,46,0,0,1,1
10,10,46,47,0,0,1,1
10,10,47,48,0,0,1,1
10,10,48,49,0,0,1,1
10,10,49,50,0,0,1,1
11,11,0,1,0,0,1,1
11,11,1,2,0,0,1,1
11,11,2,3,0,0,1,1
11,11,3,4,0,0,1,1
11,11,4,5,0,0,1,1
11,11,5,6,0,0,1,1
11,11,6,7,0,0,1,1
11,11,7,8,0,0,1,1
11,11,8,9,0,0,1,1
11,11,9,10,0,0,1,1
11,11,10,11,0,0,1,1
11,11,11,12,0,0,1,1
11,11,12,13,0,0,1,1
11,11,13,14,0,0,1,1
11,11,14,15,0,0,1,1
11,11,15,16,0,0,1,1
11,11,16,17,0,0,1,1
11,11,17,18,0,0,1,1
11,11,18,19,0,0,1,1
11,11,19,20,0,0,1,1
11,11,20,21,0,0,1,1
11,11,21,22,0,0,1,1
11,11,22,23,0,0,1,1
11,11,23,24,0,0,1,1
11,11,24,25,0,0,1,1
11,11,25,26,0,0,1,1
11,11,26,27,0,0,1,1
11,11,27,28,0,0,1,1
11,11,28,29,0,0,1,1
11,11,29,30,0,0,1,1
11,11,30,31,0,0,1,1
11,11,31,32,0,0,1,1
11,11,32,33,0,0,1,1
11,11,33,34,0,0,1,1
11,11,34,35,0,0,1,1
11,11,35,36,0,0,1,1
11,11,36,37,0,0,1,1
11,11,37,38,0,0,1,1
11,11,38,39,0,0,1,1
11,11,39,40,0,0,1,1
11,11,40,41,0,0,1,1
11,11,41,42,0,0,1,1
11,11,42,43,0,0,1,1
11,11,43,44,0,0,1,1
11,11,44,45,0,0,1,1
11,11,45,46,0,0,1,1
11,11,46,47,0,0,1,1
11,11,47,48,0,0,1,1
11,11,48,49,0,0,1,1
11,11,49,50,0,0,1,1
12,12,0,1,0,0,1,1
12,12,1,2,0,0,1,1
12,12,2,3,0,0,1,1
12,12,3,4,0,0,1,1
12,12,4,5,0,0,1,1
12,12,5,6,0,0,1,1
12,12,6,7,0,0,1,1
12,12,7,8,0,0,1,1
12,12,8,9,0,0,1,1
12,12,9,10,0,0,1,1
12,12,10,11,0,0,1,1
12,12,11,12,0,0,1,1
12,12,12,13,0,0,1,1
12,12,13,14,0,0,1,1
12,12,14,15,0,0,1,1
12,12,15,16,0,0,1,1
12,12,16,17,0,0,1,1
12,12,17,18,0,0,1,1
12,12,18,19,0,0,1,1
12,12,19,20,0,0,1,1
12,12,20,21,0,0,1,1
12,12,21,22,0,0,1,1
12,12,22,23,0,0,1,1
12,12,23,24,0,0,1,1
12,12,24,25,0,0,1,1
12,12,25,26,0,0,1,1
12,12,26,27,0,0,1,1
12,12,27,28,0,0,1,1
12,12,28,29,0,0,1,1
12,12,29,30,0,0,1,1
12,12,30,31,0,0,1,1
12,12,31,32,0,0,1,1
12,12,32,33,0,0,1,1
12,12,33,34,0,0,1,1
12,12,34,35,0,0,1,1
12,12,35,36,0,0,1,1
12,12,36,37,0,0,1,1
12,12,37,38,0,0,1,1
12,12,38,39,0,0,1,1
12,12,39,40,0,0,1,1
12,12,40,41,0,0,1,1
12,12,41,42,0,0,1,1
12,12,42,43,0,0,1,1
12,12,43,44,0,0,1,1
12,12,44,45,0,0,1,1
12,12,45,46,0,0,1,1
12,12,46,47,0,0,1,1
12,12,47,48,0,0,1,1
12,12,48,49,0,0,1,1
12,12,49,50,0,0,1,1
13,13,0,1,0,0,1,1
13,13,1,2,0,0,1,1
13,13,2,3,0,0,1,1
13,13,3,4,0,0,1,1
13,13,4,5,0,0,1,1
13,13,5,6,0,0,1,1
13,13,6,7,0,0,1,1
13,13,7,8,0,0,1,1
13,13,8,9,0,0,1,1
13,13,9,10,0,0,1,1
13,13,10,11,0,0,1,1
13,13,11,12,0,0,1,1
13,13,12,13,0,0,1,1
13,13,13,14,0,0,1,1
13,13,14,15,0,0,1,1
13,13,15,16,0,0,1,1
13,13,16,17,0,0,1,1
13,13,17,18,0,0,1,1
13,13,18,19,0,0,1,1
13,13,19,20,0,0,1,1
13,13,20,21,0,0,1,1
13,13,21,22,0,0,1,1
13,13,22,23,0,0,1,1
13,13,23,24,0,0,1,1
13,13,24,25,0,0,1,1
13,13,25,26,0,0,1,1
13,13,26,27,0,0,1,1
13,13,27,28,0,0,1,1
13,13,28,29,0,0,1,1
13,13,29,30,0,0,1,1
13,13,30,31,0,0,1,1
13,13,31,32,0,0,1,1
13,13,32,33,0,0,1,1
13,13,33,34,0,0,1,1
13,13,34,35,0,0,1,1
13,13,35,36,0,0,1,1
13,13,36,37,0,0,1,1
13,13,37,38,0,0,1,1
13,13,38,39,0,0,1,1
13,13,39,40,0,0,1,1
13,13,40,41,0,0,1,1
13,13,41,42,0,0,1,1
13,13,42,43,0,0,1,1
13,13,43,44,0,0,1,1
13,13,44,45,0,0,1,1
13,13,45,46,0,0,1,1
13,13,46,47,0,0,1,1
13,13,47,48,0,0,1,1
13,13,48,49,0,0,1,1
13,13,49,50,0,0,1,1
14,14,0,1,0,0,1,1
14,14,1,2,0,0,1,1
14,14,2,3,0,0,1,1
14,14,3,4,0,0,1,1
14,14,4,5,0,0,1,1
14,14,5,6,0,0,1,1
14,14,6,7,0,0,1,1
14,14,7,8,0,0,1,1
14,14,8,9,0,0,1,1
14,14,9,10,0,0,1,1
14,14,10,11,0,0,1,1
14,14,11,12,0,0,1,1
14,14,12,13,0,0,1,1
14,14,13,14,0,0,1,1
14,14,14,15,0,0,1,1
14,14,15,16,0,0,1,1
14,14,16,17,0,0,1,1
14,14,17,18,0,0,1,1
14,14,18,19,0,0,1,1
14,14,19,20,0,0,1,1
14,14,20,21,0,0,1,1
14,14,21,22,0,0,1,1
14,14,22,23,0,0,1,1
14,14,23,24,0,0,1,1
14,14,24,25,0,0,1,1
14,14,25,26,0,0,1,1
14,14,26,27,0,0,1,1
14,14,27,28,0,0,1,1
14,14,28,29,0,0,1,1
14,14,29,30,0,0,1,1
14,14,30,31,0,0,1,1
14,14,31,32,0,0,1,1
14,14,32,33,0,0,1,1
14,14,33,34,0,0,1,1
14,14,34,35,0,0,1,1
14,14,35,36,0,0,1,1
14,14,36,37,0,0,1,1
14,14,37,38,0,0,1,1
14,14,38,39,0,0,1,1
14,14,39,40,0,0,1,1
14,14,40,41,0,0,1,1
14,14,41,42,0,0,1,1
14,14,42,43,0,0,1,1
14,14,43,44,0,0,1,1
14,14,44,45,0,0,1,1
14,14,45,46,0,0,1,1
14,14,46,47,0,0,1,1
14,14,47,48,0,0,1,1
14,14,48,49,0,0,1,1
14,14,49,50,0,0,1,1
15,15,0,1,0,0,0,1
15,15,1,2,0,0,0,1
15,15,2,3,0,0,0,1
15,15,3,4,0,0,0,1
15,15,4,5,0,0,0,1
15,15,5,6,0,0,0,1
15,15,6,7,0,0,0,1
15,15,7,8,0,0,0,1
15,15,8,9,0,0,0,1
15,15,9,10,0,0,0,1
15,15,10,11,0,0,0,1
15,15,11,12,0,0,0,1
15,15,12,13,0,0,0,1
15,15,13,14,0,0,0,1
15,15,14,15,0,0,0,1
15,15,15,16,0,0,0,1
15,15,16,17,0,0,0,1
15,15,17,18,0,0,0,1
15,15,18,19,0,0,0,1
15,15,19,20,0,0,0,1
15,15,20,21,0,0,0,1
15,15,21,22,0,0,0,1
15,15,22,23,0,0,0,1
15,15,23,24,0,0,0,1
15,15,24,25,0,0,0,1
15,15,25,26,0,0,0,1
15,15,26,27,0,0,0,1
15,15,27,28,0,0,0,1
15,15,28,29,0,0,0,1
15,15,29,30,0,0,0,1
15,15,30,31,0,0,0,1
15,15,31,32,0,0,0,1
15,15,32,33,0,0,0,1
15,15,33,34,0,0,0,1
15,15,34,35,0,0,0,1
15,15,35,36,0,0,0,1
15,15,36,37,0,0,0,1
15,15,37,38,0,0,0,1
15,15,38,39,0,0,0,1
15,15,39,40,0,0,0,1
15,15,40,41,0,0,0,1
15,15,41,42,0,0,0,1
15,15,42,43,0,0,0,1
15,15,43,44,0,0,0,1
15,15,44,45,0,0,0,1
15,15,45,46,0,0,0,1
15,15,46,47,0,0,0,1
15,15,47,48,0,0,0,1
15,15,48,49,0,0,0,1
15,15,49,50,0,0,0,1
0,0,0,1,1,1,1,1
0,0,1,2,1,1,1,1
0,0,2,3,1,1,1,1
0,0,3,4,1,1,1,1
0,0,4,5,1,1,1,1
0,0,5,6,1,1,1,1
0,0,6,7,1,1,1,1
0,0,7,8,1,1,1,1
0,0,8,9,1,1,1,1
0,0,9,10,1,1,1,1
0,0,10,11,1,1,1,1
0,0,11,12,1,1,1,1
0,0,12,13,1,1,1,1
0,0,13,14,1,1,1,1
0,0,14,15,1,1,1,1
0,0,15,16,1,1,1,1
0,0,16,17,1,1,1,1
0,0,17,18,1,1,1,1
0,0,18,19,1,1,1,1
0,0,19,20,1,1,1,1
0,0,20,21,1,1,1,1
0,0,21,22,1,1,1,1
0,0,22,23,1,1,1,1
0,0,23,24,1,1,1,1
0,0,24,25,1,1,1,1
0,0,25,26,1,1,1,1
0,0,26,27,1,1,1,1
0,0,27,28,1,1,1,1
0,0,28,29,1,1,1,1
0,0,29,30,1,1,1,1
0,0,30,31,1,1,1,1
0,0,31,32,1,1,1,1
0,0,32,33,1,1,1,1
0,0,33,34,1,1,1,1
0,0,34,35,1,1,1,1
0,0,35,36,1,1,1,1
0,0,36,37,1,1,1,1
0,0,37,38,1,1,1,1
0,0,38,39,1,1,1,1
0,0,39,40,1,1,1,1
0,0,40,41,1,1,1,1
0,0,41,42,1,1,1,1
0,0,42,43,1,1,1,1
0,0,43,44,1,1,1,1
0,0,44,45,1,1,1,1
0,0,45,46,1,1,1,1
0,0,46,47,1,1,1,1
0,0,47,48,1,1,1,1
0,0,48,49,1,1,1,1
0,0,49,50,1,1,1,1
1,1,0,1,1,1,1,1
1,1,1,2,1,1,1,1
1,1,2,3,1,1,1,1
1,1,3,4,1,1,1,1
1,1,4,5,1,1,1,1
1,1,5,6,1,1,1,1
1,1,6,7,1,1,1,1
1,1,7,8,1,1,1,1
1,1,8,9,1,1,1,1
1,1,9,10,1,1,1,1
1,1,10,11,1,1,1,1
1,1,11,12,1,1,1,1
1,1,12,13,1,1,1,1
1,1,13,14,1,1,1,1
1,1,14,15,1,1,1,1
1,1,15,16,1,1,1,1
1,1,16,17,1,1,1,1
1,1,17,18,1,1,1,1
1,1,18,19,1,1,1,1
1,1,19,20,1,1,1,1
1,1,20,21,1,1,1,1
1,1,21,22,1,1,1,1
1,1,22,23,1,1,1,1
1,1,23,24,1,1,1,1
1,1,24,25,1,1,1,1
1,1,25,26,1,1,1,1
1,1,26,27,1,1,1,1
1,1,27,28,1,1,1,1
1,1,28,29,1,1,1,1
1,1,29,30,1,1,1,1
1,1,30,31,1,1,1,1
1,1,31,32,1,1,1,1
1,1,32,33,1,1,1,1
1,1,33,34,1,1,1,1
1,1,34,35,1,1,1,1
1,1,35,36,1,1,1,1
1,1,36,37,1,1,1,1
1,1,37,38,1,1,1,1
1,1,38,39,1,1,1,1
1,1,39,40,1,1,1,1
1,1,40,41,1,1,1,1
1,1,41,42,1,1,1,1
1,1,42,43,1,1,1,1
1,1,43,44,1,1,1,1
1,1,44,45,1,1,1,1
1,1,45,46,1,1,1,1
1,1,46,47,1,1,1,1
1,1,47,48,1,1,1,1
1,1,48,49,1,1,1,1
1,1,49,50,1,1,1,1
2,2,0,1,1,1,1,1
2,2,1,2,1,1,1,1
2,2,2,3,1,1,1,1
2,2,3,4,1,1,1,1
2,2,4,5,1,1,1,1
2,2,5,6,1,1,1,1
2,2,6,7,1,1,1,1
2,2,7,8,1,1,1,1
2,2,8,9,1,1,1,1
2,2,9,10,1,1,1,1
2,2,10,11,1,1,1,1
2,2,11,12,1,1,1,1
2,2,12,13,1,1,1,1
2,2,13,14,1,1,1,1
2,2,14,15,1,1,1,1
2,2,15,16,1,1,1,1
2,2,16,17,1,1,1,1
2,2,17,18,1,1,1,1
2,2,18,19,1,1,1,1
2,2,19,20,1,1,1,1
2,2,20,21,1,1,1,1
2,2,21,22,1,1,1,1
2,2,22,23,1,1,1,1
2,2,23,24,1,1,1,1
2,2,24,25,1,1,1,1
2,2,25,26,1,1,1,1
2,2,26,27,1,1,1,1
2,2,27,28,1,1,1,1
2,2,28,29,1,1,1,1
2,2,29,30,1,1,1,1
2,2,30,31,1,1,1,1
2,2,31,32,1,1,1,1
2,2,32,33,1,1,1,1
2,2,33,34,1,1,1,1
2,2,34,35,1,1,1,1
2,2,35,36,1,1,1,1
2,2,36,37,1,1,1,1
2,2,37,38,1,1,1,1
2,2,38,39,1,1,1,1
2,2,39,40,1,1,1,1
2,2,40,41,1,1,1,1
2,2,41,42,1,1,1,1
2,2,42,43,1,1,1,1
2,2,43,44,1,1,1,1
2,2,44,45,1,1,1,1
2,2,45,46,1,1,1,1
2,2,46,47,1,1,1,1
2,2,47,48,1,1,1,1
2,2,48,49,1,1,1,1
2,2,49,50,1,1,1,1
3,3,0,1,1,1,1,1
3,3,1,2,1,1,1,1
3,3,2,3,1,1,1,1
3,3,3,4,1,1,1,1
3,3,4,5,1,1,1,1
3,3,5,6,1,1,1,1
3,3,6,7,1,1,1,1
3,3,7,8,1,1,1,1
3,3,8,9,1,1,1,1
3,3,9,10,1,1,1,1
3,3,10,11,1,1,1,1
3,3,11,12,1,1,1,1
3,3,12,13,1,1,1,1
3,3,13,14,1,1,1,1
3,3,14,15,1,1,1,1
3,3,15,16,1,1,1,1
3,3,16,17,1,1,1,1
3,3,17,18,1,1,1,1
3,3,18,19,1,1,1,1
3,3,19,20,1,1,1,1
3,3,20,21,1,1,1,1
3,3,21,22,1,1,1,1
3,3,22,23,1,1,1,1
3,3,23,24,1,1,1,1
3,3,24,25,1,1,1,1
3,3,25,26,1,1,1,1
3,3,26,27,1,1,1,1
3,3,27,28,1,1,1,1
3,3,28,29,1,1,1,1
3,3,29,30,1,1,1,1
3,3,30,31,1,1,1,1
3,3,31,32,1,1,1,1
3,3,32,33,1,1,1,1
3,3,33,34,1,1,1,1
3,3,34,35,1,1,1,1
3,3,35,36,1,1,1,1
3,3,36,37,1,1,1,1
3,3,37,38,1,1,1,1
3,3,38,39,1,1,1,1
3,3,39,40,1,1,1,1
3,3,40,41,1,1,1,1
3,3,41,42,1,1,1,1
3,3,42,43,1,1,1,1
3,3,43,44,1,1,1,1
3,3,44,45,1,1,1,1
3,3,45,46,1,1,1,1
3,3,46,47,1,1,1,1
3,3,47,48,1,1,1,1
3,3,48,49,1,1,1,1
3,3,49,50,1,1,1,1
4,4,0,1,1,1,1,1
4,4,1,2,1,1,1,1
4,4,2,3,1,1,1,1
4,4,3,4,1,1,1,1
4,4,4,5,1,1,1,1
4,4,5,6,1,1,1,1
4,4,6,7,1,1,1,1
4,4,7,8,1,1,1,1
4,4,8,9,1,1,1,1
4,4,9,10,1,1,1,1
4,4,10,11,1,1,1,1
4,4,11,12,1,1,1,1
4,4,12,13,1,1,1,1
4,4,13,14,1,1,1,1
4,4,14,15,1,1,1,1
4,4,15,16,1,1,1,1
4,4,16,17,1,1,1,1
4,4,17,18,1,1,1,1
4,4,18,19,1,1,1,1
4,4,19,20,1,1,1,1
4,4,20,21,1,1,1,1
4,4,21,22,1,1,1,1
4,4,22,23,1,1,1,1
4,4,23,24,1,1,1,1
4,4,24,25,1,1,1,1
4,4,25,26,1,1,1,1
4,4,26,27,1,1,1,1
4,4,27,28,1,1,1,1
4,4,28,29,1,1,1,1
4,4,29,30,1,1,1,1
4,4,30,31,1,1,1,1
4,4,31,32,1,1,1,1
4,4,32,33,1,1,1,1
4,4,33,34,1,1,1,1
4,4,34,35,1,1,1,1
4,4,35,36,1,1,1,1
4,4,36,37,1,1,1,1
4,4,37,38,1,1,1,1
4,4,38,39,1,1,1,1
4,4,39,40,1,1,1,1
4,4,40,41,1,1,1,1
4,4,41,42,1,1,1,1
4,4,42,43,1,1,1,1
4,4,43,44,1,1,1,1
4,4,44,45,1,1,1,1
4,4,45,46,1,1,1,1
4,4,46,47,1,1,1,1
4,4,47,48,1,1,1,1
4,4,48,49,1,1,1,1
4,4,49,50,1,1,1,1
5,5,0,1,1,1,1,1
5,5,1,2,1,1,1,1
5,5,2,3,1,1,1,1
5,5,3,4,1,1,1,1
5,5,4,5,1,1,1,1
5,5,5,6,1,1,1,1
5,5,6,7,1,1,1,1
5,5,7,8,1,1,1,1
5,5,8,9,1,1,1,1
5,5,9,10,1,1,1,1
5,5,10,11,1,1,1,1
5,5,11,12,1,1,1,1
5,5,12,13,1,1,1,1
5,5,13,14,1,1,1,1
5,5,14,15,1,1,1,1
5,5,15,16,1,1,1,1
5,5,16,17,1,1,1,1
5,5,17,18,1,1,1,1
5,5,18,19,1,1,1,1
5,5,19,20,1,1,1,1
5,5,20,21,1,1,1,1
5,5,21,22,1,1,1,1
5,5,22,23,1,1,1,1
5,5,23,24,1,1,1,1
5,5,24,25,1,1,1,1
5,5,25,26,1,1,1,1
5,5,26,27,1,1,1,1
5,5,27,28,1,1,1,1
5,5,28,29,1,1,1,1
5,5,29,30,1,1,1,1
5,5,30,31,1,1,1,1
5,5,31,32,1,1,1,1
5,5,32,33,1,1,1,1
5,5,33,34,1,1,1,1
5,5,34,35,1,1,1,1
5,5,35,36,1,1,1,1
5,5,36,37,1,1,1,1
5,5,37,38,1,1,1,1
5,5,38,39,1,1,1,1
5,5,39,40,1,1,1,1
5,5,40,41,1,1,1,1
5,5,41,42,1,1,1,1
5,5,42,43,1,1,1,1
5,5,43,44,1,1,1,1
5,5,44,45,1,1,1,1
5,5,45,46,1,1,1,1
5,5,46,47,1,1,1,1
5,5,47,48,1,1,1,1
5,5,48,49,1,1,1,1
5,5,49,50,1,1,1,1
6,6,0,1,1,1,1,1
6,6,1,2,1,1,1,1
6,6,2,3,1,1,1,1
6,6,3,4,1,1,1,1
6,6,4,5,1,1,1,1
6,6,5,6,1,1,1,1
6,6,6,7,1,1,1,1
6,6,7,8,1,1,1,1
6,6,8,9,1,1,1,1
6,6,9,10,1,1,1,1
6,6,10,11,1,1,1,1
6,6,11,12,1,1,1,1
6,6,12,13,1,1,1,1
6,6,13,14,1,1,1,1
6,6,14,15,1,1,1,1
6,6,15,16,1,1,1,1
6,6,16,17,1,1,1,1
6,6,17,18,1,1,1,1
6,6,18,19,1,1,1,1
6,6,19,20,1,1,1,1
6,6,20,21,1,1,1,1
6,6,21,22,1,1,1,1
6,6,22,23,1,1,1,1
6,6,23,24,1,1,1,1
6,6,24,25,1,1,1,1
6,6,25,26,1,1,1,1
6,6,26,27,1,1,1,1
6,6,27,28,1,1,1,1
6,6,28,29,1,1,1,1
6,6,29,30,1,1,1,1
6,6,30,31,1,1,1,1
6,6,31,32,1,1,1,1
6,6,32,33,1,1,1,1
6,6,33,34,1,1,1,1
6,6,34,35,1,1,1,1
6,6,35,36,1,1,1,1
6,6,36,37,1,1,1,1
6,6,37,38,1,1,1,1
6,6,38,39,1,1,1,1
6,6,39,40,1,1,1,1
6,6,40,41,1,1,1,1
6,6,41,42,1,1,1,1
6,6,42,43,1,1,1,1
6,6,43,44,1,1,1,1
6,6,44,45,1,1,1,1
6,6,45,46,1,1,1,1
6,6,46,47,1,1,1,1
6,6,47,48,1,1,1,1
6,6,48,49,1,1,1,1
6,6,49,50,1,1,1,1
7,7,0,1,1,1,1,1
7,7,1,2,1,1,1,1
7,7,2,3,1,1,1,1
7,7,3,4,1,1,1,1
7,7,4,5,1,1,1,1
7,7,5,6,1,1,1,1
7,7,6,7,1,1,1,1
7,7,7,8,1,1,1,1
7,7,8,9,1,1,1,1
7,7,9,10,1,1,1,1
7,7,10,11,1,1,1,1
7,7,11,12,1,1,1,1
7,7,12,13,1,1,1,1
7,7,13,14,1,1,1,1
7,7,14,15,1,1,1,1
7,7,15,16,1,1,1,1
7,7,16,17,1,1,1,1
7,7,17,18,1,1,1,1
7,7,18,19,1,1,1,1
7,7,19,20,1,1,1,1
7,7,20,21,1,1,1,1
7,7,21,22,1,1,1,1
7,7,22,23,1,1,1,1
7,7,23,24,1,1,1,1
7,7,24,25,1,1,1,1
7,7,25,26,1,1,1,1
7,7,26,27,1,1,1,1
7,7,27,28,1,1,1,1
7,7,28,29,1,1,1,1
7,7,29,30,1,1,1,1
7,7,30,31,1,1,1,1
7,7,31,32,1,1,1,1
7,7,32,33,1,1,1,1
7,7,33,34,1,1,1,1
7,7,34,35,1,1,1,1
7,7,35,36,1,1,1,1
7,7,36,37,1,1,1,1
7,7,37,38,1,1,1,1
7,7,38,39,1,1,1,1
7,7,39,40,1,1,1,1
7,7,40,41,1,1,1,1
7,7,41,42,1,1,1,1
7,7,42,43,1,1,1,1
7,7,43,44,1,1,1,1
7,7,44,45,1,1,1,1
7,7,45,46,1,1,1,1
7,7,46,47,1,1,1,1
7,7,47,48,1,1,1,1
7,7,48,49,1,1,1,1
7,7,49,50,1,1,1,1
8,8,0,1,1,1,1,1
8,8,1,2,1,1,1,1
8,8,2,3,1,1,1,1
8,8,3,4,1,1,1,1
8,8,4,5,1,1,1,1
8,8,5,6,1,1,1,1
8,8,6,7,1,1,1,1
8,8,7,8,1,1,1,1
8,8,8,9,1,1,1,1
8,8,9,10,1,1,1,1
8,8,10,11,1,1,1,1
8,8,11,12,1,1,1,1
8,8,12,13,1,1,1,1
8,8,13,14,1,1,1,1
8,8,14,15,1,1,1,1
8,8,15,16,1,1,1,1
8,8,16,17,1,1,1,1
8,8,17,18,1,1,1,1
8,8,18,19,1,1,1,1
8,8,19,20,1,1,1,1
8,8,20,21,1,1,1,1
8,8,21,22,1,1,1,1
8,8,22,23,1,1,1,1
8,8,23,24,1,1,1,1
8,8,24,25,1,1,1,1
8,8,25,26,1,1,1,1
8,8,26,27,1,1,1,1
8,8,27,28,1,1,1,1
8,8,28,29,1,1,1,1
8,8,29,30,1,1,1,1
8,8,30,31,1,1,1,1
8,8,31,32,1,1,1,1
8,8,32,33,1,1,1,1
8,8,33,34,1,1,1,1
8,8,34,35,1,1,1,1
8,8,35,36,1,1,1,1
8,8,36,37,1,1,1,1
8,8,37,38,1,1,1,1
8,8,38,39,1,1,1,1
8,8,39,40,1,1,1,1
8,8,40,41,1,1,1,1
8,8,41,42,1,1,1,1
8,8,42,43,1,1,1,1
8,8,43,44,1,1,1,1
8,8,44,45,1,1,1,1
8,8,45,46,1,1,1,1
8,8,46,47,1,1,1,1
8,8,47,48,1,1,1,1
8,8,48,49,1,1,1,1
8,8,49,50,1,1,1,1
9,9,0,1,1,1,1,1
9,9,1,2,1,1,1,1
9,9,2,3,1,1,1,1
9,9,3,4,1,1,1,1
9,9,4,5,1,1,1,1
9,9,5,6,1,1,1,1
9,9,6,7,1,1,1,1
9,9,7,8,1,1,1,1
9,9,8,9,1,1,1,1
9,9,9,10,1,1,1,1
9,9,10,11,1,1,1,1
9,9,11,12,1,1,1,1
9,9,12,13,1,1,1,1
9,9,13,14,1,1,1,1
9,9,14,15,1,1,1,1
9,9,15,16,1,1,1,1
9,9,16,17,1,1,1,1
9,9,17,18,1,1,1,1
9,9,18,19,1,1,1,1
9,9,19,20,1,1,1,1
9,9,20,21,1,1,1,1
9,9,21,22,1,1,1,1
9,9,22,23,1,1,1,1
9,9,23,24,1,1,1,1
9,9,24,25,1,1,1,1
9,9,25,26,1,1,1,1
9,9,26,27,1,1,1,1
9,9,27,28,1,1,1,1
9,9,28,29,1,1,1,1
9,9,29,30,1,1,1,1
9,9,30,31,1,1,1,1
9,9,31,32,1,1,1,1
9,9,32,33,1,1,1,1
9,9,33,34,1,1,1,1
9,9,34,35,1,1,1,1
9,9,35,36,1,1,1,1
9,9,36,37,1,1,1,1
9,9,37,38,1,1,1,1
9,9,38,39,1,1,1,1
9,9,39,40,1,1,1,1
9,9,40,41,1,1,1,1
9,9,41,42,1,1,1,1
9,9,42,43,1,1,1,1
9,9,43,44,1,1,1,1
9,9,44,45,1,1,1,1
9,9,45,46,1,1,1,1
9,9,46,47,1,1,1,1
9,9,47,48,1,1,1,1
9,9,48,49,1,1,1,1
9,9,49,50,1,1,1,1
10,10,0,1,1,1,1,1
10,10,1,2,1,1,1,1
10,10,2,3,1,1,1,1
10,10,3,4,1,1,1,1
10,10,4,5,1,1,1,1
10,10,5,6,1,1,1,1
10,10,6,7,1,1,1,1
10,10,7,8,1,1,1,1
10,10,8,9,1,1,1,1
10,10,9,10,1,1,1,1
10,10,10,11,1,1,1,1
10,10,11,12,1,1,1,1
10,10,12,13,1,1,1,1
10,10,13,14,1,1,1,1
10,10,14,15,1,1,1,1
10,10,15,16,1,1,1,1
10,10,16,17,1,1,1,1
10,10,17,18,1,1,1,1
10,10,18,19,1,1,1,1
10,10,19,20,1,1,1,1
10,10,20,21,1,1,1,1
10,10,21,22,1,1,1,1
10,10,22,23,1,1,1,1
10,10,23,24,1,1,1,1
10,10,24,25,1,1,1,1
10,10,25,26,1,1,1,1
10,10,26,27,1,1,1,1
10,10,27,28,1,1,1,1
10,10,28,29,1,1,1,1
10,10,29,30,1,1,1,1
10,10,30,31,1,1,1,1
10,10,31,32,1,1,1,1
10,10,32,33,1,1,1,1
10,10,33,34,1,1,1,1
10,10,34,35,1,1,1,1
10,10,35,36,1,1,1,1
10,10,36,37,1,1,1,1
10,10,37,38,1,1,1,1
10,10,38,39,1,1,1,1
10,10,39,40,1,1,1,1
10,10,40,41,1,1,1,1
10,10,41,42,1,1,1,1
10,10,42,43,1,1,1,1
10,10,43,44,1,1,1,1
10,10,44,45,1,1,1,1
10,10,45,46,1,1,1,1
10,10,46,47,1,1,1,1
10,10,47,48,1,1,1,1
10,10,48,49,1,1,1,1
10,10,49,50,1,1,1,1
11,11,0,1,1,1,1,1
11,11,1,2,1,1,1,1
11,11,2,3,1,1,1,1
11,11,3,4,1,1,1,1
11,11,4,5,1,1,1,1
11,11,5,6,1,1,1,1
11,11,6,7,1,1,1,1
11,11,7,8,1,1,1,1
11,11,8,9,1,1,1,1
11,11,9,10,1,1,1,1
11,11,10,11,1,1,1,1
11,11,11,12,1,1,1,1
11,11,12,13,1,1,1,1
11,11,13,14,1,1,1,1
11,11,14,15,1,1,1,1
11,11,15,16,1,1,1,1
11,11,16,17,1,1,1,1
11,11,17,18,1,1,1,1
11,11,18,19,1,1,1,1
11,11,19,20,1,1,1,1
11,11,20,21,1,1,1,1
11,11,21,22,1,1,1,1
11,11,22,23,1,1,1,1
11,11,23,24,1,1,1,1
11,11,24,25,1,1,1,1
11,11,25,26,1,1,1,1
11,11,26,27,1,1,1,1
11,11,27,28,1,1,1,1
11,11,28,29,1,1,1,1
11,11,29,30,1,1,1,1
11,11,30,31,1,1,1,1
11,11,31,32,1,1,1,1
11,11,32,33,1,1,1,1
11,11,33,34,1,1,1,1
11,11,34,35,1,1,1,1
11,11,35,36,1,1,1,1
11,11,36,37,1,1,1,1
11,11,37,38,1,1,1,1
11,11,38,39,1,1,1,1
11,11,39,40,1,1,1,1
11,11,40,41,1,1,1,1
11,11,41,42,1,1,1,1
11,11,42,43,1,1,1,1
11,11,43,44,1,1,1,1
11,11,44,45,1,1,1,1
11,11,45,46,1,1,1,1
11,11,46,47,1,1,1,1
11,11,47,48,1,1,1,1
11,11,48,49,1,1,1,1
11,11,49,50,1,1,1,1
12,12,0,1,1,1,1,1
12,12,1,2,1,1,1,1
12,12,2,3,1,1,1,1
12,12,3,4,1,1,1,1
12,12,4,5,1,1,1,1
12,12,5,6,1,1,1,1
12,12,6,7,1,1,1,1
12,12,7,8,1,1,1,1
12,12,8,9,1,1,1,1
12,12,9,10,1,1,1,1
12,12,10,11,1,1,1,1
12,12,11,12,1,1,1,1
12,12,12,13,1,1,1,1
12,12,13,14,1,1,1,1
12,12,14,15,1,1,1,1
12,12,15,16,1,1,1,1
12,12,16,17,1,1,1,1
12,12,17,18,1,1,1,1
12,12,18,19,1,1,1,1
12,12,19,20,1,1,1,1
12,12,20,21,1,1,1,1
12,12,21,22,1,1,1,1
12,12,22,23,1,1,1,1
12,12,23,24,1,1,1,1
12,12,24,25,1,1,1,1
12,12,25,26,1,1,1,1
12,12,26,27,1,1,1,1
12,12,27,28,1,1,1,1
12,12,28,29,1,1,1,1
12,12,29,30,1,1,1,1
12,12,30,31,1,1,1,1
12,12,31,32,1,1,1,1
12,12,32,33,1,1,1,1
12,12,33,34,1,1,1,1
12,12,34,35,1,1,1,1
12,12,35,36,1,1,1,1
12,12,36,37,1,1,1,1
12,12,37,38,1,1,1,1
12,12,38,39,1,1,1,1
12,12,39,40,1,1,1,1
12,12,40,41,1,1,1,1
12,12,41,42,1,1,1,1
12,12,42,43,1,1,1,1
12,12,43,44,1,1,1,1
12,12,44,45,1,1,1,1
12,12,45,46,1,1,1,1
12,12,46,47,1,1,1,1
12,12,47,48,1,1,1,1
12,12,48,49,1,1,1,1
12,12,49,50,1,1,1,1
13,13,0,1,1,1,1,1
13,13,1,2,1,1,1,1
13,13,2,3,1,1,1,1
13,13,3,4,1,1,1,1
13,13,4,5,1,1,1,1
13,13,5,6,1,1,1,1
13,13,6,7,1,1,1,1
13,13,7,8,1,1,1,1
13,13,8,9,1,1,1,1
13,13,9,10,1,1,1,1
13,13,10,11,1,1,1,1
13,13,11,12,1,1,1,1
13,13,12,13,1,1,1,1
13,13,13,14,1,1,1,1
13,13,14,15,1,1,1,1
13,13,15,16,1,1,1,1
13,13,16,17,1,1,1,1
13,13,17,18,1,1,1,1
13,13,18,19,1,1,1,1
13,13,19,20,1,1,1,1
13,13,20,21,1,1,1,1
13,13,21,22,1,1,1,1
13,13,22,23,1,1,1,1
13,13,23,24,1,1,1,1
13,13,24,25,1,1,1,1
13,13,25,26,1,1,1,1
13,13,26,27,1,1,1,1
13,13,27,28,1,1,1,1
13,13,28,29,1,1,1,1
13,13,29,30,1,1,1,1
13,13,30,31,1,1,1,1
13,13,31,32,1,1,1,1
13,13,32,33,1,1,1,1
13,13,33,34,1,1,1,1
13,13,34,35,1,1,1,1
13,13,35,36,1,1,1,1
13,13,36,37,1,1,1,1
13,13,37,38,1,1,1,1
13,13,38,39,1,1,1,1
13,13,39,40,1,1,1,1
13,13,40,41,1,1,1,1
13,13,41,42,1,1,1,1
13,13,42,43,1,1,1,1
13,13,43,44,1,1,1,1
13,13,44,45,1,1,1,1
13,13,45,46,1,1,1,1
13,13,46,47,1,1,1,1
13,13,47,48,1,1,1,1
13,13,48,49,1,1,1,1
13,13,49,50,1,1,1,1
14,14,0,1,1,1,1,1
14,14,1,2,1,1,1,1
14,14,2,3,1,1,1,1
14,14,3,4,1,1,1,1
14,14,4,5,1,1,1,1
14,14,5,6,1,1,1,1
14,14,6,7,1,1,1,1
14,14,7,8,1,1,1,1
14,14,8,9,1,1,1,1
14,14,9,10,1,1,1,1
14,14,10,11,1,1,1,1
14,14,11,12,1,1,1,1
14,14,12,13,1,1,1,1
14,14,13,14,1,1,1,1
14,14,14,15,1,1,1,1
14,14,15,16,1,1,1,1
14,14,16,17,1,1,1,1
14,14,17,18,1,1,1,1
14,14,18,19,1,1,1,1
14,14,19,20,1,1,1,1
14,14,20,21,1,1,1,1
14,14,21,22,1,1,1,1
14,14,22,23,1,1,1,1
14,14,23,24,1,1,1,1
14,14,24,25,1,1,1,1
14,14,25,26,1,1,1,1
14,14,26,27,1,1,1,1
14,14,27,28,1,1,1,1
14,14,28,29,1,1,1,1
14,14,29,30,1,1,1,1
14,14,30,31,1,1,1,1
14,14,31,32,1,1,1,1
14,14,32,33,1,1,1,1
14,14,33,34,1,1,1,1
14,14,34,35,1,1,1,1
14,14,35,36,1,1,1,1
14,14,36,37,1,1,1,1
14,14,37,38,1,1,1,1
14,14,38,39,1,1,1,1
14,14,39,40,1,1,1,1
14,14,40,41,1,1,1,1
14,14,41,42,1,1,1,1
14,14,42,43,1,1,1,1
14,14,43,44,1,1,1,1
14,14,44,45,1,1,1,1
14,14,45,46,1,1,1,1
14,14,46,47,1,1,1,1
14,14,47,48,1,1,1,1
14,14,48,49,1,1,1,1
14,14,49,50,1,1,1,1
15,15,0,1,1,1,0,1
15,15,1,2,1,1,0,1
15,15,2,3,1,1,0,1
15,15,3,4,1,1,0,1
15,15,4,5,1,1,0,1
15,15,5,6,1,1,0,1
15,15,6,7,1,1,0,1
15,15,7,8,1,1,0,1
15,15,8,9,1,1,0,1
15,15,9,10,1,1,0,1
15,15,10,11,1,1,0,1
15,15,11,12,1,1,0,1
15,15,12,13,1,1,0,1
15,15,13,14,1,1,0,1
15,15,14,15,1,1,0,1
15,15,15,16,1,1,0,1
15,15,16,17,1,1,0,1
15,15,17,18,1,1,0,1
15,15,18,19,1,1,0,1
15,15,19,20,1,1,0,1
15,15,20,21,1,1,0,1
15,15,21,22,1,1,0,1
15,15,22,23,1,1,0,1
15,15,23,24,1,1,0,1
15,15,24,25,1,1,0,1
15,15,25,26,1,1,0,1
15,15,26,27,1,1,0,1
15,15,27,28,1,1,0,1
15,15,28,29,1,1,0,1
15,15,29,30,1,1,0,1
15,15,30,31,1,1,0,1
15,15,31,32,1,1,0,1
15,15,32,33,1,1,0,1
15,15,33,34,1,1,0,1
15,15,34,35,1,1,0,1
15,15,35,36,1,1,0,1
15,15,36,37,1,1,0,1
15,15,37,38,1,1,0,1
15,15,38,39,1,1,0,1
15,15,39,40,1,1,0,1
15,15,40,41,1,1,0,1
15,15,41,42,1,1,0,1
15,15,42,43,1,1,0,1
15,15,43,44,1,1,0,1
15,15,44,45,1,1,0,1
15,15,45,46,1,1,0,1
15,15,46,47,1,1,0,1
15,15,47,48,1,1,0,1
15,15,48,49,1,1,0,1
15,15,49,50,1,1,0,1
0,0,0,1,0,1,1,2
0,0,0,1,1,0,1,3
0,0,1,2,0,1,1,2
0,0,1,2,1,0,1,3
0,0,2,3,0,1,1,2
0,0,2,3,1,0,1,3
0,0,3,4,0,1,1,2
0,0,3,4,1,0,1,3
0,0,4,5,0,1,1,2
0,0,4,5,1,0,1,3
0,0,5,6,0,1,1,2
0,0,5,6,1,0,1,3
0,0,6,7,0,1,1,2
0,0,6,7,1,0,1,3
0,0,7,8,0,1,1,2
0,0,7,8,1,0,1,3
0,0,8,9,0,1,1,2
0,0,8,9,1,0,1,3
0,0,9,10,0,1,1,2
0,0,9,10,1,0,1,3
0,0,10,11,0,1,1,2
0,0,10,11,1,0,1,3
0,0,11,12,0,1,1,2
0,0,11,12,1,0,1,3
0,0,12,13,0,1,1,2
0,0,12,13,1,0,1,3
0,0,13,14,0,1,1,2
0,0,13,14,1,0,1,3
0,0,14,15,0,1,1,2
0,0,14,15,1,0,1,3
0,0,15,16,0,1,1,2
0,0,15,16,1,0,1,3
0,0,16,17,0,1,1,2
0,0,16,17,1,0,1,3
0,0,17,18,0,1,1,2
0,0,17,18,1,0,1,3
0,0,18,19,0,1,1,2
0,0,18,19,1,0,1,3
0,0,19,20,0,1,1,2
0,0,19,20,1,0,1,3
0,0,20,21,0,1,1,2
0,0,20,21,1,0,1,3
0,0,21,22,0,1,1,2
0,0,21,22,1,0,1,3
0,0,22,23,0,1,1,2
0,0,22,23,1,0,1,3
0,0,23,24,0,1,1,2
0,0,23,24,1,0,1,3
0,0,24,25,0,1,1,2
0,0,24,25,1,0,1,3
0,0,25,26,0,1,1,2
0,0,25,26,1,0,1,3
0,0,26,27,0,1,1,2
0,0,26,27,1,0,1,3
0,0,27,28,0,1,1,2
0,0,27,28,1,0,1,3
0,0,28,29,0,1,1,2
0,0,28,29,1,0,1,3
0,0,29,30,0,1,1,2
0,0,29,30,1,0,1,3
0,0,30,31,0,1,1,2
0,0,30,31,1,0,1,3
0,0,31,32,0,1,1,2
0,0,31,32,1,0,1,3
0,0,32,33,0,1,1,2
0,0,32,33,1,0,1,3
0,0,33,34,0,1,1,2
0,0,33,34,1,0,1,3
0,0,34,35,0,1,1,2
0,0,34,35,1,0,1,3
0,0,35,36,0,1,1,2
0,0,35,36,1,0,1,3
0,0,36,37,0,1,1,2
0,0,36,37,1,0,1,3
0,0,37,38,0,1,1,2
0,0,37,38,1,0,1,3
0,0,38,39,0,1,1,2
0,0,38,39,1,0,1,3
0,0,39,40,0,1,1,2
0,0,39,40,1,0,1,3
0,0,40,41,0,1,1,2
0,0,40,41,1,0,1,3
0,0,41,42,0,1,1,2
0,0,41,42,1,0,1,3
0,0,42,43,0,1,1,2
0,0,42,43,1,0,1,3
0,0,43,44,0,1,1,2
0,0,43,44,1,0,1,3
0,0,44,45,0,1,1,2
0,0,44,45,1,0,1,3
0,0,45,46,0,1,1,2
0,0,45,46,1,0,1,3
0,0,46,47,0,1,1,2
0,0,46,47,1,0,1,3
0,0,47,48,0,1,1,2
0,0,47,48,1,0,1,3
0,0,48,49,0,1,1,2
0,0,48,49,1,0,1,3
0,0,49,50,0,1,1,2
0,0,49,50,1,0,1,3
1,1,0,1,0,1,1,2
1,1,0,1,1,0,1,3
1,1,1,2,0,1,1,2
1,1,1,2,1,0,1,3
1,1,2,3,0,1,1,2
1,1,2,3,1,0,1,3
1,1,3,4,0,1,1,2
1,1,3,4,1,0,1,3
1,1,4,5,0,1,1,2
1,1,4,5,1,0,1,3
1,1,5,6,0,1,1,2
1,1,5,6,1,0,1,3
1,1,6,7,0,1,1,2
1,1,6,7,1,0,1,3
1,1,7,8,0,1,1,2
1,1,7,8,1,0,1,3
1,1,8,9,0,1,1,2
1,1,8,9,1,0,1,3
1,1,9,10,0,1,1,2
1,1,9,10,1,0,1,3
1,1,10,11,0,1,1,2
1,1,10,11,1,0,1,3
1,1,11,12,0,1,1,2
1,1,11,12,1,0,1,3
1,1,12,13,0,1,1,2
1,1,12,13,1,0,1,3
1,1,13,14,0,1,1,2
1,1,13,14,1,0,1,3
1,1,14,15,0,1,1,2
1,1,14,15,1,0,1,3
1,1,15,16,0,1,1,2
1,1,15,16,1,0,1,3
1,1,16,17,0,1,1,2
1,1,16,17,1,0,1,3
1,1,17,18,0,1,1,2
1,1,17,18,1,0,1,3
1,1,18,19,0,1,1,2
1,1,18,19,1,0,1,3
1,1,19,20,0,1,1,2
1,1,19,20,1,0,1,3
1,1,20,21,0,1,1,2
1,1,20,21,1,0,1,3
1,1,21,22,0,1,1,2
1,1,21,22,1,0,1,3
1,1,22,23,0,1,1,2
1,1,22,23,1,0,1,3
1,1,23,24,0,1,1,2
1,1,23,24,1,0,1,3
1,1,24,25,0,1,1,2
1,1,24,25,1,0,1,3
1,1,25,26,0,1,1,2
1,1,25,26,1,0,1,3
1,1,26,27,0,1,1,2
1,1,26,27,1,0,1,3
1,1,27,28,0,1,1,2
1,1,27,28,1,0,1,3
1,1,28,29,0,1,1,2
1,1,28,29,1,0,1,3
1,1,29,30,0,1,1,2
1,1,29,30,1,0,1,3
1,1,30,31,0,1,1,2
1,1,30,31,1,0,1,3
1,1,31,32,0,1,1,2
1,1,31,32,1,0,1,3
1,1,32,33,0,1,1,2
1,1,32,33,1,0,1,3
1,1,33,34,0,1,1,2
1,1,33,34,1,0,1,3
1,1,34,35,0,1,1,2
1,1,34,35,1,0,1,3
1,1,35,36,0,1,1,2
1,1,35,36,1,0,1,3
1,1,36,37,0,1,1,2
1,1,36,37,1,0,1,3
1,1,37,38,0,1,1,2
1,1,37,38,1,0,1,3
1,1,38,39,0,1,1,2
1,1,38,39,1,0,1,3
1,1,39,40,0,1,1,2
1,1,39,40,1,0,1,3
1,1,40,41,0,1,1,2
1,1,40,41,1,0,1,3
1,1,41,42,0,1,1,2
1,1,41,42,1,0,1,3
1,1,42,43,0,1,1,2
1,1,42,43,1,0,1,3
1,1,43,44,0,1,1,2
1,1,43,44,1,0,1,3
1,1,44,45,0,1,1,2
1,1,44,45,1,0,1,3
1,1,45,46,0,1,1,2
1,1,45,46,1,0,1,3
1,1,46,47,0,1,1,2
1,1,46,47,1,0,1,3
1,1,47,48,0,1,1,2
1,1,47,48,1,0,1,3
1,1,48,49,0,1,1,2
1,1,48,49,1,0,1,3
1,1,49,50,0,1,1,2
1,1,49,50,1,0,1,3
2,2,0,1,0,1,1,2
2,2,0,1,1,0,1,3
2,2,1,2,0,1,1,2
2,2,1,2,1,0,1,3
2,2,2,3,0,1,1,2
2,2,2,3,1,0,1,3
2,2,3,4,0,1,1,2
2,2,3,4,1,0,1,3
2,2,4,5,0,1,1,2
2,2,4,5,1,0,1,3
2,2,5,6,0,1,1,2
2,2,5,6,1,0,1,3
2,2,6,7,0,1,1,2
2,2,6,7,1,0,1,3
2,2,7,8,0,1,1,2
2,2,7,8,1,0,1,3
2,2,8,9,0,1,1,2
2,2,8,9,1,0,1,3
2,2,9,10,0,1,1,2
2,2,9,10,1,0,1,3
2,2,10,11,0,1,1,2
2,2,10,11,1,0,1,3
2,2,11,12,0,1,1,2
2,2,11,12,1,0,1,3
2,2,12,13,0,1,1,2
2,2,12,13,1,0,1,3
2,2,13,14,0,1,1,2
2,2,13,14,1,0,1,3
2,2,14,15,0,1,1,2
2,2,14,15,1,0,1,3
2,2,15,16,0,1,1,2
2,2,15,16,1,0,1,3
2,2,16,17,0,1,1,2
2,2,16,17,1,0,1,3
2,2,17,18,0,1,1,2
2,2,17,18,1,0,1,3
2,2,18,19,0,1,1,2
2,2,18,19,1,0,1,3
2,2,19,20,0,1,1,2
2,2,19,20,1,0,1,3
2,2,20,21,0,1,1,2
2,2,20,21,1,0,1,3
2,2,21,22,0,1,1,2
2,2,21,22,1,0,1,3
2,2,22,23,0,1,1,2
2,2,22,23,1,0,1,3
2,2,23,24,0,1,1,2
2,2,23,24,1,0,1,3
2,2,24,25,0,1,1,2
2,2,24,25,1,0,1,3
2,2,25,26,0,1,1,2
2,2,25,26,1,0,1,3
2,2,26,27,0,1,1,2
2,2,26,27,1,0,1,3
2,2,27,28,0,1,1,2
2,2,27,28,1,0,1,3
2,2,28,29,0,1,1,2
2,2,28,29,1,0,1,3
2,2,29,30,0,1,1,2
2,2,29,30,1,0,1,3
2,2,30,31,0,1,1,2
2,2,30,31,1,0,1,3
2,2,31,32,0,1,1,2
2,2,31,32,1,0,1,3
2,2,32,33,0,1,1,2
2,2,32,33,1,0,1,3
2,2,33,34,0,1,1,2
2,2,33,34,1,0,1,3
2,2,34,35,0,1,1,2
2,2,34,35,1,0,1,3
2,2,35,36,0,1,1,2
2,2,35,36,1,0,1,3
2,2,36,37,0,1,1,2
2,2,36,37,1,0,1,3
2,2,37,38,0,1,1,2
2,2,37,38,1,0,1,3
2,2,38,39,0,1,1,2
2,2,38,39,1,0,1,3
2,2,39,40,0,1,1,2
2,2,39,40,1,0,1,3
2,2,40,41,0,1,1,2
2,2,40,41,1,0,1,3
2,2,41,42,0,1,1,2
2,2,41,42,1,0,1,3
2,2,42,43,0,1,1,2
2,2,42,43,1,0,1,3
2,2,43,44,0,1,1,2
2,2,43,44,1,0,1,3
2,2,44,45,0,1,1,2
2,2,44,45,1,0,1,3
2,2,45,46,0,1,1,2
2,2,45,46,1,0,1,3
2,2,46,47,0,1,1,2
2,2,46,47,1,0,1,3
2,2,47,48,0,1,1,2
2,2,47,48,1,0,1,3
2,2,48,49,0,1,1,2
2,2,48,49,1,0,1,3
2,2,49,50,0,1,1,2
2,2,49,50,1,0,1,3
5,5,0,1,0,1,1,2
5,5,0,1,1,0,1,3
5,5,1,2,0,1,1,2
5,5,1,2,1,0,1,3
5,5,2,3,0,1,1,2
5,5,2,3,1,0,1,3
5,5,3,4,0,1,1,2
5,5,3,4,1,0,1,3
5,5,4,5,0,1,1,2
5,5,4,5,1,0,1,3
5,5,5,6,0,1,1,2
5,5,5,6,1,0,1,3
5,5,6,7,0,1,1,2
5,5,6,7,1,0,1,3
5,5,7,8,0,1,1,2
5,5,7,8,1,0,1,3
5,5,8,9,0,1,1,2
5,5,8,9,1,0,1,3
5,5,9,10,0,1,1,2
5,5,9,10,1,0,1,3
5,5,10,11,0,1,1,2
5,5,10,11,1,0,1,3
5,5,11,12,0,1,1,2
5,5,11,12,1,0,1,3
5,5,12,13,0,1,1,2
5,5,12,13,1,0,1,3
5,5,13,14,0,1,1,2
5,5,13,14,1,0,1,3
5,5,14,15,0,1,1,2
5,5,14,15,1,0,1,3
5,5,15,16,0,1,1,2
5,5,15,16,1,0,1,3
5,5,16,17,0,1,1,2
5,5,16,17,1,0,1,3
5,5,17,18,0,1,1,2
5,5,17,18,1,0,1,3
5,5,18,19,0,1,1,2
5,5,18,19,1,0,1,3
5,5,19,20,0,1,1,2
5,5,19,20,1,0,1,3
5,5,20,21,0,1,1,2
5,5,20,21,1,0,1,3
5,5,21,22,0,1,1,2
5,5,21,22,1,0,1,3
5,5,22,23,0,1,1,2
5,5,22,23,1,0,1,3
5,5,23,24,0,1,1,2
5,5,23,24,1,0,1,3
5,5,24,25,0,1,1,2
5,5,24,25,1,0,1,3
5,5,25,26,0,1,1,2
5,5,25,26,1,0,1,3
5,5,26,27,0,1,1,2
5,5,26,27,1,0,1,3
5,5,27,28,0,1,1,2
5,5,27,28,1,0,1,3
5,5,28,29,0,1,1,2
5,5,28,29,1,0,1,3
5,5,29,30,0,1,1,2
5,5,29,30,1,0,1,3
5,5,30,31,0,1,1,2
5,5,30,31,1,0,1,3
5,5,31,32,0,1,1,2
5,5,31,32,1,0,1,3
5,5,32,33,0,1,1,2
5,5,32,33,1,0,1,3
5,5,33,34,0,1,1,2
5,5,33,34,1,0,1,3
5,5,34,35,0,1,1,2
5,5,34,35,1,0,1,3
5,5,35,36,0,1,1,2
5,5,35,36,1,0,1,3
5,5,36,37,0,1,1,2
5,5,36,37,1,0,1,3
5,5,37,38,0,1,1,2
5,5,37,38,1,0,1,3
5,5,38,39,0,1,1,2
5,5,38,39,1,0,1,3
5,5,39,40,0,1,1,2
5,5,39,40,1,0,1,3
5,5,40,41,0,1,1,2
5,5,40,41,1,0,1,3
5,5,41,42,0,1,1,2
5,5,41,42,1,0,1,3
5,5,42,43,0,1,1,2
5,5,42,43,1,0,1,3
5,5,43,44,0,1,1,2
5,5,43,44,1,0,1,3
5,5,44,45,0,1,1,2
5,5,44,45,1,0,1,3
5,5,45,46,0,1,1,2
5,5,45,46,1,0,1,3
5,5,46,47,0,1,1,2
5,5,46,47,1,0,1,3
5,5,47,48,0,1,1,2
5,5,47,48,1,0,1,3
5,5,48,49,0,1,1,2
5,5,48,49,1,0,1,3
5,5,49,50,0,1,1,2
5,5,49,50,1,0,1,3
6,6,0,1,0,1,1,2
6,6,0,1,1,0,1,3
6,6,1,2,0,1,1,2
6,6,1,2,1,0,1,3
6,6,2,3,0,1,1,2
6,6,2,3,1,0,1,3
6,6,3,4,0,1,1,2
6,6,3,4,1,0,1,3
6,6,4,5,0,1,1,2
6,6,4,5,1,0,1,3
6,6,5,6,0,1,1,2
6,6,5,6,1,0,1,3
6,6,6,7,0,1,1,2
6,6,6,7,1,0,1,3
6,6,7,8,0,1,1,2
6,6,7,8,1,0,1,3
6,6,8,9,0,1,1,2
6,6,8,9,1,0,1,3
6,6,9,10,0,1,1,2
6,6,9,10,1,0,1,3
6,6,10,11,0,1,1,2
6,6,10,11,1,0,1,3
6,6,11,12,0,1,1,2
6,6,11,12,1,0,1,3
6,6,12,13,0,1,1,2
6,6,12,13,1,0,1,3
6,6,13,14,0,1,1,2
6,6,13,14,1,0,1,3
6,6,14,15,0,1,1,2
6,6,14,15,1,0,1,3
6,6,15,16,0,1,1,2
6,6,15,16,1,0,1,3
6,6,16,17,0,1,1,2
6,6,16,17,1,0,1,3
6,6,17,18,0,1,1,2
6,6,17,18,1,0,1,3
6,6,18,19,0,1,1,2
6,6,18,19,1,0,1,3
6,6,19,20,0,1,1,2
6,6,19,20,1,0,1,3
6,6,20,21,0,1,1,2
6,6,20,21,1,0,1,3
6,6,21,22,0,1,1,2
6,6,21,22,1,0,1,3
6,6,22,23,0,1,1,2
6,6,22,23,1,0,1,3
6,6,23,24,0,1,1,2
6,6,23,24,1,0,1,3
6,6,24,25,0,1,1,2
6,6,24,25,1,0,1,3
6,6,25,26,0,1,1,2
6,6,25,26,1,0,1,3
6,6,26,27,0,1,1,2
6,6,26,27,1,0,1,3
6,6,27,28,0,1,1,2
6,6,27,28,1,0,1,3
6,6,28,29,0,1,1,2
6,6,28,29,1,0,1,3
6,6,29,30,0,1,1,2
6,6,29,30,1,0,1,3
6,6,30,31,0,1,1,2
6,6,30,31,1,0,1,3
6,6,31,32,0,1,1,2
6,6,31,32,1,0,1,3
6,6,32,33,0,1,1,2
6,6,32,33,1,0,1,3
6,6,33,34,0,1,1,2
6,6,33,34,1,0,1,3
6,6,34,35,0,1,1,2
6,6,34,35,1,0,1,3
6,6,35,36,0,1,1,2
6,6,35,36,1,0,1,3
6,6,36,37,0,1,1,2
6,6,36,37,1,0,1,3
6,6,37,38,0,1,1,2
6,6,37,38,1,0,1,3
6,6,38,39,0,1,1,2
6,6,38,39,1,0,1,3
6,6,39,40,0,1,1,2
6,6,39,40,1,0,1,3
6,6,40,41,0,1,1,2
6,6,40,41,1,0,1,3
6,6,41,42,0,1,1,2
6,6,41,42,1,0,1,3
6,6,42,43,0,1,1,2
6,6,42,43,1,0,1,3
6,6,43,44,0,1,1,2
6,6,43,44,1,0,1,3
6,6,44,45,0,1,1,2
6,6,44,45,1,0,1,3
6,6,45,46,0,1,1,2
6,6,45,46,1,0,1,3
6,6,46,47,0,1,1,2
6,6,46,47,1,0,1,3
6,6,47,48,0,1,1,2
6,6,47,48,1,0,1,3
6,6,48,49,0,1,1,2
6,6,48,49,1,0,1,3
6,6,49,50,0,1,1,2
6,6,49,50,1,0,1,3
7,7,0,1,0,1,1,2
7,7,0,1,1,0,1,3
7,7,1,2,0,1,1,2
7,7,1,2,1,0,1,3
7,7,2,3,0,1,1,2
7,7,2,3,1,0,1,3
7,7,3,4,0,1,1,2
7,7,3,4,1,0,1,3
7,7,4,5,0,1,1,2
7,7,4,5,1,0,1,3
7,7,5,6,0,1,1,2
7,7,5,6,1,0,1,3
7,7,6,7,0,1,1,2
7,7,6,7,1,0,1,3
7,7,7,8,0,1,1,2
7,7,7,8,1,0,1,3
7,7,8,9,0,1,1,2
7,7,8,9,1,0,1,3
7,7,9,10,0,1,1,2
7,7,9,10,1,0,1,3
7,7,10,11,0,1,1,2
7,7,10,11,1,0,1,3
7,7,11,12,0,1,1,2
7,7,11,12,1,0,1,3
7,7,12,13,0,1,1,2
7,7,12,13,1,0,1,3
7,7,13,14,0,1,1,2
7,7,13,14,1,0,1,3
7,7,14,15,0,1,1,2
7,7,14,15,1,0,1,3
7,7,15,16,0,1,1,2
7,7,15,16,1,0,1,3
7,7,16,17,0,1,1,2
7,7,16,17,1,0,1,3
7,7,17,18,0,1,1,2
7,7,17,18,1,0,1,3
7,7,18,19,0,1,1,2
7,7,18,19,1,0,1,3
7,7,19,20,0,1,1,2
7,7,19,20,1,0,1,3
7,7,20,21,0,1,1,2
7,7,20,21,1,0,1,3
7,7,21,22,0,1,1,2
7,7,21,22,1,0,1,3
7,7,22,23,0,1,1,2
7,7,22,23,1,0,1,3
7,7,23,24,0,1,1,2
7,7,23,24,1,0,1,3
7,7,24,25,0,1,1,2
7,7,24,25,1,0,1,3
7,7,25,26,0,1,1,2
7,7,25,26,1,0,1,3
7,7,26,27,0,1,1,2
7,7,26,27,1,0,1,3
7,7,27,28,0,1,1,2
7,7,27,28,1,0,1,3
7,7,28,29,0,1,1,2
7,7,28,29,1,0,1,3
7,7,29,30,0,1,1,2
7,7,29,30,1,0,1,3
7,7,30,31,0,1,1,2
7,7,30,31,1,0,1,3
7,7,31,32,0,1,1,2
7,7,31,32,1,0,1,3
7,7,32,33,0,1,1,2
7,7,32,33,1,0,1,3
7,7,33,34,0,1,1,2
7,7,33,34,1,0,1,3
7,7,34,35,0,1,1,2
7,7,34,35,1,0,1,3
7,7,35,36,0,1,1,2
7,7,35,36,1,0,1,3
7,7,36,37,0,1,1,2
7,7,36,37,1,0,1,3
7,7,37,38,0,1,1,2
7,7,37,38,1,0,1,3
7,7,38,39,0,1,1,2
7,7,38,39,1,0,1,3
7,7,39,40,0,1,1,2
7,7,39,40,1,0,1,3
7,7,40,41,0,1,1,2
7,7,40,41,1,0,1,3
7,7,41,42,0,1,1,2
7,7,41,42,1,0,1,3
7,7,42,43,0,1,1,2
7,7,42,43,1,0,1,3
7,7,43,44,0,1,1,2
7,7,43,44,1,0,1,3
7,7,44,45,0,1,1,2
7,7,44,45,1,0,1,3
7,7,45,46,0,1,1,2
7,7,45,46,1,0,1,3
7,7,46,47,0,1,1,2
7,7,46,47,1,0,1,3
7,7,47,48,0,1,1,2
7,7,47,48,1,0,1,3
7,7,48,49,0,1,1,2
7,7,48,49,1,0,1,3
7,7,49,50,0,1,1,2
7,7,49,50,1,0,1,3
9,9,0,1,0,1,1,2
9,9,0,1,1,0,1,3
9,9,1,2,0,1,1,2
9,9,1,2,1,0,1,3
9,9,2,3,0,1,1,2
9,9,2,3,1,0,1,3
9,9,3,4,0,1,1,2
9,9,3,4,1,0,1,3
9,9,4,5,0,1,1,2
9,9,4,5,1,0,1,3
9,9,5,6,0,1,1,2
9,9,5,6,1,0,1,3
9,9,6,7,0,1,1,2
9,9,6,7,1,0,1,3
9,9,7,8,0,1,1,2
9,9,7,8,1,0,1,3
9,9,8,9,0,1,1,2
9,9,8,9,1,0,1,3
9,9,9,10,0,1,1,2
9,9,9,10,1,0,1,3
9,9,10,11,0,1,1,2
9,9,10,11,1,0,1,3
9,9,11,12,0,1,1,2
9,9,11,12,1,0,1,3
9,9,12,13,0,1,1,2
9,9,12,13,1,0,1,3
9,9,13,14,0,1,1,2
9,9,13,14,1,0,1,3
9,9,14,15,0,1,1,2
9,9,14,15,1,0,1,3
9,9,15,16,0,1,1,2
9,9,15,16,1,0,1,3
9,9,16,17,0,1,1,2
9,9,16,17,1,0,1,3
9,9,17,18,0,1,1,2
9,9,17,18,1,0,1,3
9,9,18,19,0,1,1,2
9,9,18,19,1,0,1,3
9,9,19,20,0,1,1,2
9,9,19,20,1,0,1,3
9,9,20,21,0,1,1,2
9,9,20,21,1,0,1,3
9,9,21,22,0,1,1,2
9,9,21,22,1,0,1,3
9,9,22,23,0,1,1,2
9,9,22,23,1,0,1,3
9,9,23,24,0,1,1,2
9,9,23,24,1,0,1,3
9,9,24,25,0,1,1,2
9,9,24,25,1,0,1,3
9,9,25,26,0,1,1,2
9,9,25,26,1,0,1,3
9,9,26,27,0,1,1,2
9,9,26,27,1,0,1,3
9,9,27,28,0,1,1,2
9,9,27,28,1,0,1,3
9,9,28,29,0,1,1,2
9,9,28,29,1,0,1,3
9,9,29,30,0,1,1,2
9,9,29,30,1,0,1,3
9,9,30,31,0,1,1,2
9,9,30,31,1,0,1,3
9,9,31,32,0,1,1,2
9,9,31,32,1,0,1,3
9,9,32,33,0,1,1,2
9,9,32,33,1,0,1,3
9,9,33,34,0,1,1,2
9,9,33,34,1,0,1,3
9,9,34,35,0,1,1,2
9,9,34,35,1,0,1,3
9,9,35,36,0,1,1,2
9,9,35,36,1,0,1,3
9,9,36,37,0,1,1,2
9,9,36,37,1,0,1,3
9,9,37,38,0,1,1,2
9,9,37,38,1,0,1,3
9,9,38,39,0,1,1,2
9,9,38,39,1,0,1,3
9,9,39,40,0,1,1,2
9,9,39,40,1,0,1,3
9,9,40,41,0,1,1,2
9,9,40,41,1,0,1,3
9,9,41,42,0,1,1,2
9,9,41,42,1,0,1,3
9,9,42,43,0,1,1,2
9,9,42,43,1,0,1,3
9,9,43,44,0,1,1,2
9,9,43,44,1,0,1,3
9,9,44,45,0,1,1,2
9,9,44,45,1,0,1,3
9,9,45,46,0,1,1,2
9,9,45,46,1,0,1,3
9,9,46,47,0,1,1,2
9,9,46,47,1,0,1,3
9,9,47,48,0,1,1,2
9,9,47,48,1,0,1,3
9,9,48,49,0,1,1,2
9,9,48,49,1,0,1,3
9,9,49,50,0,1,1,2
9,9,49,50,1,0,1,3
10,10,0,1,0,1,1,2
10,10,0,1,1,0,1,3
10,10,1,2,0,1,1,2
10,10,1,2,1,0,1,3
10,10,2,3,0,1,1,2
10,10,2,3,1,0,1,3
10,10,3,4,0,1,1,2
10,10,3,4,1,0,1,3
10,10,4,5,0,1,1,2
10,10,4,5,1,0,1,3
10,10,5,6,0,1,1,2
10,10,5,6,1,0,1,3
10,10,6,7,0,1,1,2
10,10,6,7,1,0,1,3
10,10,7,8,0,1,1,2
10,10,7,8,1,0,1,3
10,10,8,9,0,1,1,2
10,10,8,9,1,0,1,3
10,10,9,10,0,1,1,2
10,10,9,10,1,0,1,3
10,10,10,11,0,1,1,2
10,10,10,11,1,0,1,3
10,10,11,12,0,1,1,2
10,10,11,12,1,0,1,3
10,10,12,13,0,1,1,2
10,10,12,13,1,0,1,3
10,10,13,14,0,1,1,2
10,10,13,14,1,0,1,3
10,10,14,15,0,1,1,2
10,10,14,15,1,0,1,3
10,10,15,16,0,1,1,2
10,10,15,16,1,0,1,3
10,10,16,17,0,1,1,2
10,10,16,17,1,0,1,3
10,10,17,18,0,1,1,2
10,10,17,18,1,0,1,3
10,10,18,19,0,1,1,2
10,10,18,19,1,0,1,3
10,10,19,20,0,1,1,2
10,10,19,20,1,0,1,3
10,10,20,21,0,1,1,2
10,10,20,21,1,0,1,3
10,10,21,22,0,1,1,2
10,10,21,22,1,0,1,3
10,10,22,23,0,1,1,2
10,10,22,23,1,0,1,3
10,10,23,24,0,1,1,2
10,10,23,24,1,0,1,3
10,10,24,25,0,1,1,2
10,10,24,25,1,0,1,3
10,10,25,26,0,1,1,2
10,10,25,26,1,0,1,3
10,10,26,27,0,1,1,2
10,10,26,27,1,0,1,3
10,10,27,28,0,1,1,2
10,10,27,28,1,0,1,3
10,10,28,29,0,1,1,2
10,10,28,29,1,0,1,3
10,10,29,30,0,1,1,2
10,10,29,30,1,0,1,3
10,10,30,31,0,1,1,2
10,10,30,31,1,0,1,3
10,10,31,32,0,1,1,2
10,10,31,32,1,0,1,3
10,10,32,33,0,1,1,2
10,10,32,33,1,0,1,3
10,10,33,34,0,1,1,2
10,10,33,34,1,0,1,3
10,10,34,35,0,1,1,2
10,10,34,35,1,0,1,3
10,10,35,36,0,1,1,2
10,10,35,36,1,0,1,3
10,10,36,37,0,1,1,2
10,10,36,37,1,0,1,3
10,10,37,38,0,1,1,2
10,10,37,38,1,0,1,3
10,10,38,39,0,1,1,2
10,10,38,39,1,0,1,3
10,10,39,40,0,1,1,2
10,10,39,40,1,0,1,3
10,10,40,41,0,1,1,2
10,10,40,41,1,0,1,3
10,10,41,42,0,1,1,2
10,10,41,42,1,0,1,3
10,10,42,43,0,1,1,2
10,10,42,43,1,0,1,3
10,10,43,44,0,1,1,2
10,10,43,44,1,0,1,3
10,10,44,45,0,1,1,2
10,10,44,45,1,0,1,3
10,10,45,46,0,1,1,2
10,10,45,46,1,0,1,3
10,10,46,47,0,1,1,2
10,10,46,47,1,0,1,3
10,10,47,48,0,1,1,2
10,10,47,48,1,0,1,3
10,10,48,49,0,1,1,2
10,10,48,49,1,0,1,3
10,10,49,50,0,1,1,2
10,10,49,50,1,0,1,3
11,11,0,1,0,1,1,2
11,11,0,1,1,0,1,3
11,11,1,2,0,1,1,2
11,11,1,2,1,0,1,3
11,11,2,3,0,1,1,2
11,11,2,3,1,0,1,3
11,11,3,4,0,1,1,2
11,11,3,4,1,0,1,3
11,11,4,5,0,1,1,2
11,11,4,5,1,0,1,3
11,11,5,6,0,1,1,2
11,11,5,6,1,0,1,3
11,11,6,7,0,1,1,2
11,11,6,7,1,0,1,3
11,11,7,8,0,1,1,2
11,11,7,8,1,0,1,3
11,11,8,9,0,1,1,2
11,11,8,9,1,0,1,3
11,11,9,10,0,1,1,2
11,11,9,10,1,0,1,3
11,11,10,11,0,1,1,2
11,11,10,11,1,0,1,3
11,11,11,12,0,1,1,2
11,11,11,12,1,0,1,3
11,11,12,13,0,1,1,2
11,11,12,13,1,0,1,3
11,11,13,14,0,1,1,2
11,11,13,14,1,0,1,3
11,11,14,15,0,1,1,2
11,11,14,15,1,0,1,3
11,11,15,16,0,1,1,2
11,11,15,16,1,0,1,3
11,11,16,17,0,1,1,2
11,11,16,17,1,0,1,3
11,11,17,18,0,1,1,2
11,11,17,18,1,0,1,3
11,11,18,19,0,1,1,2
11,11,18,19,1,0,1,3
11,11,19,20,0,1,1,2
11,11,19,20,1,0,1,3
11,11,20,21,0,1,1,2
11,11,20,21,1,0,1,3
11,11,21,22,0,1,1,2
11,11,21,22,1,0,1,3
11,11,22,23,0,1,1,2
11,11,22,23,1,0,1,3
11,11,23,24,0,1,1,2
11,11,23,24,1,0,1,3
11,11,24,25,0,1,1,2
11,11,24,25,1,0,1,3
11,11,25,26,0,1,1,2
11,11,25,26,1,0,1,3
11,11,26,27,0,1,1,2
11,11,26,27,1,0,1,3
11,11,27,28,0,1,1,2
11,11,27,28,1,0,1,3
11,11,28,29,0,1,1,2
11,11,28,29,1,0,1,3
11,11,29,30,0,1,1,2
11,11,29,30,1,0,1,3
11,11,30,31,0,1,1,2
11,11,30,31,1,0,1,3
11,11,31,32,0,1,1,2
11,11,31,32,1,0,1,3
11,11,32,33,0,1,1,2
11,11,32,33,1,0,1,3
11,11,33,34,0,1,1,2
11,11,33,34,1,0,1,3
11,11,34,35,0,1,1,2
11,11,34,35,1,0,1,3
11,11,35,36,0,1,1,2
11,11,35,36,1,0,1,3
11,11,36,37,0,1,1,2
11,11,36,37,1,0,1,3
11,11,37,38,0,1,1,2
11,11,37,38,1,0,1,3
11,11,38,39,0,1,1,2
11,11,38,39,1,0,1,3
11,11,39,40,0,1,1,2
11,11,39,40,1,0,1,3
11,11,40,41,0,1,1,2
11,11,40,41,1,0,1,3
11,11,41,42,0,1,1,2
11,11,41,42,1,0,1,3
11,11,42,43,0,1,1,2
11,11,42,43,1,0,1,3
11,11,43,44,0,1,1,2
11,11,43,44,1,0,1,3
11,11,44,45,0,1,1,2
11,11,44,45,1,0,1,3
11,11,45,46,0,1,1,2
11,11,45,46,1,0,1,3
11,11,46,47,0,1,1,2
11,11,46,47,1,0,1,3
11,11,47,48,0,1,1,2
11,11,47,48,1,0,1,3
11,11,48,49,0,1,1,2
11,11,48,49,1,0,1,3
11,11,49,50,0,1,1,2
11,11,49,50,1,0,1,3
12,12,0,1,0,1,1,2
12,12,0,1,1,0,1,3
12,12,1,2,0,1,1,2
12,12,1,2,1,0,1,3
12,12,2,3,0,1,1,2
12,12,2,3,1,0,1,3
12,12,3,4,0,1,1,2
12,12,3,4,1,0,1,3
12,12,4,5,0,1,1,2
12,12,4,5,1,0,1,3
12,12,5,6,0,1,1,2
12,12,5,6,1,0,1,3
12,12,6,7,0,1,1,2
12,12,6,7,1,0,1,3
12,12,7,8,0,1,1,2
12,12,7,8,1,0,1,3
12,12,8,9,0,1,1,2
12,12,8,9,1,0,1,3
12,12,9,10,0,1,1,2
12,12,9,10,1,0,1,3
12,12,10,11,0,1,1,2
12,12,10,11,1,0,1,3
12,12,11,12,0,1,1,2
12,12,11,12,1,0,1,3
12,12,12,13,0,1,1,2
12,12,12,13,1,0,1,3
12,12,13,14,0,1,1,2
12,12,13,14,1,0,1,3
12,12,14,15,0,1,1,2
12,12,14,15,1,0,1,3
12,12,15,16,0,1,1,2
12,12,15,16,1,0,1,3
12,12,16,17,0,1,1,2
12,12,16,17,1,0,1,3
12,12,17,18,0,1,1,2
12,12,17,18,1,0,1,3
12,12,18,19,0,1,1,2
12,12,18,19,1,0,1,3
12,12,19,20,0,1,1,2
12,12,19,20,1,0,1,3
12,12,20,21,0,1,1,2
12,12,20,21,1,0,1,3
12,12,21,22,0,1,1,2
12,12,21,22,1,0,1,3
12,12,22,23,0,1,1,2
12,12,22,23,1,0,1,3
12,12,23,24,0,1,1,2
12,12,23,24,1,0,1,3
12,12,24,25,0,1,1,2
12,12,24,25,1,0,1,3
12,12,25,26,0,1,1,2
12,12,25,26,1,0,1,3
12,12,26,27,0,1,1,2
12,12,26,27,1,0,1,3
12,12,27,28,0,1,1,2
12,12,27,28,1,0,1,3
12,12,28,29,0,1,1,2
12,12,28,29,1,0,1,3
12,12,29,30,0,1,1,2
12,12,29,30,1,0,1,3
12,12,30,31,0,1,1,2
12,12,30,31,1,0,1,3
12,12,31,32,0,1,1,2
12,12,31,32,1,0,1,3
12,12,32,33,0,1,1,2
12,12,32,33,1,0,1,3
12,12,33,34,0,1,1,2
12,12,33,34,1,0,1,3
12,12,34,35,0,1,1,2
12,12,34,35,1,0,1,3
12,12,35,36,0,1,1,2
12,12,35,36,1,0,1,3
12,12,36,37,0,1,1,2
12,12,36,37,1,0,1,3
12,12,37,38,0,1,1,2
12,12,37,38,1,0,1,3
12,12,38,39,0,1,1,2
12,12,38,39,1,0,1,3
12,12,39,40,0,1,1,2
12,12,39,40,1,0,1,3
12,12,40,41,0,1,1,2
12,12,40,41,1,0,1,3
12,12,41,42,0,1,1,2
12,12,41,42,1,0,1,3
12,12,42,43,0,1,1,2
12,12,42,43,1,0,1,3
12,12,43,44,0,1,1,2
12,12,43,44,1,0,1,3
12,12,44,45,0,1,1,2
12,12,44,45,1,0,1,3
12,12,45,46,0,1,1,2
12,12,45,46,1,0,1,3
12,12,46,47,0,1,1,2
12,12,46,47,1,0,1,3
12,12,47,48,0,1,1,2
12,12,47,48,1,0,1,3
12,12,48,49,0,1,1,2
12,12,48,49,1,0,1,3
12,12,49,50,0,1,1,2
12,12,49,50,1,0,1,3
13,13,0,1,0,1,1,2
13,13,0,1,1,0,1,3
13,13,1,2,0,1,1,2
13,13,1,2,1,0,1,3
13,13,2,3,0,1,1,2
13,13,2,3,1,0,1,3
13,13,3,4,0,1,1,2
13,13,3,4,1,0,1,3
13,13,4,5,0,1,1,2
13,13,4,5,1,0,1,3
13,13,5,6,0,1,1,2
13,13,5,6,1,0,1,3
13,13,6,7,0,1,1,2
13,13,6,7,1,0,1,3
13,13,7,8,0,1,1,2
13,13,7,8,1,0,1,3
13,13,8,9,0,1,1,2
13,13,8,9,1,0,1,3
13,13,9,10,0,1,1,2
13,13,9,10,1,0,1,3
13,13,10,11,0,1,1,2
13,13,10,11,1,0,1,3
13,13,11,12,0,1,1,2
13,13,11,12,1,0,1,3
13,13,12,13,0,1,1,2
13,13,12,13,1,0,1,3
13,13,13,14,0,1,1,2
13,13,13,14,1,0,1,3
13,13,14,15,0,1,1,2
13,13,14,15,1,0,1,3
13,13,15,16,0,1,1,2
13,13,15,16,1,0,1,3
13,13,16,17,0,1,1,2
13,13,16,17,1,0,1,3
13,13,17,18,0,1,1,2
13,13,17,18,1,0,1,3
13,13,18,19,0,1,1,2
13,13,18,19,1,0,1,3
13,13,19,20,0,1,1,2
13,13,19,20,1,0,1,3
13,13,20,21,0,1,1,2
13,13,20,21,1,0,1,3
13,13,21,22,0,1,1,2
13,13,21,22,1,0,1,3
13,13,22,23,0,1,1,2
13,13,22,23,1,0,1,3
13,13,23,24,0,1,1,2
13,13,23,24,1,0,1,3
13,13,24,25,0,1,1,2
13,13,24,25,1,0,1,3
13,13,25,26,0,1,1,2
13,13,25,26,1,0,1,3
13,13,26,27,0,1,1,2
13,13,26,27,1,0,1,3
13,13,27,28,0,1,1,2
13,13,27,28,1,0,1,3
13,13,28,29,0,1,1,2
13,13,28,29,1,0,1,3
13,13,29,30,0,1,1,2
13,13,29,30,1,0,1,3
13,13,30,31,0,1,1,2
13,13,30,31,1,0,1,3
13,13,31,32,0,1,1,2
13,13,31,32,1,0,1,3
13,13,32,33,0,1,1,2
13,13,32,33,1,0,1,3
13,13,33,34,0,1,1,2
13,13,33,34,1,0,1,3
13,13,34,35,0,1,1,2
13,13,34,35,1,0,1,3
13,13,35,36,0,1,1,2
13,13,35,36,1,0,1,3
13,13,36,37,0,1,1,2
13,13,36,37,1,0,1,3
13,13,37,38,0,1,1,2
13,13,37,38,1,0,1,3
13,13,38,39,0,1,1,2
13,13,38,39,1,0,1,3
13,13,39,40,0,1,1,2
13,13,39,40,1,0,1,3
13,13,40,41,0,1,1,2
13,13,40,41,1,0,1,3
13,13,41,42,0,1,1,2
13,13,41,42,1,0,1,3
13,13,42,43,0,1,1,2
13,13,42,43,1,0,1,3
13,13,43,44,0,1,1,2
13,13,43,44,1,0,1,3
13,13,44,45,0,1,1,2
13,13,44,45,1,0,1,3
13,13,45,46,0,1,1,2
13,13,45,46,1,0,1,3
13,13,46,47,0,1,1,2
13,13,46,47,1,0,1,3
13,13,47,48,0,1,1,2
13,13,47,48,1,0,1,3
13,13,48,49,0,1,1,2
13,13,48,49,1,0,1,3
13,13,49,50,0,1,1,2
13,13,49,50,1,0,1,3
14,14,0,1,0,1,1,2
14,14,0,1,1,0,1,3
14,14,1,2,0,1,1,2
14,14,1,2,1,0,1,3
14,14,2,3,0,1,1,2
14,14,2,3,1,0,1,3
14,14,3,4,0,1,1,2
14,14,3,4,1,0,1,3
14,14,4,5,0,1,1,2
14,14,4,5,1,0,1,3
14,14,5,6,0,1,1,2
14,14,5,6,1,0,1,3
14,14,6,7,0,1,1,2
14,14,6,7,1,0,1,3
14,14,7,8,0,1,1,2
14,14,7,8,1,0,1,3
14,14,8,9,0,1,1,2
14,14,8,9,1,0,1,3
14,14,9,10,0,1,1,2
14,14,9,10,1,0,1,3
14,14,10,11,0,1,1,2
14,14,10,11,1,0,1,3
14,14,11,12,0,1,1,2
14,14,11,12,1,0,1,3
14,14,12,13,0,1,1,2
14,14,12,13,1,0,1,3
14,14,13,14,0,1,1,2
14,14,13,14,1,0,1,3
14,14,14,15,0,1,1,2
14,14,14,15,1,0,1,3
14,14,15,16,0,1,1,2
14,14,15,16,1,0,1,3
14,14,16,17,0,1,1,2
14,14,16,17,1,0,1,3
14,14,17,18,0,1,1,2
14,14,17,18,1,0,1,3
14,14,18,19,0,1,1,2
14,14,18,19,1,0,1,3
14,14,19,20,0,1,1,2
14,14,19,20,1,0,1,3
14,14,20,21,0,1,1,2
14,14,20,21,1,0,1,3
14,14,21,22,0,1,1,2
14,14,21,22,1,0,1,3
14,14,22,23,0,1,1,2
14,14,22,23,1,0,1,3
14,14,23,24,0,1,1,2
14,14,23,24,1,0,1,3
14,14,24,25,0,1,1,2
14,14,24,25,1,0,1,3
14,14,25,26,0,1,1,2
14,14,25,26,1,0,1,3
14,14,26,27,0,1,1,2
14,14,26,27,1,0,1,3
14,14,27,28,0,1,1,2
14,14,27,28,1,0,1,3
14,14,28,29,0,1,1,2
14,14,28,29,1,0,1,3
14,14,29,30,0,1,1,2
14,14,29,30,1,0,1,3
14,14,30,31,0,1,1,2
14,14,30,31,1,0,1,3
14,14,31,32,0,1,1,2
14,14,31,32,1,0,1,3
14,14,32,33,0,1,1,2
14,14,32,33,1,0,1,3
14,14,33,34,0,1,1,2
14,14,33,34,1,0,1,3
14,14,34,35,0,1,1,2
14,14,34,35,1,0,1,3
14,14,35,36,0,1,1,2
14,14,35,36,1,0,1,3
14,14,36,37,0,1,1,2
14,14,36,37,1,0,1,3
14,14,37,38,0,1,1,2
14,14,37,38,1,0,1,3
14,14,38,39,0,1,1,2
14,14,38,39,1,0,1,3
14,14,39,40,0,1,1,2
14,14,39,40,1,0,1,3
14,14,40,41,0,1,1,2
14,14,40,41,1,0,1,3
14,14,41,42,0,1,1,2
14,14,41,42,1,0,1,3
14,14,42,43,0,1,1,2
14,14,42,43,1,0,1,3
14,14,43,44,0,1,1,2
14,14,43,44,1,0,1,3
14,14,44,45,0,1,1,2
14,14,44,45,1,0,1,3
14,14,45,46,0,1,1,2
14,14,45,46,1,0,1,3
14,14,46,47,0,1,1,2
14,14,46,47,1,0,1,3
14,14,47,48,0,1,1,2
14,14,47,48,1,0,1,3
14,14,48,49,0,1,1,2
14,14,48,49,1,0,1,3
14,14,49,50,0,1,1,2
14,14,49,50,1,0,1,3
15,15,0,1,0,1,1,2
15,15,0,1,1,0,1,3
15,15,1,2,0,1,1,2
15,15,1,2,1,0,1,3
15,15,2,3,0,1,1,2
15,15,2,3,1,0,1,3
15,15,3,4,0,1,1,2
15,15,3,4,1,0,1,3
15,15,4,5,0,1,1,2
15,15,4,5,1,0,1,3
15,15,5,6,0,1,1,2
15,15,5,6,1,0,1,3
15,15,6,7,0,1,1,2
15,15,6,7,1,0,1,3
15,15,7,8,0,1,1,2
15,15,7,8,1,0,1,3
15,15,8,9,0,1,1,2
15,15,8,9,1,0,1,3
15,15,9,10,0,1,1,2
15,15,9,10,1,0,1,3
15,15,10,11,0,1,1,2
15,15,10,11,1,0,1,3
15,15,11,12,0,1,1,2
15,15,11,12,1,0,1,3
15,15,12,13,0,1,1,2
15,15,12,13,1,0,1,3
15,15,13,14,0,1,1,2
15,15,13,14,1,0,1,3
15,15,14,15,0,1,1,2
15,15,14,15,1,0,1,3
15,15,15,16,0,1,1,2
15,15,15,16,1,0,1,3
15,15,16,17,0,1,1,2
15,15,16,17,1,0,1,3
15,15,17,18,0,1,1,2
15,15,17,18,1,0,1,3
15,15,18,19,0,1,1,2
15,15,18,19,1,0,1,3
15,15,19,20,0,1,1,2
15,15,19,20,1,0,1,3
15,15,20,21,0,1,1,2
15,15,20,21,1,0,1,3
15,15,21,22,0,1,1,2
15,15,21,22,1,0,1,3
15,15,22,23,0,1,1,2
15,15,22,23,1,0,1,3
15,15,23,24,0,1,1,2
15,15,23,24,1,0,1,3
15,15,24,25,0,1,1,2
15,15,24,25,1,0,1,3
15,15,25,26,0,1,1,2
15,15,25,26,1,0,1,3
15,15,26,27,0,1,1,2
15,15,26,27,1,0,1,3
15,15,27,28,0,1,1,2
15,15,27,28,1,0,1,3
15,15,28,29,0,1,1,2
15,15,28,29,1,0,1,3
15,15,29,30,0,1,1,2
15,15,29,30,1,0,1,3
15,15,30,31,0,1,1,2
15,15,30,31,1,0,1,3
15,15,31,32,0,1,1,2
15,15,31,32,1,0,1,3
15,15,32,33,0,1,1,2
15,15,32,33,1,0,1,3
15,15,33,34,0,1,1,2
15,15,33,34,1,0,1,3
15,15,34,35,0,1,1,2
15,15,34,35,1,0,1,3
15,15,35,36,0,1,1,2
15,15,35,36,1,0,1,3
15,15,36,37,0,1,1,2
15,15,36,37,1,0,1,3
15,15,37,38,0,1,1,2
15,15,37,38,1,0,1,3
15,15,38,39,0,1,1,2
15,15,38,39,1,0,1,3
15,15,39,40,0,1,1,2
15,15,39,40,1,0,1,3
15,15,40,41,0,1,1,2
15,15,40,41,1,0,1,3
15,15,41,42,0,1,1,2
15,15,41,42,1,0,1,3
15,15,42,43,0,1,1,2
15,15,42,43,1,0,1,3
15,15,43,44,0,1,1,2
15,15,43,44,1,0,1,3
15,15,44,45,0,1,1,2
15,15,44,45,1,0,1,3
15,15,45,46,0,1,1,2
15,15,45,46,1,0,1,3
15,15,46,47,0,1,1,2
15,15,46,47,1,0,1,3
15,15,47,48,0,1,1,2
15,15,47,48,1,0,1,3
15,15,48,49,0,1,1,2
15,15,48,49,1,0,1,3
15,15,49,50,0,1,1,2
15,15,49,50,1,0,1,3
